Sex,Weight,Age,FollowUpDate,ArtStartDate,FollowUpStatus,next_visit_date,ARVRegimen,RegimenLine,ARTDoseDays,Prev_CSS_Screen_Done_Date_Calculated,Prev_AppointmentDate_4_CCS,EligibilityReason,Prev_Screen_Type,Prev_Screen_Method,Prev_HPV_SubType,Prev_HPV_DAN_SampleCollected_Date,Prev_HPV_DAN_ResultReceived_Date,Prev_HPV_Result,Prev_VIA_Screening_Date,Prev_VIA_Screening_Result,Prev_Cytology_SampleCollected_Date,Prev_Cytology_ResultReceived_Date,Prev_Cytology_Result,Prev_Colposcopy_Exam_Date,Prev_Colposcopy_Exam_Result,Prev_Biopsy_SampleCollected_Date,Prev_Biopsy_ResultReceived_Date,Prev_Biopsy_Result,Prev_TX_Received_for_PrecancerousLesion,Prev_TX_for_ConfirmedCxCaBasedOn_Biopsy,Prev_Date_TX_Given,Prev_ReferralStatus,Prev_Reason_for_Referral,Prev_Date_Referred_to_OtherHF,Prev_Date_Client_Arrived_in_RefferedHF,Prev_Date_Client_Served_in_RefferedHF,Prev_CCS_Screen_Result,Seen,Curr_CSS_Screen_Done_Date_Calculated,Counselled,Accepted,Curr_Screen_Type,Curr_Screen_Method,Curr_HPV_SubType,Curr_HPV_DAN_SampleCollected_Date,Curr_HPV_DAN_ResultReceived_Date,Curr_HPV_Result,Curr_VIA_Screening_Date,Curr_VIA_Screening_Result,Curr_Cytology_SampleCollected_Date,Curr_Cytology_ResultReceived_Date,Curr_Cytology_Result,Curr_Colposcopy_Exam_Date,Curr_Colposcopy_Exam_Result,Curr_Biopsy_SampleCollected_Date,Curr_Biopsy_ResultReceived_Date,Curr_Biopsy_Result,Curr_TX_Received_for_PrecancerousLesion,Curr_TX_for_ConfirmedCxCaBasedOn_Biopsy,Curr_Date_TX_Given,Curr_ReferralStatus,Curr_Reason_for_Referral,Curr_Date_Referred_to_OtherHF,Curr_Date_Client_Arrived_in_RefferedHF,Curr_Date_Client_Served_in_RefferedHF,Curr_CCS_Screen_Result,Next_AppointmentDate_4_CCS,PatientGUID,Region,Woreda,Facility,HMISCode
F,38,33,2024-08-26,2019-01-09,Alive,2024-11-24,1j - TDF+3TC+DTG,1j - TDF+3TC+DTG,90,2022-06-17,,Need Post Tx FU Screening,Initial visit,Visual Inspection of the Cervix with Acetic Acid (VIA),,,,Negative result,2022-06-17,suspected cervical cancer,,,Negative result,,,,,,Thermocauterization of cervix,,2022-06-17,,,,,,HPV_Negative,No,,,,,,,,,,,,,,,,,,,,,,,,,,,,,,06352f3332e940599808e2fe2e1f988f,SNNPR,Gedeo,DillaHealthCenter,7050740093
F,64,37,2024-09-16,2024-06-13,Alive,2024-12-13,1j - TDF+3TC+DTG,1j - TDF+3TC+DTG,90,,,Never Screened,,,,,,,,,,,,,,,,,,,,,,,,,,Yes,,,,,,,,,,,,,,,,,,,,,,,,,,,,,,076b8ddefa714f85ab697c9f2482c876,SNNPR,Gedeo,DillaHealthCenter,7050740093
F,48,50,2024-08-17,2024-06-18,Alive,2024-09-13,1j - TDF+3TC+DTG,1j - TDF+3TC+DTG,30,,,Never Screened,,,,,,,,,,,,,,,,,,,,,,,,,,No,,,,,,,,,,,,,,,,,,,,,,,,,,,,,,095423bf6e9d45eca1b1e9b1333cb310,SNNPR,Gedeo,DillaHealthCenter,7050740093
F,40,26,2024-06-07,2023-03-14,Alive,2024-09-03,1j - TDF+3TC+DTG,1j - TDF+3TC+DTG,90,,,Never Screened,,,,,,,,,,,,,,,,,,,,,,,,,,No,,,,,,,,,,,,,,,,,,,,,,,,,,,,,,09d77930a5a7483fba66ca8782ba17aa,SNNPR,Gedeo,DillaHealthCenter,7050740093
F,46,17,2024-07-25,2023-08-29,Alive,2024-10-21,1j - TDF+3TC+DTG,1j - TDF+3TC+DTG,90,,,Never Screened,,,,,,,,,,,,,,,,,,,,,,,,,,No,,,,,,,,,,,,,,,,,,,,,,,,,,,,,,0b34904caa7b48b5b358a52b58f02b70,SNNPR,Gedeo,DillaHealthCenter,7050740093
F,52,56,2024-05-06,2018-08-30,Alive,2024-11-02,1j - TDF+3TC+DTG,1j - TDF+3TC+DTG,180,,,Never Screened,,,,,,,,,,,,,,,,,,,,,,,,,,No,,,,,,,,,,,,,,,,,,,,,,,,,,,,,,0b4d107937ab4556833e68f269e71955,SNNPR,Gedeo,DillaHealthCenter,7050740093
F,50,24,2024-06-12,2021-03-25,Alive,2024-09-13,1j - TDF+3TC+DTG,1j - TDF+3TC+DTG,90,,,Never Screened,,,,,,,,,,,,,,,,,,,,,,,,,,No,,,,,,,,,,,,,,,,,,,,,,,,,,,,,,0e04b99a680a463a88aba53c2444a6f6,SNNPR,Gedeo,DillaHealthCenter,7050740093
F,49,21,2024-06-05,2023-07-27,Alive,2024-09-01,1j - TDF+3TC+DTG,1j - TDF+3TC+DTG,90,2023-07-27,2024-01-23,Need Post Tx FU Screening,Initial visit,Visual Inspection of the Cervix with Acetic Acid (VIA),,,,Negative result,2023-07-27,VIA positive: eligible for cryo/thermo-coagula,,,Negative result,,Normal,,,,Thermocauterization of cervix,,2023-07-27,,,,,,HPV_Positive,No,,,,,,,,,,,,,,,,,,,,,,,,,,,,,,13170a6e81fd4b0eb258b2d0d413e990,SNNPR,Gedeo,DillaHealthCenter,7050740093
F,45,48,2024-06-09,2014-07-01,Alive,2024-12-10,1j - TDF+3TC+DTG,1j - TDF+3TC+DTG,180,2022-09-14,2024-09-13,Need Re-Screening,Initial visit,Visual Inspection of the Cervix with Acetic Acid (VIA),,,,Negative result,2022-09-14,VIA negative,,,Negative result,,,,,,,,,,,,,,HPV_Negative,No,,,,,,,,,,,,,,,,,,,,,,,,,,,,,,138241e7438c4e38a9dfbdeacc065237,SNNPR,Gedeo,DillaHealthCenter,7050740093
F,42,44,2024-08-27,2017-03-05,Alive,2024-11-24,1j - TDF+3TC+DTG,1j - TDF+3TC+DTG,90,2021-08-25,2023-08-25,Need Re-Screening,Initial visit,Visual Inspection of the Cervix with Acetic Acid (VIA),,,,Negative result,,VIA negative,,,Negative result,,Normal,,,,,,,,,,,,HPV_Negative,Yes,,,,,,,,,,,,,,,,,,,,,,,,,,,,,,15ca3672563a4c1483ef3e4390594206,SNNPR,Gedeo,DillaHealthCenter,7050740093
F,44,45,2024-08-14,2014-07-07,Alive,2024-11-12,1j - TDF+3TC+DTG,1j - TDF+3TC+DTG,90,2021-11-01,2023-11-01,Need Re-Screening,Initial visit,Visual Inspection of the Cervix with Acetic Acid (VIA),,,,Negative result,,VIA negative,,,Negative result,,Not done,,,,,,,,,,,,HPV_Negative,No,,,,,,,,,,,,,,,,,,,,,,,,,,,,,,165772c1ff814ddc8ae43b99d0c44ed1,SNNPR,Gedeo,DillaHealthCenter,7050740093
F,47,16,2024-07-30,2020-06-02,Alive,2024-10-28,1j - TDF+3TC+DTG,1j - TDF+3TC+DTG,90,,,Never Screened,,,,,,,,,,,,,,,,,,,,,,,,,,No,,,,,,,,,,,,,,,,,,,,,,,,,,,,,,19562f2118de47f38e24cfd3c92ab01a,SNNPR,Gedeo,DillaHealthCenter,7050740093
F,70,26,2024-07-25,2017-11-01,Alive,2024-10-20,1j - TDF+3TC+DTG,1j - TDF+3TC+DTG,90,,,Never Screened,,,,,,,,,,,,,,,,,,,,,,,,,,No,,,,,,,,,,,,,,,,,,,,,,,,,,,,,,198467e764b3478ea61654622b284198,SNNPR,Gedeo,DillaHealthCenter,7050740093
F,54,23,2024-06-07,2021-04-21,Alive,2024-09-02,1j - TDF+3TC+DTG,1j - TDF+3TC+DTG,90,,,Never Screened,,,,,,,,,,,,,,,,,,,,,,,,,,No,,,,,,,,,,,,,,,,,,,,,,,,,,,,,,1a521da8828c4b6a8e7422c3ebdf30b9,SNNPR,Gedeo,DillaHealthCenter,7050740093
F,38,44,2024-08-10,2020-07-20,Alive,2024-11-09,1j - TDF+3TC+DTG,1j - TDF+3TC+DTG,90,2022-03-18,2024-03-17,Need Re-Screening,Initial visit,Visual Inspection of the Cervix with Acetic Acid (VIA),,,,Negative result,,VIA negative,,,Negative result,,Not done,,,,,,,,,,,,HPV_Negative,No,,,,,,,,,,,,,,,,,,,,,,,,,,,,,,1da1b4993b6545eda77c6fa0c823b472,SNNPR,Gedeo,DillaHealthCenter,7050740093
F,46,38,2024-07-17,2022-01-17,Alive,2025-01-13,1j - TDF+3TC+DTG,1j - TDF+3TC+DTG,180,2022-05-30,2024-05-29,Need Re-Screening,Initial visit,Visual Inspection of the Cervix with Acetic Acid (VIA),,,,Negative result,2022-05-30,VIA negative,,,Negative result,,Not done,,,,,,,,,,,,HPV_Negative,No,,,,,,,,,,,,,,,,,,,,,,,,,,,,,,2296ad3c05534c879f66f8b18cb57395,SNNPR,Gedeo,DillaHealthCenter,7050740093
F,68,57,2024-06-09,2023-06-15,Alive,2024-09-07,1j - TDF+3TC+DTG,1j - TDF+3TC+DTG,90,,,Never Screened,,,,,,,,,,,,,,,,,,,,,,,,,,No,,,,,,,,,,,,,,,,,,,,,,,,,,,,,,284c4b3da644461397ccb4f646aaba12,SNNPR,Gedeo,DillaHealthCenter,7050740093
F,65,25,2024-03-25,2019-01-15,Alive,2024-09-20,1j - TDF+3TC+DTG,1j - TDF+3TC+DTG,180,,,Never Screened,,,,,,,,,,,,,,,,,,,,,,,,,,No,,,,,,,,,,,,,,,,,,,,,,,,,,,,,,296d57c249dc4f8ab184e850c039866f,SNNPR,Gedeo,DillaHealthCenter,7050740093
F,64,28,2024-03-10,2020-09-24,Alive,2024-09-06,1j - TDF+3TC+DTG,1j - TDF+3TC+DTG,180,,,Never Screened,,,,,,,,,,,,,,,,,,,,,,,,,,No,,,,,,,,,,,,,,,,,,,,,,,,,,,,,,2a6e2d08a3164fe2b7f0be834f560b8c,SNNPR,Gedeo,DillaHealthCenter,7050740093
F,43,30,2024-06-23,2017-07-12,Alive,2024-09-23,1j - TDF+3TC+DTG,1j - TDF+3TC+DTG,90,,,Never Screened,,,,,,,,,,,,,,,,,,,,,,,,,,No,,,,,,,,,,,,,,,,,,,,,,,,,,,,,,2bcde340029244d5bf2fbf0d07d5c967,SNNPR,Gedeo,DillaHealthCenter,7050740093
F,51,58,2024-06-22,2021-04-19,Alive,2024-12-19,1j - TDF+3TC+DTG,1j - TDF+3TC+DTG,180,,,Never Screened,,,,,,,,,,,,,,,,,,,,,,,,,,No,,,,,,,,,,,,,,,,,,,,,,,,,,,,,,2dd518d51cc24e2790ea3d7464f2f394,SNNPR,Gedeo,DillaHealthCenter,7050740093
F,38,25,2024-08-10,2019-06-24,Alive,2024-11-09,1j - TDF+3TC+DTG,1j - TDF+3TC+DTG,90,2021-05-25,2023-07-01,Need Re-Screening,Initial visit,Visual Inspection of the Cervix with Acetic Acid (VIA),,,,Negative result,,VIA negative,,,Negative result,,Not done,,,,,,,,,,,,HPV_Negative,No,,,,,,,,,,,,,,,,,,,,,,,,,,,,,,31ef10143dbd4cb4a592266224b68f38,SNNPR,Gedeo,DillaHealthCenter,7050740093
F,40,37,2024-07-15,2016-11-25,Alive,2025-01-11,1j - TDF+3TC+DTG,1j - TDF+3TC+DTG,180,2022-05-17,2024-05-16,Need Re-Screening,Initial visit,Visual Inspection of the Cervix with Acetic Acid (VIA),,,,Negative result,2022-05-17,VIA negative,,,Negative result,,,,,,,,,,,,,,HPV_Negative,No,,,,,,,,,,,,,,,,,,,,,,,,,,,,,,347c084a96084534b7bf86fbe445c665,SNNPR,Gedeo,DillaHealthCenter,7050740093
F,51,29,2024-08-12,2020-01-21,Alive,2024-11-10,1j - TDF+3TC+DTG,1j - TDF+3TC+DTG,90,2021-11-12,2024-02-08,Need Re-Screening,Initial visit,Visual Inspection of the Cervix with Acetic Acid (VIA),,,,Negative result,,VIA negative,,,Negative result,,Normal,,,,,,,,,,,,HPV_Negative,No,,,,,,,,,,,,,,,,,,,,,,,,,,,,,,3622885f84a94187b713548eabf2293a,SNNPR,Gedeo,DillaHealthCenter,7050740093
F,49,41,2024-09-04,2017-03-28,Alive,2024-12-01,1j - TDF+3TC+DTG,1j - TDF+3TC+DTG,90,2021-07-19,2023-07-15,Need Re-Screening,Initial visit,Visual Inspection of the Cervix with Acetic Acid (VIA),,,,Negative result,,VIA negative,,,Negative result,,Not done,,,,,,,,,,,,HPV_Negative,Yes,,,,,,,,,,,,,,,,,,,,,,,,,,,,,,3748edc8c7fc4c8298700d5d9bc41475,SNNPR,Gedeo,DillaHealthCenter,7050740093
F,42,20,2024-08-06,2020-10-07,Alive,2024-11-04,1j - TDF+3TC+DTG,1j - TDF+3TC+DTG,90,2022-02-21,2024-04-03,Need Re-Screening,Initial visit,Visual Inspection of the Cervix with Acetic Acid (VIA),,,,Negative result,,VIA negative,,,Negative result,,,,,,,,,,,,,,HPV_Negative,No,,,,,,,,,,,,,,,,,,,,,,,,,,,,,,3e628f2573194f37a2773e69baec0d49,SNNPR,Gedeo,DillaHealthCenter,7050740093
F,42,21,2024-08-06,2023-10-10,Alive,2024-11-04,1j - TDF+3TC+DTG,1j - TDF+3TC+DTG,90,,,Never Screened,,,,,,,,,,,,,,,,,,,,,,,,,,No,,,,,,,,,,,,,,,,,,,,,,,,,,,,,,434275ea5e9d448d92b654cf8d787bae,SNNPR,Gedeo,DillaHealthCenter,7050740093
F,68,28,2024-06-22,2022-02-21,Alive,2024-09-20,1j - TDF+3TC+DTG,1j - TDF+3TC+DTG,90,2022-06-01,2024-05-31,Need Re-Screening,Initial visit,Visual Inspection of the Cervix with Acetic Acid (VIA),,,,Negative result,2022-06-01,VIA negative,,,Negative result,,Normal,,,,,,,,,,,,HPV_Negative,No,,,,,,,,,,,,,,,,,,,,,,,,,,,,,,46a5818354cd4c4e99d5ad92dc82899b,SNNPR,Gedeo,DillaHealthCenter,7050740093
F,42,19,2024-08-07,2023-09-25,Alive,2024-11-05,1j - TDF+3TC+DTG,1j - TDF+3TC+DTG,90,,,Never Screened,,,,,,,,,,,,,,,,,,,,,,,,,,No,,,,,,,,,,,,,,,,,,,,,,,,,,,,,,476f3536c7c7493e9a8b8f1ebcd2f77a,SNNPR,Gedeo,DillaHealthCenter,7050740093
F,71,36,2024-09-05,2014-09-02,Alive,2024-12-04,1j - TDF+3TC+DTG,1j - TDF+3TC+DTG,90,,,Never Screened,,,,,,,,,,,,,,,,,,,,,,,,,,Yes,,,,,,,,,,,,,,,,,,,,,,,,,,,,,,48d92e22dd8247f78aa54ab99f83616e,SNNPR,Gedeo,DillaHealthCenter,7050740093
F,54,44,2024-05-01,2015-03-10,Alive,2024-10-28,1j - TDF+3TC+DTG,1j - TDF+3TC+DTG,180,,,Never Screened,,,,,,,,,,,,,,,,,,,,,,,,,,No,,,,,,,,,,,,,,,,,,,,,,,,,,,,,,49ae9c5f550643c09377b232d91b9a73,SNNPR,Gedeo,DillaHealthCenter,7050740093
F,68,46,2024-05-09,2013-06-25,Alive,2024-11-05,1j - TDF+3TC+DTG,1j - TDF+3TC+DTG,180,2022-03-29,2024-03-28,Need Re-Screening,Initial visit,Visual Inspection of the Cervix with Acetic Acid (VIA),,,,Negative result,,VIA negative,,,Negative result,,Not done,,,,,,,,,,,,HPV_Negative,No,,,,,,,,,,,,,,,,,,,,,,,,,,,,,,4cf8d885e7b84d3886e278d1426c9f8e,SNNPR,Gedeo,DillaHealthCenter,7050740093
F,52,23,2024-08-19,2023-10-11,Alive,2024-09-16,1j - TDF+3TC+DTG,1j - TDF+3TC+DTG,30,,,Never Screened,,,,,,,,,,,,,,,,,,,,,,,,,,No,,,,,,,,,,,,,,,,,,,,,,,,,,,,,,4f8b380a49a2447680ebd9a178cc72c4,SNNPR,Gedeo,DillaHealthCenter,7050740093
F,56,41,2024-08-27,2011-01-12,Alive,2024-11-25,1j - TDF+3TC+DTG,1j - TDF+3TC+DTG,90,2021-03-05,2023-03-03,Need Re-Screening,Initial visit,Visual Inspection of the Cervix with Acetic Acid (VIA),,,,Negative result,,VIA negative,,,Negative result,,Not done,,,,,,,,,,,,HPV_Negative,Yes,,,,,,,,,,,,,,,,,,,,,,,,,,,,,,51b806b6d6634886adf8bfeb591309aa,SNNPR,Gedeo,DillaHealthCenter,7050740093
F,53,26,2024-06-17,2018-08-27,Alive,2024-09-13,1j - TDF+3TC+DTG,1j - TDF+3TC+DTG,90,2022-03-29,2024-03-28,Need Re-Screening,Initial visit,Visual Inspection of the Cervix with Acetic Acid (VIA),,,,Negative result,,VIA negative,,,Negative result,,Not done,,,,,,,,,,,,HPV_Negative,No,,,,,,,,,,,,,,,,,,,,,,,,,,,,,,563c135f315b4814a920bf0defb24c44,SNNPR,Gedeo,DillaHealthCenter,7050740093
F,40,26,2024-06-22,2023-05-12,Alive,2024-09-20,1j - TDF+3TC+DTG,1j - TDF+3TC+DTG,90,,,Never Screened,,,,,,,,,,,,,,,,,,,,,,,,,,No,,,,,,,,,,,,,,,,,,,,,,,,,,,,,,56bab1cf0c0941d198db182262c0d0db,SNNPR,Gedeo,DillaHealthCenter,7050740093
F,79,40,2024-03-31,2014-11-07,Alive,2024-09-26,1j - TDF+3TC+DTG,1j - TDF+3TC+DTG,180,2022-03-24,2024-03-23,Need Re-Screening,Initial visit,Visual Inspection of the Cervix with Acetic Acid (VIA),,,,Negative result,2022-03-24,VIA negative,,,Negative result,,,,,,,,,,,,,,HPV_Negative,No,,,,,,,,,,,,,,,,,,,,,,,,,,,,,,58bfdac0702442688fe0fbb017943c0a,SNNPR,Gedeo,DillaHealthCenter,7050740093
F,78,28,2024-08-23,2024-08-23,Alive,2024-09-20,1j - TDF+3TC+DTG,1j - TDF+3TC+DTG,30,,,Never Screened,,,,,,,,,,,,,,,,,,,,,,,,,,No,,,,,,,,,,,,,,,,,,,,,,,,,,,,,,5c12aafc5dac46f08e28c5e5a37e9d2f,SNNPR,Gedeo,DillaHealthCenter,7050740093
F,76,26,2024-08-30,2018-03-19,Alive,2025-02-27,1j - TDF+3TC+DTG,1j - TDF+3TC+DTG,180,,,Never Screened,,,,,,,,,,,,,,,,,,,,,,,,,,Yes,,,,,,,,,,,,,,,,,,,,,,,,,,,,,,5c73a93948984f07872910a833ca572d,SNNPR,Gedeo,DillaHealthCenter,7050740093
F,57,27,2024-06-24,2022-03-14,Alive,2024-12-21,1j - TDF+3TC+DTG,1j - TDF+3TC+DTG,180,,,Never Screened,,,,,,,,,,,,,,,,,,,,,,,,,,No,,,,,,,,,,,,,,,,,,,,,,,,,,,,,,6060ebf1717d44d693bad803123c64ea,SNNPR,Gedeo,DillaHealthCenter,7050740093
F,56,32,2024-08-17,2022-03-22,Alive,2024-11-15,1j - TDF+3TC+DTG,1j - TDF+3TC+DTG,90,,,Never Screened,,,,,,,,,,,,,,,,,,,,,,,,,,No,,,,,,,,,,,,,,,,,,,,,,,,,,,,,,60da7b3d788d417bacdce83c183c0026,SNNPR,Gedeo,DillaHealthCenter,7050740093
F,69,34,2024-08-19,2013-01-21,Alive,2024-11-16,1j - TDF+3TC+DTG,1j - TDF+3TC+DTG,90,2022-01-03,2024-01-03,Need Re-Screening,Initial visit,Visual Inspection of the Cervix with Acetic Acid (VIA),,,,Negative result,2022-01-03,VIA negative,,,Negative result,,,,,,,,,,,,,,HPV_Negative,No,,,,,,,,,,,,,,,,,,,,,,,,,,,,,,62af76a387414091b269208e01b48f52,SNNPR,Gedeo,DillaHealthCenter,7050740093
F,44,31,2024-08-02,2023-08-01,Alive,2024-10-30,1j - TDF+3TC+DTG,1j - TDF+3TC+DTG,90,,,Never Screened,,,,,,,,,,,,,,,,,,,,,,,,,,No,,,,,,,,,,,,,,,,,,,,,,,,,,,,,,640ebb8d8b654e3094b8dc591d30e7bf,SNNPR,Gedeo,DillaHealthCenter,7050740093
F,47,32,2024-04-15,2012-03-09,Alive,2024-10-12,1j - TDF+3TC+DTG,1j - TDF+3TC+DTG,180,2021-04-06,2023-10-05,Need Re-Screening,Initial visit,Visual Inspection of the Cervix with Acetic Acid (VIA),,,,Negative result,,VIA negative,,,Negative result,,Not done,,,,,,,,,,,,HPV_Negative,No,,,,,,,,,,,,,,,,,,,,,,,,,,,,,,64eed57c860c4b448835c590b126b21d,SNNPR,Gedeo,DillaHealthCenter,7050740093
F,46,49,2024-07-11,2021-01-01,Alive,2024-10-09,1j - TDF+3TC+DTG,1j - TDF+3TC+DTG,90,2021-09-24,2024-02-29,Need Re-Screening,Initial visit,Visual Inspection of the Cervix with Acetic Acid (VIA),,,,Negative result,,VIA negative,,,Negative result,,Not done,,,,,,,,,,,,HPV_Negative,No,,,,,,,,,,,,,,,,,,,,,,,,,,,,,,6572d5da4e544dcea3538ca8de51e654,SNNPR,Gedeo,DillaHealthCenter,7050740093
F,57,23,2024-06-24,2023-08-22,Alive,2024-09-22,1j - TDF+3TC+DTG,1j - TDF+3TC+DTG,90,,,Never Screened,,,,,,,,,,,,,,,,,,,,,,,,,,No,,,,,,,,,,,,,,,,,,,,,,,,,,,,,,66c6e0d0a06d447fa04886f43c410fa9,SNNPR,Gedeo,DillaHealthCenter,7050740093
F,89,41,2024-07-22,2013-09-25,Alive,2025-01-18,1j - TDF+3TC+DTG,1j - TDF+3TC+DTG,180,2021-10-05,2023-10-05,Need Re-Screening,Initial visit,Visual Inspection of the Cervix with Acetic Acid (VIA),,,,Negative result,,VIA negative,,,Negative result,,Not done,,,,,,,,,,,,HPV_Negative,No,,,,,,,,,,,,,,,,,,,,,,,,,,,,,,670088357aca4a41931a4b2e3ec45220,SNNPR,Gedeo,DillaHealthCenter,7050740093
F,40,61,2024-08-27,2013-01-31,Alive,2024-11-24,1j - TDF+3TC+DTG,1j - TDF+3TC+DTG,90,,,Never Screened,,,,,,,,,,,,,,,,,,,,,,,,,,Yes,,,,,,,,,,,,,,,,,,,,,,,,,,,,,,679e19fd5b5245b7bdee4b11e7ae417a,SNNPR,Gedeo,DillaHealthCenter,7050740093
F,58,34,2024-08-03,2020-10-12,Alive,2024-11-01,1j - TDF+3TC+DTG,1j - TDF+3TC+DTG,90,,,Never Screened,,,,,,,,,,,,,,,,,,,,,,,,,,No,,,,,,,,,,,,,,,,,,,,,,,,,,,,,,6809c8dfdd304ee39f80882f93452ed5,SNNPR,Gedeo,DillaHealthCenter,7050740093
F,51,27,2024-05-14,2017-09-28,Alive,2024-11-10,1j - TDF+3TC+DTG,1j - TDF+3TC+DTG,180,2021-09-29,2023-09-29,Need Re-Screening,Initial visit,Visual Inspection of the Cervix with Acetic Acid (VIA),,,,Negative result,2021-09-29,VIA negative,,,Negative result,,Not done,,,,,,,,,,,,HPV_Negative,No,,,,,,,,,,,,,,,,,,,,,,,,,,,,,,68c2f388f88043829ca65e1af3ded82f,SNNPR,Gedeo,DillaHealthCenter,7050740093
F,44,20,2024-06-25,2022-05-23,Alive,2024-09-26,1j - TDF+3TC+DTG,1j - TDF+3TC+DTG,90,,,Never Screened,,,,,,,,,,,,,,,,,,,,,,,,,,No,,,,,,,,,,,,,,,,,,,,,,,,,,,,,,6a39bd03d8034873bb55366cc45d6cda,SNNPR,Gedeo,DillaHealthCenter,7050740093
F,43,27,2024-06-22,2022-12-30,Alive,2024-09-18,1j - TDF+3TC+DTG,1j - TDF+3TC+DTG,90,,,Never Screened,,,,,,,,,,,,,,,,,,,,,,,,,,No,,,,,,,,,,,,,,,,,,,,,,,,,,,,,,6deb4b528b094adaa240ad44e34f5e99,SNNPR,Gedeo,DillaHealthCenter,7050740093
F,64,33,2024-08-20,2016-01-14,Alive,2024-09-17,1j - TDF+3TC+DTG,1j - TDF+3TC+DTG,30,,,Never Screened,,,,,,,,,,,,,,,,,,,,,,,,,,No,,,,,,,,,,,,,,,,,,,,,,,,,,,,,,71d973fcf4624f548ab11987631d76b8,SNNPR,Gedeo,DillaHealthCenter,7050740093
F,66,45,2024-08-10,2011-09-23,Alive,2024-11-09,1j - TDF+3TC+DTG,1j - TDF+3TC+DTG,90,2021-02-17,2024-07-05,Need Re-Screening,Initial visit,Visual Inspection of the Cervix with Acetic Acid (VIA),,,,Negative result,,VIA negative,,,Negative result,,Not done,,,,,,,,,,,,HPV_Negative,No,,,,,,,,,,,,,,,,,,,,,,,,,,,,,,72909d509d5c4d30ae315f6339ba0134,SNNPR,Gedeo,DillaHealthCenter,7050740093
F,51,26,2024-07-11,2023-10-23,Alive,2024-10-11,1j - TDF+3TC+DTG,1j - TDF+3TC+DTG,90,2023-10-30,2024-04-27,Need Post Tx FU Screening,Initial visit,Visual Inspection of the Cervix with Acetic Acid (VIA),,,,Negative result,2023-10-30,VIA positive: eligible for cryo/thermo-coagula,,,Negative result,,Normal,,,,Thermocauterization of cervix,,2023-10-30,,,,,,HPV_Positive,No,,,,,,,,,,,,,,,,,,,,,,,,,,,,,,7453839216d54c41bb88ac4ce7bbf3f3,SNNPR,Gedeo,DillaHealthCenter,7050740093
F,53,24,2024-07-04,2020-06-27,Alive,2024-09-30,1j - TDF+3TC+DTG,1j - TDF+3TC+DTG,90,2022-09-29,2024-09-28,Need Re-Screening,Initial visit,Visual Inspection of the Cervix with Acetic Acid (VIA),,,,Negative result,2022-09-29,VIA negative,,,Negative result,,Normal,,,,,,,,,,,,HPV_Negative,No,,,,,,,,,,,,,,,,,,,,,,,,,,,,,,78720d77604a4fdfa76366f45d716b40,SNNPR,Gedeo,DillaHealthCenter,7050740093
F,53,36,2024-07-15,2018-04-20,Alive,2024-10-12,1j - TDF+3TC+DTG,1j - TDF+3TC+DTG,90,2021-07-29,2023-10-11,Need Re-Screening,Initial visit,Visual Inspection of the Cervix with Acetic Acid (VIA),,,,Negative result,,VIA negative,,,Negative result,,Normal,,,,,,,,,,,,HPV_Negative,No,,,,,,,,,,,,,,,,,,,,,,,,,,,,,,7994d647de974dfb9d6d104227f95d55,SNNPR,Gedeo,DillaHealthCenter,7050740093
F,87,33,2024-08-27,2013-04-10,Alive,2024-11-26,1j - TDF+3TC+DTG,1j - TDF+3TC+DTG,90,,,Never Screened,,,,,,,,,,,,,,,,,,,,,,,,,,Yes,,,,,,,,,,,,,,,,,,,,,,,,,,,,,,7f130a664a0a4d648e84649b7eae7f53,SNNPR,Gedeo,DillaHealthCenter,7050740093
F,45,55,2024-08-22,2024-06-26,Alive,2024-09-20,1j - TDF+3TC+DTG,1j - TDF+3TC+DTG,30,,,Never Screened,,,,,,,,,,,,,,,,,,,,,,,,,,No,,,,,,,,,,,,,,,,,,,,,,,,,,,,,,8011b260c02c4072b3e8c723d9009a89,SNNPR,Gedeo,DillaHealthCenter,7050740093
F,35,72,2024-09-20,2007-04-13,Alive,2024-12-19,1j - TDF+3TC+DTG,1j - TDF+3TC+DTG,90,,,Never Screened,,,,,,,,,,,,,,,,,,,,,,,,,,Yes,,,,,,,,,,,,,,,,,,,,,,,,,,,,,,81ecc98e0b9a48beb78a78306ebe8e66,SNNPR,Gedeo,DillaHealthCenter,7050740093
F,60,24,2024-06-24,2018-04-20,Alive,2024-09-25,1j - TDF+3TC+DTG,1j - TDF+3TC+DTG,90,2022-04-03,2024-04-27,Need Re-Screening,Initial visit,Visual Inspection of the Cervix with Acetic Acid (VIA),,,,Negative result,,VIA negative,,,Negative result,,Normal,,,,,,,,,,,,HPV_Negative,No,,,,,,,,,,,,,,,,,,,,,,,,,,,,,,824b5509f8c748d7887c6ce6bbcd199c,SNNPR,Gedeo,DillaHealthCenter,7050740093
F,39,42,2024-08-07,2013-08-06,Alive,2024-11-05,1j - TDF+3TC+DTG,1j - TDF+3TC+DTG,90,,,Never Screened,,,,,,,,,,,,,,,,,,,,,,,,,,No,,,,,,,,,,,,,,,,,,,,,,,,,,,,,,874ec071b85f429889bf5eed25e3726e,SNNPR,Gedeo,DillaHealthCenter,7050740093
F,69,35,2024-08-11,2012-09-22,Alive,2025-02-07,1j - TDF+3TC+DTG,1j - TDF+3TC+DTG,180,2022-02-15,2024-02-15,Need Re-Screening,Initial visit,Visual Inspection of the Cervix with Acetic Acid (VIA),,,,Negative result,2022-02-15,VIA negative,,,Negative result,,Normal,,,,,,,,,,,,HPV_Negative,No,,,,,,,,,,,,,,,,,,,,,,,,,,,,,,8906f244e15f4733872c0dc953a40389,SNNPR,Gedeo,DillaHealthCenter,7050740093
F,50,59,2024-08-10,2007-03-22,Alive,2024-11-09,1j - TDF+3TC+DTG,1j - TDF+3TC+DTG,90,,,Never Screened,,,,,,,,,,,,,,,,,,,,,,,,,,No,,,,,,,,,,,,,,,,,,,,,,,,,,,,,,8b40f4934a38480682940b56018e7802,SNNPR,Gedeo,DillaHealthCenter,7050740093
F,46,38,2024-08-13,2011-08-05,Alive,2024-11-11,1j - TDF+3TC+DTG,1j - TDF+3TC+DTG,90,,,Never Screened,,,,,,,,,,,,,,,,,,,,,,,,,,No,,,,,,,,,,,,,,,,,,,,,,,,,,,,,,8d5db0b37d864432aab3e5f1c6ed6da4,SNNPR,Gedeo,DillaHealthCenter,7050740093
F,75,30,2024-08-10,2024-06-15,Alive,2024-09-09,1j - TDF+3TC+DTG,1j - TDF+3TC+DTG,30,,,Never Screened,,,,,,,,,,,,,,,,,,,,,,,,,,No,,,,,,,,,,,,,,,,,,,,,,,,,,,,,,8f183fe441f240ea91b7ab0a1ba5e096,SNNPR,Gedeo,DillaHealthCenter,7050740093
F,48,37,2024-08-12,2013-06-17,Alive,2024-11-10,1j - TDF+3TC+DTG,1j - TDF+3TC+DTG,90,2022-05-09,2024-05-08,Need Re-Screening,Initial visit,Visual Inspection of the Cervix with Acetic Acid (VIA),,,,Negative result,2022-05-09,VIA negative,,,Negative result,,Not done,,,,,,,,,,,,HPV_Negative,No,,,,,,,,,,,,,,,,,,,,,,,,,,,,,,90b55a9809ec40238ff54472ffb27bbf,SNNPR,Gedeo,DillaHealthCenter,7050740093
F,57,36,2024-03-28,2018-03-15,Alive,2024-09-26,1j - TDF+3TC+DTG,1j - TDF+3TC+DTG,180,2021-02-23,2023-03-03,Need Re-Screening,Initial visit,Visual Inspection of the Cervix with Acetic Acid (VIA),,,,Negative result,,VIA negative,,,Negative result,,Not done,,,,,,,,,,,,HPV_Negative,No,,,,,,,,,,,,,,,,,,,,,,,,,,,,,,91edd08801454524a69cc5b039ff8852,SNNPR,Gedeo,DillaHealthCenter,7050740093
F,50,21,2024-06-29,2020-09-17,Alive,2024-09-25,1j - TDF+3TC+DTG,1j - TDF+3TC+DTG,90,2021-07-13,2023-09-08,Need Re-Screening,Initial visit,Visual Inspection of the Cervix with Acetic Acid (VIA),,,,Negative result,,VIA negative,,,Negative result,,Not done,,,,,,,,,,,,HPV_Negative,No,,,,,,,,,,,,,,,,,,,,,,,,,,,,,,94083198a8ee4cb48ef0746e3d95e2d6,SNNPR,Gedeo,DillaHealthCenter,7050740093
F,52,36,2024-07-13,2012-10-09,Alive,2024-10-11,1j - TDF+3TC+DTG,1j - TDF+3TC+DTG,90,2022-11-16,2023-05-15,Need Post Tx FU Screening,Initial visit,Visual Inspection of the Cervix with Acetic Acid (VIA),,,,Negative result,2022-11-16,VIA positive: eligible for cryo/thermo-coagula,,,Negative result,,Normal,,,,Thermocauterization of cervix,,2022-11-16,,,,,,HPV_Positive,No,,,,,,,,,,,,,,,,,,,,,,,,,,,,,,94f95fbba9fa4d5eb4daaf192cdeb32e,SNNPR,Gedeo,DillaHealthCenter,7050740093
F,64,23,2024-08-06,2023-10-01,Alive,2024-11-04,1j - TDF+3TC+DTG,1j - TDF+3TC+DTG,90,,,Never Screened,,,,,,,,,,,,,,,,,,,,,,,,,,No,,,,,,,,,,,,,,,,,,,,,,,,,,,,,,97baa412669a4ff7b2aeeea850c74444,SNNPR,Gedeo,DillaHealthCenter,7050740093
F,52,20,2024-06-27,2023-02-10,Alive,2024-09-25,1j - TDF+3TC+DTG,1j - TDF+3TC+DTG,90,,,Never Screened,,,,,,,,,,,,,,,,,,,,,,,,,,No,,,,,,,,,,,,,,,,,,,,,,,,,,,,,,9a073557f4c541a6a4275d277cd74900,SNNPR,Gedeo,DillaHealthCenter,7050740093
F,52,72,2024-07-26,2013-05-08,Alive,2025-01-22,1j - TDF+3TC+DTG,1j - TDF+3TC+DTG,180,,,Never Screened,,,,,,,,,,,,,,,,,,,,,,,,,,No,,,,,,,,,,,,,,,,,,,,,,,,,,,,,,9de7c75222024422bc7df003cdb79a0b,SNNPR,Gedeo,DillaHealthCenter,7050740093
F,80,38,2024-08-10,2015-09-16,Alive,2024-11-09,1j - TDF+3TC+DTG,1j - TDF+3TC+DTG,90,,,Never Screened,,,,,,,,,,,,,,,,,,,,,,,,,,No,,,,,,,,,,,,,,,,,,,,,,,,,,,,,,9e514c39811a48a799d34cf63bf56524,SNNPR,Gedeo,DillaHealthCenter,7050740093
F,85,30,2024-06-17,2023-07-18,Alive,2024-09-15,1j - TDF+3TC+DTG,1j - TDF+3TC+DTG,90,,,Never Screened,,,,,,,,,,,,,,,,,,,,,,,,,,No,,,,,,,,,,,,,,,,,,,,,,,,,,,,,,a21a1f235c6f4892930582bced206e2e,SNNPR,Gedeo,DillaHealthCenter,7050740093
F,39,30,2024-08-15,2022-02-08,Alive,2024-11-13,1j - TDF+3TC+DTG,1j - TDF+3TC+DTG,90,2022-02-08,2024-02-22,Need Re-Screening,Initial visit,Visual Inspection of the Cervix with Acetic Acid (VIA),,,,Negative result,,VIA negative,,,Negative result,,Not done,,,,,,,,,,,,HPV_Negative,No,,,,,,,,,,,,,,,,,,,,,,,,,,,,,,a2c94b54c45844b5b92f4298e6966812,SNNPR,Gedeo,DillaHealthCenter,7050740093
F,61,25,2024-06-20,2017-08-04,Alive,2024-09-16,1j - TDF+3TC+DTG,1j - TDF+3TC+DTG,90,2022-02-11,2024-02-11,Need Re-Screening,Initial visit,Visual Inspection of the Cervix with Acetic Acid (VIA),,,,Negative result,,VIA negative,,,Negative result,,Not done,,,,,,,,,,,,HPV_Negative,No,,,,,,,,,,,,,,,,,,,,,,,,,,,,,,a461830980424114b8e6019821ff05af,SNNPR,Gedeo,DillaHealthCenter,7050740093
F,65,27,2024-07-27,2019-04-16,Alive,2025-01-23,1j - TDF+3TC+DTG,1j - TDF+3TC+DTG,180,2021-07-27,2023-07-27,Need Re-Screening,Initial visit,Visual Inspection of the Cervix with Acetic Acid (VIA),,,,Negative result,,VIA negative,,,Negative result,,Not done,,,,,,,,,,,,HPV_Negative,No,,,,,,,,,,,,,,,,,,,,,,,,,,,,,,a4b1305a37794b6cb1a613cd9b533b56,SNNPR,Gedeo,DillaHealthCenter,7050740093
F,78,33,2024-07-13,2020-01-27,Alive,2024-10-11,1j - TDF+3TC+DTG,1j - TDF+3TC+DTG,90,2021-12-29,2024-01-04,Need Re-Screening,Initial visit,Visual Inspection of the Cervix with Acetic Acid (VIA),,,,Negative result,,VIA negative,,,Negative result,,Not done,,,,,,,,,,,,HPV_Negative,No,,,,,,,,,,,,,,,,,,,,,,,,,,,,,,a4b14cae65154106a22796a8c24c9b40,SNNPR,Gedeo,DillaHealthCenter,7050740093
F,56,21,2024-08-06,2023-11-27,Alive,2024-11-04,1j - TDF+3TC+DTG,1j - TDF+3TC+DTG,90,,,Never Screened,,,,,,,,,,,,,,,,,,,,,,,,,,No,,,,,,,,,,,,,,,,,,,,,,,,,,,,,,a6e96b33d80f44bf8b56ec1373a8510b,SNNPR,Gedeo,DillaHealthCenter,7050740093
F,60,37,2024-08-09,2021-03-06,Alive,2024-11-07,1j - TDF+3TC+DTG,1j - TDF+3TC+DTG,90,2022-02-08,2024-02-08,Need Re-Screening,Initial visit,Visual Inspection of the Cervix with Acetic Acid (VIA),,,,Negative result,2022-02-08,VIA negative,,,Negative result,,,,,,,,,,,,,,HPV_Negative,No,,,,,,,,,,,,,,,,,,,,,,,,,,,,,,a7db09a624304b448847d73a11439c50,SNNPR,Gedeo,DillaHealthCenter,7050740093
F,40,57,2024-08-16,2018-08-18,Alive,2024-11-14,1j - TDF+3TC+DTG,1j - TDF+3TC+DTG,90,,,Never Screened,,,,,,,,,,,,,,,,,,,,,,,,,,No,,,,,,,,,,,,,,,,,,,,,,,,,,,,,,a93c77c87cfe42c28a4c799b979c6340,SNNPR,Gedeo,DillaHealthCenter,7050740093
F,50,37,2024-06-24,2022-09-19,Alive,2024-09-22,1j - TDF+3TC+DTG,1j - TDF+3TC+DTG,90,,,Never Screened,,,,,,,,,,,,,,,,,,,,,,,,,,No,,,,,,,,,,,,,,,,,,,,,,,,,,,,,,a9a1f403d86d4316ac59439ed04c4708,SNNPR,Gedeo,DillaHealthCenter,7050740093
F,57,46,2024-06-25,2020-02-26,Alive,2024-09-23,1j - TDF+3TC+DTG,1j - TDF+3TC+DTG,90,2021-07-01,2023-09-01,Need Re-Screening,Initial visit,Visual Inspection of the Cervix with Acetic Acid (VIA),,,,Negative result,,VIA negative,,,Negative result,,Not done,,,,,,,,,,,,HPV_Negative,No,,,,,,,,,,,,,,,,,,,,,,,,,,,,,,a9f333806fb24bfd8d514c25a2c8c4d6,SNNPR,Gedeo,DillaHealthCenter,7050740093
F,70,23,2024-08-09,2018-05-10,Alive,2024-09-08,1j - TDF+3TC+DTG,1j - TDF+3TC+DTG,30,,,Never Screened,,,,,,,,,,,,,,,,,,,,,,,,,,No,,,,,,,,,,,,,,,,,,,,,,,,,,,,,,abcc3e82c4094c83ac518b6a7242c8eb,SNNPR,Gedeo,DillaHealthCenter,7050740093
F,48,38,2024-06-27,2022-01-31,Alive,2024-09-25,1j - TDF+3TC+DTG,1j - TDF+3TC+DTG,90,2022-02-08,2024-02-08,Need Re-Screening,Initial visit,Visual Inspection of the Cervix with Acetic Acid (VIA),,,,Positive,2022-02-08,VIA negative,,,,,Not done,,,,,,,,,,,,HPV_Negative,No,,,,,,,,,,,,,,,,,,,,,,,,,,,,,,ac1679dcca8c4c33905c590a3f5cc6ab,SNNPR,Gedeo,DillaHealthCenter,7050740093
F,46,36,2024-07-15,2014-02-08,Alive,2025-01-11,1j - TDF+3TC+DTG,1j - TDF+3TC+DTG,180,2021-09-07,2023-09-07,Need Re-Screening,Initial visit,Visual Inspection of the Cervix with Acetic Acid (VIA),,,,Negative result,,VIA negative,,,Negative result,,Not done,,,,,,,,,,,,HPV_Negative,No,,,,,,,,,,,,,,,,,,,,,,,,,,,,,,ac4ef639613645e69d77db56611f1ac3,SNNPR,Gedeo,DillaHealthCenter,7050740093
F,67,22,2024-06-19,2022-04-28,Alive,2024-09-15,1j - TDF+3TC+DTG,1j - TDF+3TC+DTG,90,,,Never Screened,,,,,,,,,,,,,,,,,,,,,,,,,,No,,,,,,,,,,,,,,,,,,,,,,,,,,,,,,ac5a7417d54d400d97167e00b58b11f6,SNNPR,Gedeo,DillaHealthCenter,7050740093
F,49,35,2024-08-14,2024-06-25,Alive,2024-09-12,1j - TDF+3TC+DTG,1j - TDF+3TC+DTG,30,,,Never Screened,,,,,,,,,,,,,,,,,,,,,,,,,,No,,,,,,,,,,,,,,,,,,,,,,,,,,,,,,ad5d9fcbb53f4af6921a43934405a515,SNNPR,Gedeo,DillaHealthCenter,7050740093
F,52,34,2024-03-15,2019-11-18,Alive,2024-09-11,1j - TDF+3TC+DTG,1j - TDF+3TC+DTG,180,2021-08-18,2023-08-18,Need Re-Screening,Initial visit,Visual Inspection of the Cervix with Acetic Acid (VIA),,,,Negative result,,VIA negative,,,Negative result,,Not done,,,,,,,,,,,,HPV_Negative,No,,,,,,,,,,,,,,,,,,,,,,,,,,,,,,ae8553b015044d87a1b148e9bb0df3cc,SNNPR,Gedeo,DillaHealthCenter,7050740093
F,65,39,2024-06-14,2020-03-05,Alive,2024-12-10,1j - TDF+3TC+DTG,1j - TDF+3TC+DTG,180,,,Never Screened,,,,,,,,,,,,,,,,,,,,,,,,,,No,,,,,,,,,,,,,,,,,,,,,,,,,,,,,,af96bfdcc7c649b8862e8e150800fd3f,SNNPR,Gedeo,DillaHealthCenter,7050740093
F,59,24,2024-08-27,2021-01-25,Alive,2024-09-24,1j - TDF+3TC+DTG,1j - TDF+3TC+DTG,30,2022-10-03,2023-04-01,Need Post Tx FU Screening,Initial visit,Visual Inspection of the Cervix with Acetic Acid (VIA),,,,Negative result,2022-10-03,VIA positive: eligible for cryo/thermo-coagula,,,Negative result,,Normal,,,,Thermocauterization of cervix,,2022-10-03,,,,,,HPV_Positive,Yes,,,,,,,,,,,,,,,,,,,,,,,,,,,,,,b03dfb37494a417ca7dcf9979957ed25,SNNPR,Gedeo,DillaHealthCenter,7050740093
F,38,25,2024-08-01,2024-06-04,Alive,2024-10-30,1j - TDF+3TC+DTG,1j - TDF+3TC+DTG,90,,,Never Screened,,,,,,,,,,,,,,,,,,,,,,,,,,No,,,,,,,,,,,,,,,,,,,,,,,,,,,,,,b0da6a3579f24c50864c28d9ec71b2be,SNNPR,Gedeo,DillaHealthCenter,7050740093
F,70,30,2024-09-03,2019-07-08,Alive,2025-03-01,1j - TDF+3TC+DTG,1j - TDF+3TC+DTG,180,2021-09-15,2023-09-16,Need Re-Screening,Initial visit,Visual Inspection of the Cervix with Acetic Acid (VIA),,,,Negative result,,VIA negative,,,Negative result,,Not done,,,,,,,,,,,,HPV_Negative,Yes,,,,,,,,,,,,,,,,,,,,,,,,,,,,,,b344766d0182458f9dbb547c7201a921,SNNPR,Gedeo,DillaHealthCenter,7050740093
F,50,23,2024-06-26,2021-11-24,Alive,2024-09-24,1j - TDF+3TC+DTG,1j - TDF+3TC+DTG,90,,,Never Screened,,,,,,,,,,,,,,,,,,,,,,,,,,No,,,,,,,,,,,,,,,,,,,,,,,,,,,,,,b631ddd860c4453e858029e09b02b46d,SNNPR,Gedeo,DillaHealthCenter,7050740093
F,51,19,2024-06-13,2023-11-17,Alive,2024-09-09,1j - TDF+3TC+DTG,1j - TDF+3TC+DTG,90,,,Never Screened,,,,,,,,,,,,,,,,,,,,,,,,,,No,,,,,,,,,,,,,,,,,,,,,,,,,,,,,,b6c6a9aaade242acb3c8d0561a6d9e0c,SNNPR,Gedeo,DillaHealthCenter,7050740093
F,60,32,2024-06-28,2022-11-16,Alive,2024-09-24,1j - TDF+3TC+DTG,1j - TDF+3TC+DTG,90,,,Never Screened,,,,,,,,,,,,,,,,,,,,,,,,,,No,,,,,,,,,,,,,,,,,,,,,,,,,,,,,,ba137c985eef47eba42929f41eb52fcc,SNNPR,Gedeo,DillaHealthCenter,7050740093
F,62,25,2024-07-25,2024-04-19,Alive,2024-10-22,1j - TDF+3TC+DTG,1j - TDF+3TC+DTG,90,,,Never Screened,,,,,,,,,,,,,,,,,,,,,,,,,,No,,,,,,,,,,,,,,,,,,,,,,,,,,,,,,bb001e259811498c9b059b869ccaec24,SNNPR,Gedeo,DillaHealthCenter,7050740093
F,60,42,2024-06-17,2019-03-04,Alive,2024-09-15,1j - TDF+3TC+DTG,1j - TDF+3TC+DTG,90,,,Never Screened,,,,,,,,,,,,,,,,,,,,,,,,,,No,,,,,,,,,,,,,,,,,,,,,,,,,,,,,,bb3750eb648744cca9d16cf39156133e,SNNPR,Gedeo,DillaHealthCenter,7050740093
F,48,28,2024-09-16,2024-07-16,Alive,2024-10-14,1j - TDF+3TC+DTG,1j - TDF+3TC+DTG,30,,,Never Screened,,,,,,,,,,,,,,,,,,,,,,,,,,Yes,,,,,,,,,,,,,,,,,,,,,,,,,,,,,,c0b5274f3bfa4157b4fb1aa3d67ad988,SNNPR,Gedeo,DillaHealthCenter,7050740093
F,48,46,2024-08-16,2018-06-25,Alive,2024-11-14,1j - TDF+3TC+DTG,1j - TDF+3TC+DTG,90,2021-07-06,2023-07-06,Need Re-Screening,Initial visit,Visual Inspection of the Cervix with Acetic Acid (VIA),,,,Negative result,,VIA negative,,,Negative result,,Not done,,,,,,,,,,,,HPV_Negative,No,,,,,,,,,,,,,,,,,,,,,,,,,,,,,,c2fb3dae7f144d098358568c6fcc9592,SNNPR,Gedeo,DillaHealthCenter,7050740093
F,82,38,2024-08-11,2022-01-17,Alive,2024-11-07,1j - TDF+3TC+DTG,1j - TDF+3TC+DTG,90,,,Never Screened,,,,,,,,,,,,,,,,,,,,,,,,,,No,,,,,,,,,,,,,,,,,,,,,,,,,,,,,,c30e1c37458e4012b659415555b45d98,SNNPR,Gedeo,DillaHealthCenter,7050740093
F,45,39,2024-06-27,2022-08-29,Alive,2024-09-25,1j - TDF+3TC+DTG,1j - TDF+3TC+DTG,90,,,Never Screened,,,,,,,,,,,,,,,,,,,,,,,,,,No,,,,,,,,,,,,,,,,,,,,,,,,,,,,,,c4609ce1c75243418294905f55652776,SNNPR,Gedeo,DillaHealthCenter,7050740093
F,42,21,2024-06-17,2023-05-08,Alive,2024-09-14,1j - TDF+3TC+DTG,1j - TDF+3TC+DTG,90,,,Never Screened,,,,,,,,,,,,,,,,,,,,,,,,,,No,,,,,,,,,,,,,,,,,,,,,,,,,,,,,,c50fbe84507d4f3e8ea37be4dc3f6bcc,SNNPR,Gedeo,DillaHealthCenter,7050740093
F,56,22,2024-07-30,2020-09-17,Alive,2024-10-28,1j - TDF+3TC+DTG,1j - TDF+3TC+DTG,90,2022-02-11,2024-02-11,Need Re-Screening,Initial visit,Visual Inspection of the Cervix with Acetic Acid (VIA),,,,Negative result,,VIA negative,,,Negative result,,Normal,,,,,,,,,,,,HPV_Negative,No,,,,,,,,,,,,,,,,,,,,,,,,,,,,,,c6df42a7bf1f4b718a05d40d186d1352,SNNPR,Gedeo,DillaHealthCenter,7050740093
F,50,50,2024-08-16,2007-02-05,Alive,2024-11-14,1j - TDF+3TC+DTG,1j - TDF+3TC+DTG,90,,,Never Screened,,,,,,,,,,,,,,,,,,,,,,,,,,No,,,,,,,,,,,,,,,,,,,,,,,,,,,,,,c8b6d9351ff041f59f846908d495dcb8,SNNPR,Gedeo,DillaHealthCenter,7050740093
F,63,21,2024-08-04,2024-01-17,Alive,2024-09-01,1j - TDF+3TC+DTG,1j - TDF+3TC+DTG,30,,,Never Screened,,,,,,,,,,,,,,,,,,,,,,,,,,No,,,,,,,,,,,,,,,,,,,,,,,,,,,,,,c8f83354c4ae4fb897af3ec61c86c013,SNNPR,Gedeo,DillaHealthCenter,7050740093
F,50,37,2024-08-27,2023-02-20,Alive,2024-11-24,1j - TDF+3TC+DTG,1j - TDF+3TC+DTG,90,,,Never Screened,,,,,,,,,,,,,,,,,,,,,,,,,,Yes,,,,,,,,,,,,,,,,,,,,,,,,,,,,,,cb30cb3401ec48e19f64b5abd2a3ba7f,SNNPR,Gedeo,DillaHealthCenter,7050740093
F,37,20,2024-07-12,2014-03-04,Alive,2024-10-13,1j - TDF+3TC+DTG,1j - TDF+3TC+DTG,90,,,Never Screened,,,,,,,,,,,,,,,,,,,,,,,,,,No,,,,,,,,,,,,,,,,,,,,,,,,,,,,,,d02f23d895c54ec9a471cf13641d2f35,SNNPR,Gedeo,DillaHealthCenter,7050740093
F,63,20,2024-08-06,2024-08-06,Alive,2024-11-01,1j - TDF+3TC+DTG,1j - TDF+3TC+DTG,90,,,Never Screened,,,,,,,,,,,,,,,,,,,,,,,,,,No,,,,,,,,,,,,,,,,,,,,,,,,,,,,,,d0a94b07c5aa4c0181fbc6d602a98ece,SNNPR,Gedeo,DillaHealthCenter,7050740093
F,44,22,2024-06-25,2024-06-25,Alive,2024-09-22,1j - TDF+3TC+DTG,1j - TDF+3TC+DTG,90,,,Never Screened,,,,,,,,,,,,,,,,,,,,,,,,,,No,,,,,,,,,,,,,,,,,,,,,,,,,,,,,,d2e9ed48567946d2aa280c1a3262615e,SNNPR,Gedeo,DillaHealthCenter,7050740093
F,54,29,2024-06-25,2020-09-02,Alive,2024-09-23,1j - TDF+3TC+DTG,1j - TDF+3TC+DTG,90,2022-04-12,2024-04-11,Need Re-Screening,Initial visit,Visual Inspection of the Cervix with Acetic Acid (VIA),,,,Negative result,2022-04-12,VIA negative,,,Negative result,,,,,,,,,,,,,,HPV_Negative,No,,,,,,,,,,,,,,,,,,,,,,,,,,,,,,d57f9556b14040d3b8d0046d73ab055d,SNNPR,Gedeo,DillaHealthCenter,7050740093
F,59,32,2024-07-18,2017-08-24,Alive,2025-01-14,1j - TDF+3TC+DTG,1j - TDF+3TC+DTG,180,2022-04-06,2024-04-05,Need Re-Screening,Initial visit,Visual Inspection of the Cervix with Acetic Acid (VIA),,,,Negative result,,VIA negative,,,Negative result,,Normal,,,,,,,,,,,,HPV_Negative,No,,,,,,,,,,,,,,,,,,,,,,,,,,,,,,d7ef10bb79da4d71816eb1251b534ef4,SNNPR,Gedeo,DillaHealthCenter,7050740093
F,62,27,2024-04-23,2023-11-01,Alive,2024-10-20,1j - TDF+3TC+DTG,1j - TDF+3TC+DTG,180,,,Never Screened,,,,,,,,,,,,,,,,,,,,,,,,,,No,,,,,,,,,,,,,,,,,,,,,,,,,,,,,,de05b20bd5984e76b9c3cd60959b5668,SNNPR,Gedeo,DillaHealthCenter,7050740093
F,54,37,2024-06-27,2010-09-16,Alive,2024-09-25,1j - TDF+3TC+DTG,1j - TDF+3TC+DTG,90,,,Never Screened,,,,,,,,,,,,,,,,,,,,,,,,,,No,,,,,,,,,,,,,,,,,,,,,,,,,,,,,,e10e1e78db1542419cde411f09832f13,SNNPR,Gedeo,DillaHealthCenter,7050740093
F,60,22,2024-09-19,2024-08-21,Alive,2024-10-16,1j - TDF+3TC+DTG,1j - TDF+3TC+DTG,30,,,Never Screened,,,,,,,,,,,,,,,,,,,,,,,,,,Yes,,,,,,,,,,,,,,,,,,,,,,,,,,,,,,e280d0094bdf433596dbc6a838959455,SNNPR,Gedeo,DillaHealthCenter,7050740093
F,42,29,2024-05-14,2016-07-29,Alive,2024-11-10,1j - TDF+3TC+DTG,1j - TDF+3TC+DTG,180,2021-06-23,2023-07-07,Need Re-Screening,Initial visit,Visual Inspection of the Cervix with Acetic Acid (VIA),,,,Negative result,,VIA negative,,,Negative result,,,,,,,,,,,,,,HPV_Negative,No,,,,,,,,,,,,,,,,,,,,,,,,,,,,,,e3326c52d85d494e9ec7c506131c5054,SNNPR,Gedeo,DillaHealthCenter,7050740093
F,56,23,2024-07-02,2018-10-26,Alive,2024-09-30,1j - TDF+3TC+DTG,1j - TDF+3TC+DTG,90,2022-03-24,2024-03-23,Need Re-Screening,Initial visit,Visual Inspection of the Cervix with Acetic Acid (VIA),,,,Negative result,,VIA negative,,,Negative result,,Normal,,,,,,,,,,,,HPV_Negative,No,,,,,,,,,,,,,,,,,,,,,,,,,,,,,,e3d71c76ca654830b313fa087700482e,SNNPR,Gedeo,DillaHealthCenter,7050740093
F,59,34,2024-09-24,2020-10-21,Alive,2024-12-21,1j - TDF+3TC+DTG,1j - TDF+3TC+DTG,90,2021-07-06,2023-08-10,Need Re-Screening,Initial visit,Visual Inspection of the Cervix with Acetic Acid (VIA),,,,Negative result,,VIA negative,,,Negative result,,Not done,,,,,,,,,,,,HPV_Negative,Yes,,,,,,,,,,,,,,,,,,,,,,,,,,,,,,e5025f996f0d46e2b9254aae8ae9f434,SNNPR,Gedeo,DillaHealthCenter,7050740093
F,56,26,2024-06-26,2023-04-05,Alive,2024-09-24,1j - TDF+3TC+DTG,1j - TDF+3TC+DTG,90,,,Never Screened,,,,,,,,,,,,,,,,,,,,,,,,,,No,,,,,,,,,,,,,,,,,,,,,,,,,,,,,,e6a1f09aa3fc473e944e9c3acb0fb6f4,SNNPR,Gedeo,DillaHealthCenter,7050740093
F,53,19,2024-06-07,2023-11-08,Alive,2024-09-03,1j - TDF+3TC+DTG,1j - TDF+3TC+DTG,90,,,Never Screened,,,,,,,,,,,,,,,,,,,,,,,,,,No,,,,,,,,,,,,,,,,,,,,,,,,,,,,,,e97fc379763a4a509a04e46676fc129e,SNNPR,Gedeo,DillaHealthCenter,7050740093
F,49,32,2024-04-08,2016-11-30,Alive,2024-10-05,1j - TDF+3TC+DTG,1j - TDF+3TC+DTG,180,2022-05-03,2024-05-02,Need Re-Screening,Initial visit,Visual Inspection of the Cervix with Acetic Acid (VIA),,,,Negative result,2022-05-03,VIA negative,,,Negative result,,Normal,,,,,,,,,,,,HPV_Negative,No,,,,,,,,,,,,,,,,,,,,,,,,,,,,,,ea2db2043c994b44830057721983f580,SNNPR,Gedeo,DillaHealthCenter,7050740093
F,87,40,2024-04-23,2013-07-30,Alive,2024-10-20,1j - TDF+3TC+DTG,1j - TDF+3TC+DTG,180,2021-07-15,2023-07-15,Need Re-Screening,Initial visit,Visual Inspection of the Cervix with Acetic Acid (VIA),,,,Negative result,2021-07-15,VIA negative,,,Negative result,,Not done,,,,,,,,,,,,HPV_Negative,No,,,,,,,,,,,,,,,,,,,,,,,,,,,,,,f5633042888e40739f645c7c6bc576f2,SNNPR,Gedeo,DillaHealthCenter,7050740093
F,56,41,2024-06-24,2023-12-20,Alive,2024-09-22,1j - TDF+3TC+DTG,1j - TDF+3TC+DTG,90,,,Never Screened,,,,,,,,,,,,,,,,,,,,,,,,,,No,,,,,,,,,,,,,,,,,,,,,,,,,,,,,,f6e854bf58724fe89ad523a25584a76e,SNNPR,Gedeo,DillaHealthCenter,7050740093
F,54,29,2024-08-22,2024-01-29,Alive,2024-09-21,1j - TDF+3TC+DTG,1j - TDF+3TC+DTG,30,,,Never Screened,,,,,,,,,,,,,,,,,,,,,,,,,,No,,,,,,,,,,,,,,,,,,,,,,,,,,,,,,f80dcc6b2dbe4de68e7299338b863474,SNNPR,Gedeo,DillaHealthCenter,7050740093
F,50,27,2024-06-26,2022-11-15,Alive,2024-09-20,1j - TDF+3TC+DTG,1j - TDF+3TC+DTG,90,,,Never Screened,,,,,,,,,,,,,,,,,,,,,,,,,,No,,,,,,,,,,,,,,,,,,,,,,,,,,,,,,f816db8ceb414f67b4b4e8f26528099f,SNNPR,Gedeo,DillaHealthCenter,7050740093
F,49,36,2024-06-20,2023-05-02,Alive,2024-09-18,1j - TDF+3TC+DTG,1j - TDF+3TC+DTG,90,2023-07-06,2024-01-02,Need Post Tx FU Screening,Initial visit,Visual Inspection of the Cervix with Acetic Acid (VIA),,,,Negative result,2023-07-06,VIA positive: eligible for cryo/thermo-coagula,,,Negative result,,,,,,Thermocauterization of cervix,,2023-07-06,,,,,,HPV_Positive,No,,,,,,,,,,,,,,,,,,,,,,,,,,,,,,f9593148dcdb46f48a8c02da988678a5,SNNPR,Gedeo,DillaHealthCenter,7050740093
F,69,41,2024-05-24,2018-08-28,Alive,2024-11-19,1j - TDF+3TC+DTG,1j - TDF+3TC+DTG,180,2021-10-01,2023-10-08,Need Re-Screening,Initial visit,Visual Inspection of the Cervix with Acetic Acid (VIA),,,,Negative result,,VIA negative,,,Negative result,,,,,,,,,,,,,,HPV_Negative,No,,,,,,,,,,,,,,,,,,,,,,,,,,,,,,f95fc301a0f743bd88f174c3379997bd,SNNPR,Gedeo,DillaHealthCenter,7050740093
F,45,38,2024-07-24,2016-06-09,Alive,2024-10-22,1j - TDF+3TC+DTG,1j - TDF+3TC+DTG,90,,,Never Screened,,,,,,,,,,,,,,,,,,,,,,,,,,No,,,,,,,,,,,,,,,,,,,,,,,,,,,,,,fbcb985b76a94bcc9936370899c7c218,SNNPR,Gedeo,DillaHealthCenter,7050740093
F,49,21,2024-08-16,2023-06-20,Alive,2024-11-14,1j - TDF+3TC+DTG,1j - TDF+3TC+DTG,90,,,Never Screened,,,,,,,,,,,,,,,,,,,,,,,,,,No,,,,,,,,,,,,,,,,,,,,,,,,,,,,,,fcf0559ce8b64d598e9e183760eafef5,SNNPR,Gedeo,DillaHealthCenter,7050740093
F,50,23,2024-08-14,2021-08-03,Alive,2025-02-10,1j - TDF+3TC+DTG,1j - TDF+3TC+DTG,180,2021-11-25,2023-12-22,Need Re-Screening,Initial visit,Visual Inspection of the Cervix with Acetic Acid (VIA),,,,Negative result,,VIA negative,,,Negative result,,Normal,,,,,,,,,,,,HPV_Negative,No,,,,,,,,,,,,,,,,,,,,,,,,,,,,,,fd7902b254b64e73a58a26b5ac0aade6,SNNPR,Gedeo,DillaHealthCenter,7050740093
