Sex,weight,Age,date_hiv_confirmed,art_start_date,FollowUpDate,IsPregnant,ARVDispendsedDose,ARTDoseDays,next_visit_date,follow_up_status,art_dose_End,viral_load_perform_date,viral_load_status,viral_load_count,viral_load_sent_date,viral_load_ref_date,date_regimen_change,eligiblityDate,PatientGUID,IsBreastfeeding,vl_status_final,PMTCT_ART,Region,Woreda,Facility,HMISCode
M,59,28,2024-06-12,2024-06-12,2024-08-29,,1j - TDF+3TC+DTG,90,2024-11-27,Alive,2024-12-26,,,,,,,,05e278b4f38d43789078e4265ca2fdf8,,N/A,No,SNNPR,Gedeo,DillaHealthCenter,7050740093
F,64,37,2024-06-13,2024-06-13,2024-09-16,No,1j - TDF+3TC+DTG,90,2024-12-13,Alive,2025-01-13,,,,,,,,076b8ddefa714f85ab697c9f2482c876,No,N/A,No,SNNPR,Gedeo,DillaHealthCenter,7050740093
M,22,8,2023-02-23,2023-02-23,2024-09-22,,4j - ABC+3TC+DTG,30,2024-10-20,Alive,2024-11-20,,,,,,,2023-08-23,07f08ef001be451ba52142e7cff9d1ee,,First VL,No,SNNPR,Gedeo,DillaHealthCenter,7050740093
F,42,44,2017-03-03,2017-03-05,2024-08-27,No,1j - TDF+3TC+DTG,90,2024-11-24,Alive,2024-12-24,,,,,,,2017-09-02,15ca3672563a4c1483ef3e4390594206,No,First VL,No,SNNPR,Gedeo,DillaHealthCenter,7050740093
M,57,60,2024-03-11,2024-03-11,2024-09-06,,1j - TDF+3TC+DTG,30,2024-10-06,Alive,2024-11-04,,,,,,,2024-09-08,1f3ba905e0744df9981513bbce5fd5f6,,First VL,No,SNNPR,Gedeo,DillaHealthCenter,7050740093
F,13,6,2024-06-11,2024-06-11,2024-09-16,,4j - ABC+3TC+DTG,30,2024-10-14,Alive,2024-11-14,,,,,,,,324fa235ec144c1f80cdbfaf13e170de,,N/A,No,SNNPR,Gedeo,DillaHealthCenter,7050740093
F,56,47,2011-11-24,2012-04-04,2024-09-24,No,1j - TDF+3TC+DTG,180,2025-03-23,Alive,2025-04-21,,,,2024-09-24,2024-09-24,,2025-09-24,3540fb2562c4456ea967bde4db68adaf,No,Annual Viral Load Test,No,SNNPR,Gedeo,DillaHealthCenter,7050740093
M,47,30,2022-10-03,2022-10-03,2024-08-30,,1j - TDF+3TC+DTG,90,2024-11-26,Alive,2024-12-27,,,,2024-08-30,2024-08-30,,2025-08-30,36ad5556a6a7427bb2e6982ce0b7e938,,Annual Viral Load Test,No,SNNPR,Gedeo,DillaHealthCenter,7050740093
F,49,41,2013-01-11,2017-03-28,2024-09-04,No,1j - TDF+3TC+DTG,90,2024-12-01,Alive,2025-01-01,,,,2024-09-05,2024-09-05,,2025-09-05,3748edc8c7fc4c8298700d5d9bc41475,No,Annual Viral Load Test,No,SNNPR,Gedeo,DillaHealthCenter,7050740093
F,44,37,2017-08-04,2017-08-04,2024-09-17,No,1j - TDF+3TC+DTG,90,2024-12-16,Alive,2025-01-14,,,,,,,2018-02-01,3c22959ff4b04e04b62cf25c2774d557,No,First VL,No,SNNPR,Gedeo,DillaHealthCenter,7050740093
F,14,3,2024-06-14,2024-06-14,2024-09-17,,4j - ABC+3TC+DTG,30,2024-10-15,Alive,2024-11-15,,,,,,,,3e4ead0ce2e545a18db150907944a614,,N/A,No,SNNPR,Gedeo,DillaHealthCenter,7050740093
M,70,35,2019-07-08,2019-07-08,2024-09-02,,1j - TDF+3TC+DTG,180,2025-03-01,Alive,2025-03-30,,,,,,,2020-01-05,4104549dd02e46cc9822ef42f9348ec9,,First VL,No,SNNPR,Gedeo,DillaHealthCenter,7050740093
F,68,35,2016-02-17,2016-02-17,2024-08-27,No,1j - TDF+3TC+DTG,90,2024-11-24,Alive,2024-12-24,,,,,,,2016-08-16,45b5dabb56384b47a67ea4874937afd6,No,First VL,No,SNNPR,Gedeo,DillaHealthCenter,7050740093
M,59,33,2024-06-06,2024-06-06,2024-09-13,,1j - TDF+3TC+DTG,60,2024-11-10,Alive,2024-12-11,,,,,,,,460431e339f7462fb11b8bac0f4d356e,,N/A,No,SNNPR,Gedeo,DillaHealthCenter,7050740093
F,71,36,2013-05-13,2014-09-02,2024-09-05,No,1j - TDF+3TC+DTG,90,2024-12-04,Alive,2025-01-02,,,,2024-09-05,2024-09-05,,2025-09-05,48d92e22dd8247f78aa54ab99f83616e,No,Annual Viral Load Test,No,SNNPR,Gedeo,DillaHealthCenter,7050740093
F,44,37,2012-07-10,2013-06-17,2024-09-24,No,1j - TDF+3TC+DTG,90,2024-12-23,Alive,2025-01-21,,,,,,,2013-12-15,5086bae02a5c48e78b746fec08851f93,No,First VL,No,SNNPR,Gedeo,DillaHealthCenter,7050740093
F,56,41,2010-12-09,2011-01-12,2024-08-27,No,1j - TDF+3TC+DTG,90,2024-11-25,Alive,2024-12-24,,,,,,,2011-07-12,51b806b6d6634886adf8bfeb591309aa,No,First VL,No,SNNPR,Gedeo,DillaHealthCenter,7050740093
M,66,28,2024-07-17,2024-07-17,2024-09-16,,1j - TDF+3TC+DTG,30,2024-10-14,Alive,2024-11-14,,,,,,,,5b8a3d9f71c345d396c6b2fdbcdf823f,,N/A,No,SNNPR,Gedeo,DillaHealthCenter,7050740093
F,76,26,2018-03-19,2018-03-19,2024-08-30,No,1j - TDF+3TC+DTG,180,2025-02-27,Alive,2025-03-27,,,,,,,2018-09-16,5c73a93948984f07872910a833ca572d,No,First VL,No,SNNPR,Gedeo,DillaHealthCenter,7050740093
M,69,41,2008-06-02,2008-11-10,2024-08-28,,1j - TDF+3TC+DTG,90,2024-11-26,Alive,2024-12-25,,,,,,,2009-05-10,5d259acd78944ca3bcab4cb18ad9be90,,First VL,No,SNNPR,Gedeo,DillaHealthCenter,7050740093
M,53,43,2021-08-05,2021-10-04,2024-09-02,,1j - TDF+3TC+DTG,30,2024-10-02,Alive,2024-10-31,,,,,,,2022-04-03,62572a9ab1074d7a8bcaa9921edd7489,,First VL,No,SNNPR,Gedeo,DillaHealthCenter,7050740093
F,40,61,2013-01-31,2013-01-31,2024-08-27,No,1j - TDF+3TC+DTG,90,2024-11-24,Alive,2024-12-24,,,,,,,2013-07-31,679e19fd5b5245b7bdee4b11e7ae417a,No,First VL,No,SNNPR,Gedeo,DillaHealthCenter,7050740093
M,65,48,2021-12-28,2021-12-28,2024-09-24,,1j - TDF+3TC+DTG,90,2024-12-21,Alive,2025-01-21,,,,,,,2022-06-27,6bb7a4b7b88d4958888b28d647bfe017,,First VL,No,SNNPR,Gedeo,DillaHealthCenter,7050740093
M,52,30,2024-05-22,2024-05-22,2024-09-21,,1j - TDF+3TC+DTG,30,2024-10-21,Alive,2024-11-19,,,,,,,,6df444bf1f744597838c7d1ea11494ba,,N/A,No,SNNPR,Gedeo,DillaHealthCenter,7050740093
M,56,36,2018-09-04,2018-09-04,2024-09-03,,1j - TDF+3TC+DTG,90,2024-12-02,Alive,2024-12-31,,,,,,,2019-03-04,7e459b101fb74169999eee6e8201fcfa,,First VL,No,SNNPR,Gedeo,DillaHealthCenter,7050740093
F,87,33,2013-03-27,2013-04-10,2024-08-27,No,1j - TDF+3TC+DTG,90,2024-11-26,Alive,2024-12-24,,,,,,,2013-10-08,7f130a664a0a4d648e84649b7eae7f53,No,First VL,No,SNNPR,Gedeo,DillaHealthCenter,7050740093
F,35,72,2007-02-11,2007-04-13,2024-09-20,No,1j - TDF+3TC+DTG,90,2024-12-19,Alive,2025-01-17,,,,,,,2007-10-11,81ecc98e0b9a48beb78a78306ebe8e66,No,First VL,No,SNNPR,Gedeo,DillaHealthCenter,7050740093
F,49,41,2022-01-25,2022-01-25,2024-08-27,No,1j - TDF+3TC+DTG,90,2024-11-19,Alive,2024-12-24,,,,,,,2022-07-25,8220279c03394cceb2335931621e5652,No,First VL,No,SNNPR,Gedeo,DillaHealthCenter,7050740093
F,41,26,2023-03-12,2023-03-12,2024-09-23,No,1j - TDF+3TC+DTG,90,2024-12-20,Alive,2025-01-20,,,,,,,2023-09-09,8de4f7edbe9c4018907a16541b8d50d2,No,First VL,No,SNNPR,Gedeo,DillaHealthCenter,7050740093
M,57,60,2024-07-03,2024-07-03,2024-09-23,,1j - TDF+3TC+DTG,30,2024-10-21,Alive,2024-11-21,,,,,,,,903723a694fb40dcbde343e70e56a171,,N/A,No,SNNPR,Gedeo,DillaHealthCenter,7050740093
F,57,32,2022-07-05,2022-07-05,2024-08-27,No,1j - TDF+3TC+DTG,90,2024-11-24,Alive,2024-12-24,,,,,,,2023-01-02,95198c3b6e334a96ab9cf741320a7216,No,First VL,No,SNNPR,Gedeo,DillaHealthCenter,7050740093
F,44,29,2020-08-31,2020-04-13,2024-09-23,No,1j - TDF+3TC+DTG,90,2024-12-20,Alive,2025-01-20,,,,,,,2020-10-11,9e62fcf50af446a99472c58667bbb7a9,No,First VL,No,SNNPR,Gedeo,DillaHealthCenter,7050740093
F,59,24,2021-01-22,2021-01-25,2024-08-27,No,1j - TDF+3TC+DTG,30,2024-09-24,Alive,2024-10-25,,,,2024-08-27,2024-08-27,,2025-08-27,b03dfb37494a417ca7dcf9979957ed25,Yes,Annual Viral Load Test,Yes,SNNPR,Gedeo,DillaHealthCenter,7050740093
F,70,30,2019-07-08,2019-07-08,2024-09-03,No,1j - TDF+3TC+DTG,180,2025-03-01,Alive,2025-03-31,,,,,,,2020-01-05,b344766d0182458f9dbb547c7201a921,No,First VL,No,SNNPR,Gedeo,DillaHealthCenter,7050740093
F,54,49,2014-07-07,2014-07-08,2024-09-22,No,1j - TDF+3TC+DTG,90,2024-12-19,Alive,2025-01-19,,,,,,,2015-01-05,b6be6ff923eb4e0b9e8410205a6ef06e,No,First VL,No,SNNPR,Gedeo,DillaHealthCenter,7050740093
M,68,55,2019-06-23,2019-07-31,2024-09-13,,1j - TDF+3TC+DTG,180,2025-03-12,Alive,2025-04-10,,,,,,,2020-01-28,b86de509ed584ae0ae0ece63c042225c,,First VL,No,SNNPR,Gedeo,DillaHealthCenter,7050740093
M,58,42,2024-04-18,2024-04-18,2024-09-20,,1j - TDF+3TC+DTG,30,2024-10-20,Alive,2024-11-18,,,,,,,,bc6a8224db2542f6a9cc737caeb212ed,,N/A,No,SNNPR,Gedeo,DillaHealthCenter,7050740093
F,48,28,2024-07-16,2024-07-16,2024-09-16,No,1j - TDF+3TC+DTG,30,2024-10-14,Alive,2024-11-14,,,,,,,,c0b5274f3bfa4157b4fb1aa3d67ad988,No,N/A,No,SNNPR,Gedeo,DillaHealthCenter,7050740093
M,29,10,2023-09-18,2023-10-01,2024-09-16,,4j - ABC+3TC+DTG,30,2024-10-14,Alive,2024-11-14,,,,,,,2024-03-30,c0d1f438946f4ef980f65c15aeb24170,,First VL,No,SNNPR,Gedeo,DillaHealthCenter,7050740093
M,68,48,2013-12-20,2014-01-06,2024-09-23,,1j - TDF+3TC+DTG,180,2025-03-19,Alive,2025-04-20,,,,,,,2014-07-06,c0fc21da1b6844368a41f9942c898873,,First VL,No,SNNPR,Gedeo,DillaHealthCenter,7050740093
F,50,37,2023-02-20,2023-02-20,2024-08-27,No,1j - TDF+3TC+DTG,90,2024-11-24,Alive,2024-12-24,,,,,,,2023-08-20,cb30cb3401ec48e19f64b5abd2a3ba7f,No,First VL,No,SNNPR,Gedeo,DillaHealthCenter,7050740093
M,63,34,2024-08-19,2024-08-19,2024-09-17,,1j - TDF+3TC+DTG,30,2024-10-15,Alive,2024-11-15,,,,,,,,d3b23900e7b940f1b8f032704b213251,,N/A,No,SNNPR,Gedeo,DillaHealthCenter,7050740093
M,53,26,2018-03-21,2018-03-26,2024-09-17,,1j - TDF+3TC+DTG,30,2024-10-15,Alive,2024-11-15,,,,,,,2018-09-23,d7ba5e53f22c4ddca6fbe7e4a40ab77d,,First VL,No,SNNPR,Gedeo,DillaHealthCenter,7050740093
F,60,22,2024-08-21,2024-08-21,2024-09-19,No,1j - TDF+3TC+DTG,30,2024-10-16,Alive,2024-11-17,,,,,,,,e280d0094bdf433596dbc6a838959455,No,N/A,No,SNNPR,Gedeo,DillaHealthCenter,7050740093
F,59,34,2020-10-21,2020-10-21,2024-09-24,No,1j - TDF+3TC+DTG,90,2024-12-21,Alive,2025-01-21,,,,2024-09-24,2024-09-24,,2025-09-24,e5025f996f0d46e2b9254aae8ae9f434,No,Annual Viral Load Test,No,SNNPR,Gedeo,DillaHealthCenter,7050740093
M,51,24,2023-09-08,2023-09-15,2024-08-30,,1j - TDF+3TC+DTG,30,2024-10-07,Alive,2024-10-28,,,,,,,2024-03-14,e745736042ec474187adf9942cfe0868,,First VL,No,SNNPR,Gedeo,DillaHealthCenter,7050740093
M,65,40,2019-02-28,2019-03-04,2024-08-28,,1j - TDF+3TC+DTG,90,2024-11-26,Alive,2024-12-25,,,,,,,2019-09-01,ec8fe1cf59fe4ea589bdb282009845a5,,First VL,No,SNNPR,Gedeo,DillaHealthCenter,7050740093
M,60,70,2011-09-05,2011-09-14,2024-08-27,,1j - TDF+3TC+DTG,90,2024-11-22,Alive,2024-12-24,,,,,,,2012-03-13,ef9a1d420ec84edcb2d4fa739054461e,,First VL,No,SNNPR,Gedeo,DillaHealthCenter,7050740093
M,56,33,2021-12-14,2021-12-16,2024-08-29,,1j - TDF+3TC+DTG,30,2024-09-26,Alive,2024-10-27,,,,2024-08-29,2024-08-29,,2025-08-29,f1e473fa56c74665b16acc6097444a3e,,Annual Viral Load Test,No,SNNPR,Gedeo,DillaHealthCenter,7050740093
F,49,40,2020-06-12,2020-06-22,2024-09-16,No,1j - TDF+3TC+DTG,90,2024-12-15,Alive,2025-01-13,,,,,,,2020-12-20,f3dcc72884ec4d4da51e193199f7aeb1,No,First VL,No,SNNPR,Gedeo,DillaHealthCenter,7050740093
F,34,13,2024-01-24,2024-02-08,2024-09-02,No,4j - ABC+3TC+DTG,90,2024-12-01,Alive,2024-12-30,,,,,,,2024-08-07,f8da79586b6d4e9e890360bc1bbf5a76,No,First VL,No,SNNPR,Gedeo,DillaHealthCenter,7050740093
M,70,26,2023-09-18,2023-10-18,2024-09-13,,1j - TDF+3TC+DTG,90,2024-12-10,Alive,2025-01-10,,,,,,,2024-04-16,fcbe77ea54c14bfcbd98669d8e99044c,,First VL,No,SNNPR,Gedeo,DillaHealthCenter,7050740093
