Sex,Weight,Age,date_hiv_confirmed,art_start_date,FollowUpDate,IsPregnant,ARVDispendsedDose,art_dose,next_visit_date,follow_up_status,art_dose_End,viral_load_perform_date,viral_load_status,viral_load_count,viral_load_sent_date,viral_load_ref_date,routine_viral_load,target,date_regimen_change,date_eac_provided_1,date_eac_provided_2,date_eac_provided_3,viral_load_sent_date_cf,viral_load_perform_date_cf,viral_load_status_cf,viral_load_count_cf,routine_viral_load_cf,target_cf,PatientGUID,Region,Woreda,Facility,HMISCode
F,46,28,2021-12-29,2021-12-29,2024-06-24,No,90,1j - TDF+3TC+DTG,2024-09-22,Alive,2024-10-21,2023-05-23,Suppressed,0.0,2024-07-25,2024-07-25,Second viral load test at 12 months post ART,,,,,,,,,,,,02391ac811a7498681de529cb78f2db7,SNNPR,Gedeo,DillaHealthCenter,7050740093
F,47,26,2024-02-07,2024-02-07,2024-08-14,No,90,1j - TDF+3TC+DTG,2024-11-11,Alive,2024-12-11,,,,,,,,,,,,,,,,,,0265431647714eb4b0fbbfd4338d5d91,SNNPR,Gedeo,DillaHealthCenter,7050740093
F,46,37,2012-05-16,2017-08-07,2024-07-01,No,90,1j - TDF+3TC+DTG,2024-09-30,Alive,2024-10-28,2024-07-11,Low-level viremia,150.0,2024-04-19,2024-04-19,Annual viral load test,,,,,,,,,,,,030938fac5e84823a455b4503ecdae4b,SNNPR,Gedeo,DillaHealthCenter,7050740093
M,56,38,2021-05-12,2021-05-12,2024-07-22,,90,1j - TDF+3TC+DTG,2024-10-20,Alive,2024-11-18,2024-05-15,Suppressed,0.0,2024-04-01,2024-04-01,Annual viral load test,,,,,,,,,,,,03565e88887442568416d450191fb892,SNNPR,Gedeo,DillaHealthCenter,7050740093
M,47,35,2018-09-05,2018-09-05,2024-08-14,,90,1j - TDF+3TC+DTG,2024-11-12,Alive,2024-12-11,2023-04-05,Suppressed,0.0,2024-08-15,2024-08-15,Annual viral load test,,,,,,2024-08-15,2020-11-20,Suppressed,,,Repeat or confirmatory VL: initial viral load greater than 1000,03663f444a31406783d1446ccb64f931,SNNPR,Gedeo,DillaHealthCenter,7050740093
M,54,33,2021-08-25,2021-08-25,2024-07-30,,90,1j - TDF+3TC+DTG,2024-10-28,Alive,2024-11-26,2024-06-14,Suppressed,0.0,2024-05-02,2024-05-02,Annual viral load test,,,,,,,,,,,,0369e3bb9798444fab26142b60204282,SNNPR,Gedeo,DillaHealthCenter,7050740093
F,70,31,2016-08-05,2023-11-06,2024-07-26,No,90,1j - TDF+3TC+DTG,2024-10-24,Alive,2024-11-22,,,,,,,,,,,,,,,,,,0448ea963edb453f887a7b14b112b5d7,SNNPR,Gedeo,DillaHealthCenter,7050740093
M,60,20,2023-04-28,2023-04-28,2024-06-19,,90,1j - TDF+3TC+DTG,2024-09-15,Alive,2024-10-16,,,,,,,,,,,,,,,,,,05369cce235f485da56d56863fe73583,SNNPR,Gedeo,DillaHealthCenter,7050740093
F,57,24,2018-05-10,2018-05-29,2024-08-12,No,30,1j - TDF+3TC+DTG,2024-09-09,Alive,2024-10-10,2024-02-19,Suppressed,0.0,2024-08-12,2024-08-12,Second viral load test at 12 months post ART,,,,,,,,,,,,055199e562cc41f288a7c1feeb7f057f,SNNPR,Gedeo,DillaHealthCenter,7050740093
M,59,28,2024-06-12,2024-06-12,2024-08-29,,90,1j - TDF+3TC+DTG,2024-11-27,Alive,2024-12-26,,,,,,,,,,,,,,,,,,05e278b4f38d43789078e4265ca2fdf8,SNNPR,Gedeo,DillaHealthCenter,7050740093
M,61,37,2022-10-19,2022-10-19,2024-07-03,,90,1j - TDF+3TC+DTG,2024-09-30,Alive,2024-10-30,2023-12-04,Suppressed,0.0,2023-10-12,2023-10-12,First viral load test at 6 months or longer post ART,,,,,,,,,,,,0615b8c4e9194b1bbfb393294ea0ea68,SNNPR,Gedeo,DillaHealthCenter,7050740093
F,38,33,2019-01-09,2019-01-09,2024-08-26,No,90,1j - TDF+3TC+DTG,2024-11-24,Alive,2024-12-23,2024-03-26,Suppressed,0.0,2023-11-28,2023-11-28,Annual viral load test,,,,,,,,,,,,06352f3332e940599808e2fe2e1f988f,SNNPR,Gedeo,DillaHealthCenter,7050740093
F,64,37,2024-06-13,2024-06-13,2024-09-16,No,90,1j - TDF+3TC+DTG,2024-12-13,Alive,2025-01-13,,,,,,,,,,,,,,,,,,076b8ddefa714f85ab697c9f2482c876,SNNPR,Gedeo,DillaHealthCenter,7050740093
M,69,29,2023-10-17,2023-10-17,2024-07-16,,90,1j - TDF+3TC+DTG,2024-10-14,Alive,2024-11-12,2024-07-26,Suppressed,0.0,2024-04-15,2024-04-15,First viral load test at 6 months or longer post ART,,,,,,,,,,,,078928e05233451bbd6eddfb2147f059,SNNPR,Gedeo,DillaHealthCenter,7050740093
M,70,41,2018-02-28,2018-03-15,2024-03-07,,180,1j - TDF+3TC+DTG,2024-09-03,Alive,2024-10-02,2023-01-18,Suppressed,0.0,2022-12-30,2022-12-30,Annual viral load test,,,,,,,,,,,,07ab687babde48acb69a5fbd7e9876b7,SNNPR,Gedeo,DillaHealthCenter,7050740093
M,76,49,2024-05-21,2024-05-21,2024-08-17,,90,1j - TDF+3TC+DTG,2024-11-16,Alive,2024-12-14,,,,,,,,,,,,,,,,,,07b26cf289ad4bc0a223ef081224c95b,SNNPR,Gedeo,DillaHealthCenter,7050740093
M,22,8,2023-02-23,2023-02-23,2024-09-22,,30,4j - ABC+3TC+DTG,2024-10-20,Alive,2024-11-20,2024-08-26,Suppressed,0.0,2024-07-17,2024-07-17,Second viral load test at 12 months post ART,,,,,,,,,,,,07f08ef001be451ba52142e7cff9d1ee,SNNPR,Gedeo,DillaHealthCenter,7050740093
F,48,38,2012-10-17,2013-01-14,2024-08-10,No,90,1j - TDF+3TC+DTG,2024-11-09,Alive,2024-12-07,2023-05-29,Suppressed,0.0,2023-05-17,2023-05-17,Annual viral load test,,,,,,,,,,,,08804d9405084421a3bce9b162ecd4cc,SNNPR,Gedeo,DillaHealthCenter,7050740093
F,48,50,2024-06-18,2024-06-18,2024-08-17,No,30,1j - TDF+3TC+DTG,2024-09-13,Alive,2024-10-15,,,,,,,,,,,,,,,,,,095423bf6e9d45eca1b1e9b1333cb310,SNNPR,Gedeo,DillaHealthCenter,7050740093
F,40,26,2023-03-14,2023-03-14,2024-06-07,No,90,1j - TDF+3TC+DTG,2024-09-03,Alive,2024-10-04,,,,,,,,,,,,,,,,,,09d77930a5a7483fba66ca8782ba17aa,SNNPR,Gedeo,DillaHealthCenter,7050740093
M,52,48,2014-07-29,2014-08-26,2024-08-19,,30,1j - TDF+3TC+DTG,2024-09-15,Alive,2024-10-17,,,,,,,,,,,,,,,,,,0a01c6cb87ce4a0bac202d40080bd3a1,SNNPR,Gedeo,DillaHealthCenter,7050740093
M,57,29,2023-12-19,2023-12-19,2024-08-09,,30,1j - TDF+3TC+DTG,2024-09-08,Alive,2024-10-07,,,,,,,,,,,,,,,,,,0aaa5bbb035f4e68afbcc19f0e6bb174,SNNPR,Gedeo,DillaHealthCenter,7050740093
M,63,31,2022-02-11,2022-02-11,2024-06-03,,90,1j - TDF+3TC+DTG,2024-08-30,Alive,2024-09-30,,,,,,,,,,,,,,,,,,0b1bcdf994b84eb3bb0f975300107da1,SNNPR,Gedeo,DillaHealthCenter,7050740093
F,46,17,2023-08-29,2023-08-29,2024-07-25,No,90,1j - TDF+3TC+DTG,2024-10-21,Alive,2024-11-21,,,,,,,,,,,,,,,,,,0b34904caa7b48b5b358a52b58f02b70,SNNPR,Gedeo,DillaHealthCenter,7050740093
M,57,18,2024-06-25,2024-06-25,2024-08-21,,30,1j - TDF+3TC+DTG,2024-09-20,Alive,2024-10-19,,,,,,,,,,,,,,,,,,0b3647e6a7884b43be7e237b9f4dd2da,SNNPR,Gedeo,DillaHealthCenter,7050740093
F,52,56,2018-08-29,2018-08-30,2024-05-06,No,180,1j - TDF+3TC+DTG,2024-11-02,Alive,2024-12-01,2024-06-14,Suppressed,0.0,2024-05-14,2024-05-14,Annual viral load test,,,,,,2024-05-14,2021-09-23,Suppressed,,,Repeat or confirmatory VL: initial viral load greater than 1000,0b4d107937ab4556833e68f269e71955,SNNPR,Gedeo,DillaHealthCenter,7050740093
M,52,32,2022-05-04,2022-05-04,2024-08-23,,90,1j - TDF+3TC+DTG,2024-11-21,Alive,2024-12-20,2024-02-19,HIV infection with high viral load,2019.0,2023-11-17,2023-11-17,First viral load test at 6 months or longer post ART,,,2024-08-23,2024-08-23,,,,,,,,0bda22161a0a429a81f374db0f5a7cc2,SNNPR,Gedeo,DillaHealthCenter,7050740093
F,50,24,2021-03-25,2021-03-25,2024-06-12,No,90,1j - TDF+3TC+DTG,2024-09-13,Alive,2024-10-09,,,,,,,,,,,,,,,,,,0e04b99a680a463a88aba53c2444a6f6,SNNPR,Gedeo,DillaHealthCenter,7050740093
M,44,91,2008-09-25,2009-03-11,2024-08-15,,90,1j - TDF+3TC+DTG,2024-11-13,Alive,2024-12-12,2024-06-14,Suppressed,0.0,2024-05-09,2024-05-09,Annual viral load test,,,,,,,,,,,,0e65b73349f9481c9fc63f1751b3aa8f,SNNPR,Gedeo,DillaHealthCenter,7050740093
M,57,41,2018-03-13,2018-04-11,2024-05-28,,180,1j - TDF+3TC+DTG,2024-11-24,Alive,2024-12-23,2024-02-13,Suppressed,0.0,2023-11-20,2023-11-20,Annual viral load test,,,,,,,,,,,,0efa3d9a42db4dfcb1cd4af87b9cc4bc,SNNPR,Gedeo,DillaHealthCenter,7050740093
M,43,26,2023-12-08,2023-12-08,2024-06-19,,90,1j - TDF+3TC+DTG,2024-09-17,Alive,2024-10-16,,,,,,,,,,,,,,,,,,12861c7a4a7849e3bcbf0ea879a878a2,SNNPR,Gedeo,DillaHealthCenter,7050740093
M,70,23,2020-09-07,2020-09-07,2024-06-17,,90,1j - TDF+3TC+DTG,2024-09-15,Alive,2024-10-14,2022-04-07,Suppressed,,2022-03-17,2022-03-17,Second viral load test at 12 months post ART,,,,,,,,,,,,1301067b8e5b439ab1266fa31ca94955,SNNPR,Gedeo,DillaHealthCenter,7050740093
F,49,21,2023-07-27,2023-07-27,2024-06-05,No,90,1j - TDF+3TC+DTG,2024-09-01,Alive,2024-10-02,,,,,,,,,,,,,,,,,,13170a6e81fd4b0eb258b2d0d413e990,SNNPR,Gedeo,DillaHealthCenter,7050740093
M,61,35,2017-11-27,2017-12-25,2024-04-19,,180,1j - TDF+3TC+DTG,2024-10-16,Alive,2024-11-14,2024-06-14,Suppressed,0.0,2024-04-19,2024-04-19,Annual viral load test,,2022-01-25,,,,,,,,,,1348b4f3cb994c679b5c533ecbe04a75,SNNPR,Gedeo,DillaHealthCenter,7050740093
F,45,48,2014-07-01,2014-07-01,2024-06-09,No,180,1j - TDF+3TC+DTG,2024-12-10,Alive,2025-01-04,2024-07-11,Suppressed,0.0,2024-06-12,2024-06-12,Annual viral load test,,,,,,,,,,,,138241e7438c4e38a9dfbdeacc065237,SNNPR,Gedeo,DillaHealthCenter,7050740093
F,54,42,2023-01-26,2023-01-26,2024-05-18,No,180,1j - TDF+3TC+DTG,2024-11-19,Alive,2024-12-13,2024-06-14,Suppressed,0.0,2024-05-11,2024-05-11,Second viral load test at 12 months post ART,,,,,,,,,,,,13f469994ee24381a2053cc2fc6d6761,SNNPR,Gedeo,DillaHealthCenter,7050740093
M,61,25,2020-02-07,2020-02-28,2024-08-19,,90,1j - TDF+3TC+DTG,2024-11-17,Alive,2024-12-16,2023-10-10,Low-level viremia,87.0,2024-08-07,2024-08-07,First viral load test at 6 months or longer post ART,,,,,,,,,,,,1466f8619f2d4160980bf14ae633479f,SNNPR,Gedeo,DillaHealthCenter,7050740093
F,42,44,2017-03-03,2017-03-05,2024-08-27,No,90,1j - TDF+3TC+DTG,2024-11-24,Alive,2024-12-24,2023-12-04,Low-level viremia,694.0,2024-08-22,2024-08-22,Annual viral load test,,2021-02-27,2024-08-27,2024-08-27,,,,,,,,15ca3672563a4c1483ef3e4390594206,SNNPR,Gedeo,DillaHealthCenter,7050740093
M,64,29,2023-02-28,2023-02-28,2024-06-12,,90,1j - TDF+3TC+DTG,2024-09-13,Alive,2024-10-09,,,,,,,,,,,,,,,,,,1614277992164f8abf33f58898648491,SNNPR,Gedeo,DillaHealthCenter,7050740093
M,58,22,2024-05-26,2024-05-26,2024-08-08,,30,1j - TDF+3TC+DTG,2024-09-07,Alive,2024-10-06,,,,,,,,,,,,,,,,,,1648430454094ce6ad06d2cae6e4cb70,SNNPR,Gedeo,DillaHealthCenter,7050740093
F,44,45,2009-01-28,2014-07-07,2024-08-14,No,90,1j - TDF+3TC+DTG,2024-11-12,Alive,2024-12-11,2023-05-09,Suppressed,0.0,2023-04-04,2023-04-04,Annual viral load test,,,,,,,,,,,,165772c1ff814ddc8ae43b99d0c44ed1,SNNPR,Gedeo,DillaHealthCenter,7050740093
F,72,29,2023-04-05,2023-04-05,2024-08-08,No,30,1j - TDF+3TC+DTG,2024-09-05,Alive,2024-10-06,2024-06-14,HIV infection with high viral load,39299.0,2024-04-22,2024-04-22,First viral load test at 6 months or longer post ART,,,2024-08-08,,,,,,,,,1673d014980a49f99864e61c39c677d0,SNNPR,Gedeo,DillaHealthCenter,7050740093
M,60,21,2022-11-23,2022-11-23,2024-06-20,,90,1j - TDF+3TC+DTG,2024-09-16,Alive,2024-10-17,,,,,,,,,,,,,,,,,,1766dec07554493086fa829bf143fd12,SNNPR,Gedeo,DillaHealthCenter,7050740093
F,47,16,2020-06-02,2020-06-02,2024-07-30,No,90,1j - TDF+3TC+DTG,2024-10-28,Alive,2024-11-26,2024-08-26,Suppressed,0.0,2024-07-17,2024-07-17,Annual viral load test,,,,,,,,,,,,19562f2118de47f38e24cfd3c92ab01a,SNNPR,Gedeo,DillaHealthCenter,7050740093
F,67,57,2017-01-20,2017-01-25,2024-06-15,No,90,1j - TDF+3TC+DTG,2024-09-13,Alive,2024-10-12,2024-08-26,Suppressed,0.0,2024-07-09,2024-07-09,Annual viral load test,,,,,,,,,,,,1969414bad944653b790d113f4251bf3,SNNPR,Gedeo,DillaHealthCenter,7050740093
F,70,26,2017-10-17,2017-11-01,2024-07-25,No,90,1j - TDF+3TC+DTG,2024-10-20,Alive,2024-11-21,2024-02-06,Suppressed,0.0,2023-12-28,2023-12-28,Annual viral load test,,,,,,,,,,,,198467e764b3478ea61654622b284198,SNNPR,Gedeo,DillaHealthCenter,7050740093
F,53,35,2014-10-31,2014-12-24,2024-07-12,No,180,1j - TDF+3TC+DTG,2025-01-09,Alive,2025-02-06,2024-03-26,Suppressed,0.0,2024-01-09,2024-01-09,Annual viral load test,,2020-10-27,,,,,,,,,,19ad7eb4b1d94967b6e157b1cf911c10,SNNPR,Gedeo,DillaHealthCenter,7050740093
F,54,23,2021-04-21,2021-04-21,2024-06-07,No,90,1j - TDF+3TC+DTG,2024-09-02,Alive,2024-10-04,,,,,,,,,,,,,,,,,,1a521da8828c4b6a8e7422c3ebdf30b9,SNNPR,Gedeo,DillaHealthCenter,7050740093
M,60,45,2017-02-14,2017-02-14,2024-08-15,,90,1j - TDF+3TC+DTG,2024-11-13,Alive,2024-12-12,2023-03-20,Suppressed,0.0,2024-08-15,2024-08-15,Annual viral load test,,,,,,,,,,,,1a8357c26cd04338bd3fe7e6545298e8,SNNPR,Gedeo,DillaHealthCenter,7050740093
F,42,38,2008-05-26,2008-05-26,2024-04-09,No,180,1j - TDF+3TC+DTG,2024-10-06,Alive,2024-11-04,2023-08-07,Suppressed,0.0,2023-07-10,2023-07-10,Annual viral load test,,,,,,,,,,,,1bdbf82e667140f48995032ae07bf65a,SNNPR,Gedeo,DillaHealthCenter,7050740093
M,58,28,2024-01-15,2024-01-15,2024-08-15,,90,1j - TDF+3TC+DTG,2024-11-13,Alive,2024-12-12,,,,,,,,,,,,,,,,,,1c1a22042a874e509a048fc9f44c65b3,SNNPR,Gedeo,DillaHealthCenter,7050740093
F,48,32,2022-06-11,2022-08-01,2024-06-25,No,90,1j - TDF+3TC+DTG,2024-09-23,Alive,2024-10-22,2023-03-20,Uncontrolled,292.0,2023-02-22,2023-02-22,First viral load test at 6 months or longer post ART,,,2023-04-28,2023-04-28,2023-04-28,,,,,,,1c5674bff5034936b1a00a95a0949ade,SNNPR,Gedeo,DillaHealthCenter,7050740093
M,41,38,2016-12-02,2016-12-14,2024-06-17,,90,1j - TDF+3TC+DTG,2024-09-15,Alive,2024-10-14,2024-04-18,Suppressed,0.0,2024-03-19,2024-03-19,Annual viral load test,,2020-10-28,,,,,,,,,,1cab17aae6264f5eac1fb82e9a71e4d7,SNNPR,Gedeo,DillaHealthCenter,7050740093
F,38,44,2020-07-17,2020-07-20,2024-08-10,No,90,1j - TDF+3TC+DTG,2024-11-09,Alive,2024-12-07,2023-12-30,Suppressed,0.0,2023-11-08,2023-11-08,Annual viral load test,,,,,,,,,,,,1da1b4993b6545eda77c6fa0c823b472,SNNPR,Gedeo,DillaHealthCenter,7050740093
M,57,60,2024-03-11,2024-03-11,2024-09-06,,30,1j - TDF+3TC+DTG,2024-10-06,Alive,2024-11-04,,,,,,,,,,,,,,,,,,1f3ba905e0744df9981513bbce5fd5f6,SNNPR,Gedeo,DillaHealthCenter,7050740093
F,63,31,2018-08-22,2018-08-22,2024-07-25,No,180,1j - TDF+3TC+DTG,2025-01-21,Alive,2025-02-19,2024-09-04,Suppressed,0.0,2024-07-19,2024-07-19,Annual viral load test,,,,,,,,,,,,21d3f0f6da234df19d72e8b892211d91,SNNPR,Gedeo,DillaHealthCenter,7050740093
F,70,38,2014-11-06,2014-11-06,2024-08-10,No,90,1j - TDF+3TC+DTG,2024-11-09,Alive,2024-12-07,2024-03-12,Suppressed,0.0,2023-12-15,2023-12-15,Annual viral load test,,,,,,,,,,,,21dd0ccbdb7c41f6921052a1b3b059f1,SNNPR,Gedeo,DillaHealthCenter,7050740093
F,46,38,2021-12-28,2022-01-17,2024-07-17,No,180,1j - TDF+3TC+DTG,2025-01-13,Alive,2025-02-11,2023-08-07,Suppressed,0.0,2023-07-17,2023-07-17,Second viral load test at 12 months post ART,,,,,,,,,,,,2296ad3c05534c879f66f8b18cb57395,SNNPR,Gedeo,DillaHealthCenter,7050740093
M,46,42,2022-10-20,2022-10-20,2024-07-14,,90,1j - TDF+3TC+DTG,2024-10-12,Alive,2024-11-10,2024-01-17,Suppressed,0.0,2023-11-10,2023-11-10,First viral load test at 6 months or longer post ART,,,,,,,,,,,,23948ec1b0c6461799c52d7d225472c1,SNNPR,Gedeo,DillaHealthCenter,7050740093
M,48,45,2024-08-21,2024-08-26,2024-08-26,,30,1j - TDF+3TC+DTG,2024-09-25,Alive,2024-10-24,,,,,,,,,,,,,,,,,,2415d6bdb1e94fda86d0647b688355c7,SNNPR,Gedeo,DillaHealthCenter,7050740093
M,57,30,2022-11-04,2022-11-04,2024-08-08,,90,1j - TDF+3TC+DTG,2024-11-06,Alive,2024-12-05,2023-08-07,Suppressed,0.0,2023-07-11,2023-07-11,First viral load test at 6 months or longer post ART,,,,,,,,,,,,24ef6f3fda71463f9536005f11a59c0e,SNNPR,Gedeo,DillaHealthCenter,7050740093
F,68,57,2023-06-15,2023-06-15,2024-06-09,No,90,1j - TDF+3TC+DTG,2024-09-07,Alive,2024-10-06,2024-03-12,Suppressed,0.0,2024-06-10,2024-06-10,First viral load test at 6 months or longer post ART,,,,,,,,,,,,284c4b3da644461397ccb4f646aaba12,SNNPR,Gedeo,DillaHealthCenter,7050740093
F,45,33,2024-04-26,2024-04-26,2024-08-20,No,30,1j - TDF+3TC+DTG,2024-09-20,Alive,2024-10-18,,,,,,,,,,,,,,,,,,28a9ee23ca144a52aff4d5eb8c2167c6,SNNPR,Gedeo,DillaHealthCenter,7050740093
F,65,25,2019-01-15,2019-01-15,2024-03-25,No,180,1j - TDF+3TC+DTG,2024-09-20,Alive,2024-10-20,2023-02-21,Suppressed,0.0,2024-04-24,2024-04-24,Annual viral load test,,,,,,,,,,,,296d57c249dc4f8ab184e850c039866f,SNNPR,Gedeo,DillaHealthCenter,7050740093
M,63,35,2022-10-06,2022-10-06,2024-06-12,,90,1j - TDF+3TC+DTG,2024-09-04,Alive,2024-10-09,2023-12-30,Suppressed,0.0,2023-10-30,2023-10-30,First viral load test at 6 months or longer post ART,,,,,,,,,,,,29985c335823411ebcfc4a52a2647876,SNNPR,Gedeo,DillaHealthCenter,7050740093
F,64,28,2020-09-24,2020-09-24,2024-03-10,No,180,1j - TDF+3TC+DTG,2024-09-06,Alive,2024-10-05,2023-07-11,Suppressed,0.0,2024-06-20,2024-06-20,Annual viral load test,,,,,,,,,,,,2a6e2d08a3164fe2b7f0be834f560b8c,SNNPR,Gedeo,DillaHealthCenter,7050740093
M,63,26,2023-11-16,2023-11-30,2024-08-14,,30,1j - TDF+3TC+DTG,2024-09-13,Alive,2024-10-12,2024-06-14,Suppressed,0.0,2024-05-07,2024-05-07,First viral load test at 6 months or longer post ART,,,,,,,,,,,,2bb1fa2f818e4d758fb9440ac0ea1988,SNNPR,Gedeo,DillaHealthCenter,7050740093
F,43,30,2017-07-12,2017-07-12,2024-06-23,No,90,1j - TDF+3TC+DTG,2024-09-23,Alive,2024-10-20,2022-05-06,Suppressed,0.0,2023-07-29,2023-07-29,Annual viral load test,,2021-01-13,,,,,,,,,,2bcde340029244d5bf2fbf0d07d5c967,SNNPR,Gedeo,DillaHealthCenter,7050740093
M,42,24,2024-03-26,2024-03-26,2024-06-17,,90,1j - TDF+3TC+DTG,2024-09-13,Alive,2024-10-14,,,,,,,,,,,,,,,,,,2c6095fd5bba48df8f1fc895ef4718b3,SNNPR,Gedeo,DillaHealthCenter,7050740093
M,54,33,2013-01-03,2017-12-13,2024-07-09,,180,1j - TDF+3TC+DTG,2025-01-05,Alive,2025-02-03,2024-04-25,Suppressed,0.0,2024-03-25,2024-03-25,Annual viral load test,,,,,,,,,,,,2d2c40b57b304d6f9de2b882c471d2e3,SNNPR,Gedeo,DillaHealthCenter,7050740093
M,73,35,2017-11-20,2019-05-22,2024-05-17,,180,1j - TDF+3TC+DTG,2024-11-13,Alive,2024-12-12,2024-06-14,Suppressed,0.0,2024-05-17,2024-05-17,Annual viral load test,,,,,,,,,,,,2db1bfac72634e68bc34058391aa6b2c,SNNPR,Gedeo,DillaHealthCenter,7050740093
F,51,58,2021-04-19,2021-04-19,2024-06-22,No,180,1j - TDF+3TC+DTG,2024-12-19,Alive,2025-01-17,2024-08-26,Suppressed,0.0,2024-06-12,2024-06-12,Second viral load test at 12 months post ART,,,,,,,,,,,,2dd518d51cc24e2790ea3d7464f2f394,SNNPR,Gedeo,DillaHealthCenter,7050740093
M,55,69,2005-10-07,2006-10-26,2024-07-15,,90,1j - TDF+3TC+DTG,2024-10-13,Alive,2024-11-11,2024-03-26,Suppressed,0.0,2023-12-26,2023-12-26,Annual viral load test,,2020-10-21,,,,,,,,,,2ee861791cc742999193be98c18b121e,SNNPR,Gedeo,DillaHealthCenter,7050740093
F,77,36,2013-10-03,2013-10-03,2024-07-07,No,90,1j - TDF+3TC+DTG,2024-10-05,Alive,2024-11-03,2023-07-27,Suppressed,0.0,2024-09-05,2024-09-05,Viral load after EAC: confirmatory viral load where initial viral load greater than 1000 copies per ml,,2020-08-19,,,,,,,,,,2f3338f08e9e4d9e894ad8fa9976cdd8,SNNPR,Gedeo,DillaHealthCenter,7050740093
F,45,28,2018-03-13,2018-03-13,2024-08-16,No,180,1j - TDF+3TC+DTG,2025-02-12,Alive,2025-03-13,2024-06-14,Suppressed,0.0,2024-05-07,2024-05-07,Annual viral load test,,,,,,,,,,,,31647f9f3bcd41898da1bab80944967d,SNNPR,Gedeo,DillaHealthCenter,7050740093
F,38,25,2019-06-24,2019-06-24,2024-08-10,No,90,1j - TDF+3TC+DTG,2024-11-09,Alive,2024-12-07,2022-12-06,Suppressed,0.0,2024-09-04,2024-09-04,Annual viral load test,,2021-03-19,,,,2024-09-04,2021-01-20,Suppressed,,,Repeat or confirmatory VL: initial viral load greater than 1000,31ef10143dbd4cb4a592266224b68f38,SNNPR,Gedeo,DillaHealthCenter,7050740093
F,13,6,2024-06-11,2024-06-11,2024-09-16,,30,4j - ABC+3TC+DTG,2024-10-14,Alive,2024-11-14,,,,,,,,,,,,,,,,,,324fa235ec144c1f80cdbfaf13e170de,SNNPR,Gedeo,DillaHealthCenter,7050740093
M,62,50,2010-11-17,2011-02-19,2024-04-19,,180,1j - TDF+3TC+DTG,2024-10-16,Alive,2024-11-14,2024-06-14,Suppressed,0.0,2024-04-29,2024-04-29,Annual viral load test,,,,,,,,,,,,34192dcc3c734417a178fea97cd90d43,SNNPR,Gedeo,DillaHealthCenter,7050740093
F,40,38,2016-11-18,2016-11-25,2024-07-15,No,180,1j - TDF+3TC+DTG,2025-01-11,Alive,2025-02-09,2024-07-11,Suppressed,0.0,2024-05-31,2024-05-31,Annual viral load test,,,,,,,,,,,,347c084a96084534b7bf86fbe445c665,SNNPR,Gedeo,DillaHealthCenter,7050740093
M,48,45,2019-03-28,2019-03-29,2024-08-01,,90,1j - TDF+3TC+DTG,2024-10-30,Alive,2024-11-28,2023-05-29,Uncontrolled,104.0,2024-08-01,2024-08-01,Annual viral load test,,,,,,,,,,,,34c987aed2f84c2d935701b4da994a72,SNNPR,Gedeo,DillaHealthCenter,7050740093
F,65,39,2020-03-13,2020-05-20,2024-06-10,No,90,1j - TDF+3TC+DTG,2024-09-02,Alive,2024-10-07,,,,,,,,,,,,,,,,,,351c1ea813654c369cc2e7c842bc0516,SNNPR,Gedeo,DillaHealthCenter,7050740093
F,56,47,2011-11-24,2012-04-04,2024-09-24,No,180,1j - TDF+3TC+DTG,2025-03-23,Alive,2025-04-21,2023-11-27,Suppressed,0.0,2024-09-24,2024-09-24,Annual viral load test,,2020-10-22,,,,,,,,,,3540fb2562c4456ea967bde4db68adaf,SNNPR,Gedeo,DillaHealthCenter,7050740093
F,51,29,2019-09-23,2020-01-21,2024-08-12,No,90,1j - TDF+3TC+DTG,2024-11-10,Alive,2024-12-09,2024-06-14,Suppressed,0.0,2024-05-12,2024-05-12,Annual viral load test,,,,,,,,,,,,3622885f84a94187b713548eabf2293a,SNNPR,Gedeo,DillaHealthCenter,7050740093
M,47,30,2022-10-03,2022-10-03,2024-08-30,,90,1j - TDF+3TC+DTG,2024-11-26,Alive,2024-12-27,2023-08-07,HIV infection with high viral load,176668.0,2024-08-30,2024-08-30,Viral load after EAC: confirmatory viral load where initial viral load greater than 1000 copies per ml,,,,,,,,,,,,36ad5556a6a7427bb2e6982ce0b7e938,SNNPR,Gedeo,DillaHealthCenter,7050740093
M,41,64,2020-11-16,2020-11-16,2024-08-06,,90,1j - TDF+3TC+DTG,2024-11-04,Alive,2024-12-03,2024-05-15,Suppressed,,2024-04-19,2024-04-19,Annual viral load test,,,,,,,,,,,,36ad5929c7a24e278d1b1d90edd08589,SNNPR,Gedeo,DillaHealthCenter,7050740093
F,49,41,2013-01-11,2017-03-28,2024-09-04,No,90,1j - TDF+3TC+DTG,2024-12-01,Alive,2025-01-01,2023-04-05,Suppressed,0.0,2024-09-05,2024-09-05,Annual viral load test,,,,,,,,,,,,3748edc8c7fc4c8298700d5d9bc41475,SNNPR,Gedeo,DillaHealthCenter,7050740093
M,46,46,2010-06-17,2010-08-31,2024-08-20,,180,1j - TDF+3TC+DTG,2025-02-17,Alive,2025-03-17,2024-07-11,Suppressed,0.0,2024-06-06,2024-06-06,Annual viral load test,,,,,,,,,,,,3a2c4dc0a48c4cb8a1bd4d9a1963312c,SNNPR,Gedeo,DillaHealthCenter,7050740093
M,62,38,2021-08-24,2021-08-24,2024-08-13,,30,1j - TDF+3TC+DTG,2024-09-12,Restart medication,2024-10-11,,,,,,,,,,,,,,,,,,3b78f61ee6224152b8e318e0d428901f,SNNPR,Gedeo,DillaHealthCenter,7050740093
F,46,34,2015-03-17,2015-03-17,2024-07-12,No,180,1j - TDF+3TC+DTG,2025-01-09,Alive,2025-02-06,2024-03-12,Suppressed,0.0,2024-01-15,2024-01-15,Annual viral load test,,2021-05-19,,,,,,,,,,3ba20628838943c099f1976ceaeb730a,SNNPR,Gedeo,DillaHealthCenter,7050740093
F,44,37,2017-08-04,2017-08-04,2024-09-17,No,90,1j - TDF+3TC+DTG,2024-12-16,Alive,2025-01-14,2023-04-13,Suppressed,0.0,2023-04-06,2023-04-06,Annual viral load test,,2020-11-25,,,,,,,,,,3c22959ff4b04e04b62cf25c2774d557,SNNPR,Gedeo,DillaHealthCenter,7050740093
M,66,48,2018-09-02,2019-09-16,2024-05-11,,180,1j - TDF+3TC+DTG,2024-11-12,Alive,2024-12-06,2024-06-14,Suppressed,0.0,2024-05-12,2024-05-12,Annual viral load test,,,,,,,,,,,,3e1ad5a0b301447aaea384f45080dc15,SNNPR,Gedeo,DillaHealthCenter,7050740093
M,60,25,2019-03-18,2019-03-18,2024-04-19,,180,1j - TDF+3TC+DTG,2024-10-15,Alive,2024-11-14,2024-03-26,Suppressed,0.0,2024-02-29,2024-02-29,Annual viral load test,,,,,,,,,,,,3e4a15758d3b426985b3b4b35006a3b7,SNNPR,Gedeo,DillaHealthCenter,7050740093
F,14,3,2024-06-14,2024-06-14,2024-09-17,,30,4j - ABC+3TC+DTG,2024-10-15,Alive,2024-11-15,,,,,,,,,,,,,,,,,,3e4ead0ce2e545a18db150907944a614,SNNPR,Gedeo,DillaHealthCenter,7050740093
F,42,20,2020-10-07,2020-10-07,2024-08-06,No,90,1j - TDF+3TC+DTG,2024-11-04,Alive,2024-12-03,2024-03-26,Suppressed,0.0,2024-02-05,2024-02-05,Annual viral load test,,,,,,2024-02-05,2021-06-29,Suppressed,,,Repeat or confirmatory VL: initial viral load greater than 1000,3e628f2573194f37a2773e69baec0d49,SNNPR,Gedeo,DillaHealthCenter,7050740093
F,46,32,2023-02-28,2023-02-28,2024-07-17,No,90,1j - TDF+3TC+DTG,2024-10-15,Alive,2024-11-13,2024-01-17,Suppressed,0.0,2023-11-10,2023-11-10,First viral load test at 6 months or longer post ART,,,,,,,,,,,,3e98ac26ed8042f6a005aae2789675c3,SNNPR,Gedeo,DillaHealthCenter,7050740093
M,64,37,2023-11-07,2023-11-07,2024-06-18,,90,1j - TDF+3TC+DTG,2024-09-16,Alive,2024-10-15,2024-07-11,Suppressed,0.0,2024-06-05,2024-06-05,First viral load test at 6 months or longer post ART,,,,,,,,,,,,3f399302ff97476aa42e493397dc7955,SNNPR,Gedeo,DillaHealthCenter,7050740093
M,70,35,2019-07-08,2019-07-08,2024-09-02,,180,1j - TDF+3TC+DTG,2025-03-01,Alive,2025-03-30,2023-12-04,Suppressed,0.0,2023-10-12,2023-10-12,Annual viral load test,,,,,,,,,,,,4104549dd02e46cc9822ef42f9348ec9,SNNPR,Gedeo,DillaHealthCenter,7050740093
M,53,43,2021-08-19,2021-09-03,2024-06-29,,90,1j - TDF+3TC+DTG,2024-09-28,Alive,2024-10-26,2024-06-14,Suppressed,0.0,2024-05-02,2024-05-02,Annual viral load test,,,,,,,,,,,,419046c22e4d40018f8d0015863b15dd,SNNPR,Gedeo,DillaHealthCenter,7050740093
F,42,21,2023-10-10,2023-10-10,2024-08-06,No,90,1j - TDF+3TC+DTG,2024-11-04,Alive,2024-12-03,2024-03-26,Suppressed,0.0,2024-02-15,2024-02-15,First viral load test at 6 months or longer post ART,,,,,,,,,,,,434275ea5e9d448d92b654cf8d787bae,SNNPR,Gedeo,DillaHealthCenter,7050740093
M,58,34,2022-05-16,2022-05-16,2024-08-04,,30,1j - TDF+3TC+DTG,2024-09-01,Alive,2024-10-02,,,,,,,,,,,,,,,,,,43701f4622e143cfa9ea1514125b0aee,SNNPR,Gedeo,DillaHealthCenter,7050740093
F,43,37,2015-11-24,2015-11-24,2024-08-24,No,180,1j - TDF+3TC+DTG,2025-02-20,Alive,2025-03-21,2024-07-11,Suppressed,0.0,2024-05-31,2024-05-31,Annual viral load test,,,,,,2024-05-31,2021-08-02,Suppressed,,,Repeat or confirmatory VL: initial viral load greater than 1000,4415992087c54d048811d4cf5e4a7ac2,SNNPR,Gedeo,DillaHealthCenter,7050740093
M,57,39,2022-08-26,2022-08-26,2024-07-22,,90,1j - TDF+3TC+DTG,2024-10-17,Alive,2024-11-18,2023-06-08,Suppressed,0.0,2023-05-26,2023-05-26,First viral load test at 6 months or longer post ART,,,,,,,,,,,,45a0a24b510649e6affec5a5af65048c,SNNPR,Gedeo,DillaHealthCenter,7050740093
F,68,35,2016-02-17,2016-02-17,2024-08-27,No,90,1j - TDF+3TC+DTG,2024-11-24,Alive,2024-12-24,2024-04-18,Suppressed,20.0,2024-03-14,2024-03-14,Annual viral load test,,,,,,,,,,,,45b5dabb56384b47a67ea4874937afd6,SNNPR,Gedeo,DillaHealthCenter,7050740093
M,59,33,2024-06-06,2024-06-06,2024-09-13,,60,1j - TDF+3TC+DTG,2024-11-10,Alive,2024-12-11,,,,,,,,,,,,,,,,,,460431e339f7462fb11b8bac0f4d356e,SNNPR,Gedeo,DillaHealthCenter,7050740093
M,62,31,2023-09-18,2023-09-18,2024-08-23,,90,1j - TDF+3TC+DTG,2024-11-20,Alive,2024-12-20,2024-03-26,Suppressed,20.0,2024-02-29,2024-02-29,First viral load test at 6 months or longer post ART,,,,,,,,,,,,4634e008fd4d4afc9d107ac03e70a803,SNNPR,Gedeo,DillaHealthCenter,7050740093
F,68,28,2022-02-21,2022-02-21,2024-06-22,No,90,1j - TDF+3TC+DTG,2024-09-20,Alive,2024-10-19,2023-07-27,Suppressed,0.0,2023-06-07,2023-06-07,Second viral load test at 12 months post ART,,,,,,,,,,,,46a5818354cd4c4e99d5ad92dc82899b,SNNPR,Gedeo,DillaHealthCenter,7050740093
F,42,19,2023-09-25,2023-09-25,2024-08-07,No,90,1j - TDF+3TC+DTG,2024-11-05,Alive,2024-12-04,2024-03-12,Suppressed,0.0,2024-01-22,2024-01-22,First viral load test at 6 months or longer post ART,,,,,,,,,,,,476f3536c7c7493e9a8b8f1ebcd2f77a,SNNPR,Gedeo,DillaHealthCenter,7050740093
M,74,27,2024-07-08,2024-07-08,2024-07-08,,90,1j - TDF+3TC+DTG,2024-10-03,Alive,2024-11-04,,,,,,,,,,,,,,,,,,48849194898044d682e8277063b80c62,SNNPR,Gedeo,DillaHealthCenter,7050740093
F,71,36,2013-05-13,2014-09-02,2024-09-05,No,90,1j - TDF+3TC+DTG,2024-12-04,Alive,2025-01-02,2024-07-11,Low-level viremia,780.0,2024-09-05,2024-09-05,First viral load test at 6 months or longer post ART,,,,,,,,,,,,48d92e22dd8247f78aa54ab99f83616e,SNNPR,Gedeo,DillaHealthCenter,7050740093
F,54,44,2015-03-06,2015-03-10,2024-05-01,No,180,1j - TDF+3TC+DTG,2024-10-28,Alive,2024-11-26,2024-06-14,Low-level viremia,150.0,2024-05-02,2024-05-02,Annual viral load test,,,,,,,,,,,,49ae9c5f550643c09377b232d91b9a73,SNNPR,Gedeo,DillaHealthCenter,7050740093
F,67,33,2013-03-03,2013-03-03,2024-05-01,No,180,1j - TDF+3TC+DTG,2024-10-28,Alive,2024-11-26,2023-11-27,Suppressed,0.0,2023-10-03,2023-10-03,Annual viral load test,,,,,,,,,,,,49b8ccd72831453ca5f03d9b6edec06d,SNNPR,Gedeo,DillaHealthCenter,7050740093
F,42,35,2024-06-14,2024-06-14,2024-08-13,No,30,1j - TDF+3TC+DTG,2024-09-12,Alive,2024-10-11,,,,,,,,,,,,,,,,,,4a04e101cc364bbd9d679db3a8ba231c,SNNPR,Gedeo,DillaHealthCenter,7050740093
F,68,47,2012-11-28,2013-06-25,2024-05-09,No,180,1j - TDF+3TC+DTG,2024-11-05,Alive,2024-12-04,2024-06-14,Suppressed,0.0,2024-05-09,2024-05-09,Annual viral load test,,,,,,,,,,,,4cf8d885e7b84d3886e278d1426c9f8e,SNNPR,Gedeo,DillaHealthCenter,7050740093
M,56,49,2010-12-01,2010-12-21,2024-04-26,,180,1j - TDF+3TC+DTG,2024-10-23,Alive,2024-11-21,2024-06-14,Suppressed,0.0,2024-04-29,2024-04-29,Annual viral load test,,,,,,,,,,,,4e468b044c6e4d2399a099aae021c5c7,SNNPR,Gedeo,DillaHealthCenter,7050740093
M,80,49,2012-10-09,2014-04-16,2024-06-01,,180,1j - TDF+3TC+DTG,2024-11-29,Alive,2024-12-27,2023-03-29,Suppressed,0.0,2023-03-14,2023-03-14,Annual viral load test,,,,,,,,,,,,4e6a749a970b4679bbed5a2b8133cab4,SNNPR,Gedeo,DillaHealthCenter,7050740093
F,52,23,2023-10-11,2023-10-11,2024-08-19,No,30,1j - TDF+3TC+DTG,2024-09-16,Alive,2024-10-17,2024-03-26,Suppressed,20.0,2024-02-29,2024-02-29,At the first antenatal care visit,,,,,,,,,,,,4f8b380a49a2447680ebd9a178cc72c4,SNNPR,Gedeo,DillaHealthCenter,7050740093
F,558,37,2011-02-03,2011-02-25,2024-07-20,No,90,1j - TDF+3TC+DTG,2024-10-18,Alive,2024-11-16,2023-08-07,Suppressed,0.0,2023-06-27,2023-06-27,Annual viral load test,,2020-12-25,,,,,,,,,,4f8c01c0c617483982cc78f0bdb33aa9,SNNPR,Gedeo,DillaHealthCenter,7050740093
F,44,37,2012-07-10,2013-06-17,2024-09-24,No,90,1j - TDF+3TC+DTG,2024-12-23,Alive,2025-01-21,2024-03-12,Suppressed,0.0,2024-02-18,2024-02-18,Annual viral load test,,2021-07-01,,,,,,,,,,5086bae02a5c48e78b746fec08851f93,SNNPR,Gedeo,DillaHealthCenter,7050740093
F,56,41,2010-12-09,2011-01-12,2024-08-27,No,90,1j - TDF+3TC+DTG,2024-11-25,Alive,2024-12-24,2024-04-09,Suppressed,0.0,2024-03-07,2024-03-07,Annual viral load test,,2020-12-08,,,,,,,,,,51b806b6d6634886adf8bfeb591309aa,SNNPR,Gedeo,DillaHealthCenter,7050740093
M,58,35,2019-05-27,2019-06-10,2024-08-22,,30,1j - TDF+3TC+DTG,2024-09-21,Alive,2024-10-20,2021-05-31,Suppressed,,2021-05-20,2021-05-20,Annual viral load test,,,,,,,,,,,,5379786008984a04839e1fd53d982f01,SNNPR,Gedeo,DillaHealthCenter,7050740093
M,54,25,2024-07-31,2024-07-31,2024-07-31,,90,1j - TDF+3TC+DTG,2024-10-26,Alive,2024-11-27,,,,,,,,,,,,,,,,,,537e29b80e604cc08b5094b59b2e6fcc,SNNPR,Gedeo,DillaHealthCenter,7050740093
M,59,28,2021-08-03,2021-08-03,2024-05-10,,180,1j - TDF+3TC+DTG,2024-11-06,Alive,2024-12-05,2024-06-14,Suppressed,0.0,2024-05-11,2024-05-11,Annual viral load test,,,,,,,,,,,,54bb8decb9314666ba1c000946028039,SNNPR,Gedeo,DillaHealthCenter,7050740093
M,62,29,2022-03-14,2022-03-14,2024-06-17,,90,1j - TDF+3TC+DTG,2024-09-15,Alive,2024-10-14,2023-11-27,Suppressed,0.0,2023-09-29,2023-09-29,Second viral load test at 12 months post ART,,,,,,,,,,,,55a1b77485024b7382461a26f9aed924,SNNPR,Gedeo,DillaHealthCenter,7050740093
F,53,26,2019-10-11,2018-08-27,2024-06-17,No,90,1j - TDF+3TC+DTG,2024-09-13,Alive,2024-10-14,2024-03-26,Low-level viremia,325.0,2024-01-26,2024-01-26,Annual viral load test,,,,,,2024-01-26,2023-06-27,Suppressed,0.0,,Suspected Antiretroviral failure,563c135f315b4814a920bf0defb24c44,SNNPR,Gedeo,DillaHealthCenter,7050740093
F,40,26,2023-05-12,2023-05-12,2024-06-22,No,90,1j - TDF+3TC+DTG,2024-09-20,Alive,2024-10-19,,,,,,,,,,,,,,,,,,56bab1cf0c0941d198db182262c0d0db,SNNPR,Gedeo,DillaHealthCenter,7050740093
F,79,41,2014-10-31,2014-11-07,2024-03-31,No,180,1j - TDF+3TC+DTG,2024-09-26,Alive,2024-10-26,2024-06-14,Suppressed,0.0,2024-05-02,2024-05-02,Annual viral load test,,,,,,,,,,,,58bfdac0702442688fe0fbb017943c0a,SNNPR,Gedeo,DillaHealthCenter,7050740093
M,66,28,2024-07-17,2024-07-17,2024-09-16,,30,1j - TDF+3TC+DTG,2024-10-14,Alive,2024-11-14,,,,,,,,,,,,,,,,,,5b8a3d9f71c345d396c6b2fdbcdf823f,SNNPR,Gedeo,DillaHealthCenter,7050740093
M,55,47,2022-12-07,2022-12-07,2024-06-19,,90,1j - TDF+3TC+DTG,2024-09-20,Alive,2024-10-16,2023-05-23,Suppressed,0.0,2023-05-09,2023-05-09,First viral load test at 6 months or longer post ART,,,,,,,,,,,,5bfc06d530dc4c51bee3478f261f4852,SNNPR,Gedeo,DillaHealthCenter,7050740093
F,78,28,2024-08-23,2024-08-23,2024-08-23,No,30,1j - TDF+3TC+DTG,2024-09-20,Alive,2024-10-21,,,,,,,,,,,,,,,,,,5c12aafc5dac46f08e28c5e5a37e9d2f,SNNPR,Gedeo,DillaHealthCenter,7050740093
F,76,26,2018-03-19,2018-03-19,2024-08-30,No,180,1j - TDF+3TC+DTG,2025-02-27,Alive,2025-03-27,2022-11-10,Suppressed,0.0,2022-10-24,2022-10-24,Annual viral load test,,,,,,,,,,,,5c73a93948984f07872910a833ca572d,SNNPR,Gedeo,DillaHealthCenter,7050740093
M,55,26,2023-11-29,2023-11-29,2024-07-01,,90,1j - TDF+3TC+DTG,2024-09-29,Alive,2024-10-28,,,,,,,,,,,,,,,,,,5d1c3b5803f04892ab51e2cc09d48f0d,SNNPR,Gedeo,DillaHealthCenter,7050740093
M,69,41,2008-06-02,2008-11-10,2024-08-28,,90,1j - TDF+3TC+DTG,2024-11-26,Alive,2024-12-25,2023-12-04,Suppressed,0.0,2023-10-16,2023-10-16,Annual viral load test,,,,,,,,,,,,5d259acd78944ca3bcab4cb18ad9be90,SNNPR,Gedeo,DillaHealthCenter,7050740093
M,76,40,2009-11-17,2009-12-23,2024-07-02,,90,1j - TDF+3TC+DTG,2024-09-30,Alive,2024-10-29,2023-06-08,Suppressed,0.0,2024-08-12,2024-08-12,Annual viral load test,,,,,,,,,,,,5d46abbebe064ee283c84bc828dfcb6b,SNNPR,Gedeo,DillaHealthCenter,7050740093
F,52,32,2015-05-21,2016-11-30,2024-08-10,No,90,1j - TDF+3TC+DTG,2024-11-09,Alive,2024-12-07,2024-07-11,Suppressed,0.0,2024-05-12,2024-05-12,Annual viral load test,,2020-10-20,,,,,,,,,,5ec2019c79074bb19d51cef4df27dd29,SNNPR,Gedeo,DillaHealthCenter,7050740093
F,57,27,2022-03-14,2022-03-14,2024-06-24,No,180,1j - TDF+3TC+DTG,2024-12-21,Alive,2025-01-19,2024-01-17,Suppressed,0.0,2023-11-16,2023-11-16,Three months after delivery,,,,,,,,,,,,6060ebf1717d44d693bad803123c64ea,SNNPR,Gedeo,DillaHealthCenter,7050740093
F,45,38,2021-04-23,2021-04-23,2024-07-27,No,180,1j - TDF+3TC+DTG,2025-01-20,Alive,2025-02-21,2024-03-12,Suppressed,0.0,2024-01-24,2024-01-24,Annual viral load test,,,,,,,,,,,,6080dcf228154f779453ff939e0b85be,SNNPR,Gedeo,DillaHealthCenter,7050740093
F,56,32,2022-03-22,2022-03-22,2024-08-17,No,90,1j - TDF+3TC+DTG,2024-11-15,Alive,2024-12-14,,,,,,,,,,,,,,,,,,60da7b3d788d417bacdce83c183c0026,SNNPR,Gedeo,DillaHealthCenter,7050740093
F,50,31,2022-11-10,2022-11-10,2024-06-24,No,90,1j - TDF+3TC+DTG,2024-09-22,Alive,2024-10-21,2024-07-11,Suppressed,0.0,2024-06-07,2024-06-07,Annual viral load test,,,,,,,,,,,,613120c0bb404912af6a7fd22f13f803,SNNPR,Gedeo,DillaHealthCenter,7050740093
M,53,43,2021-08-05,2021-10-04,2024-09-02,,30,1j - TDF+3TC+DTG,2024-10-02,Alive,2024-10-31,2024-06-14,Low-level viremia,164.0,2024-06-06,2024-06-06,Annual viral load test,,,,,,,,,,,,62572a9ab1074d7a8bcaa9921edd7489,SNNPR,Gedeo,DillaHealthCenter,7050740093
F,69,34,2010-06-22,2013-01-21,2024-08-19,No,90,1j - TDF+3TC+DTG,2024-11-16,Alive,2024-12-16,2023-05-23,Suppressed,0.0,2024-08-19,2024-08-19,Annual viral load test,,,,,,,,,,,,62af76a387414091b269208e01b48f52,SNNPR,Gedeo,DillaHealthCenter,7050740093
F,44,31,2023-08-01,2023-08-01,2024-08-02,No,90,1j - TDF+3TC+DTG,2024-10-30,Alive,2024-11-29,2024-08-26,Suppressed,20.0,2024-07-17,2024-07-17,Second viral load test at 12 months post ART,,,,,,,,,,,,640ebb8d8b654e3094b8dc591d30e7bf,SNNPR,Gedeo,DillaHealthCenter,7050740093
M,55,40,2011-12-15,2019-07-26,2024-06-01,,180,1j - TDF+3TC+DTG,2024-11-29,Alive,2024-12-27,2024-09-04,HIV infection with high viral load,120150.0,2024-07-23,2024-07-23,Annual viral load test,,,,,,,,,,,,6421ef62b21a4ac58a9e32b5acef134e,SNNPR,Gedeo,DillaHealthCenter,7050740093
F,47,32,2012-02-21,2012-03-09,2024-04-15,No,180,1j - TDF+3TC+DTG,2024-10-12,Alive,2024-11-10,2024-07-26,Suppressed,0.0,2024-04-15,2024-04-15,Annual viral load test,,2020-10-20,,,,,,,,,,64eed57c860c4b448835c590b126b21d,SNNPR,Gedeo,DillaHealthCenter,7050740093
F,43,36,2012-04-03,2013-07-01,2024-06-26,No,90,1j - TDF+3TC+DTG,2024-09-24,Alive,2024-10-23,2024-02-19,Suppressed,0.0,2024-01-03,2024-01-03,Viral load after EAC: confirmatory viral load where initial viral load greater than 1000 copies per ml,,,,,,,,,,,,65493d7514804839be885c31ed196719,SNNPR,Gedeo,DillaHealthCenter,7050740093
M,59,22,2022-05-10,2022-05-10,2024-08-12,,180,1j - TDF+3TC+DTG,2025-02-08,Alive,2025-03-09,2024-06-14,Suppressed,0.0,2024-05-08,2024-05-08,First viral load test at 6 months or longer post ART,,,,,,,,,,,,654c676555834fd79fd4155f5aa36b1f,SNNPR,Gedeo,DillaHealthCenter,7050740093
F,46,49,2021-01-01,2021-01-01,2024-07-11,No,90,1j - TDF+3TC+DTG,2024-10-09,Alive,2024-11-07,2024-07-26,Suppressed,0.0,2024-04-12,2024-04-12,Annual viral load test,,,,,,,,,,,,6572d5da4e544dcea3538ca8de51e654,SNNPR,Gedeo,DillaHealthCenter,7050740093
F,70,28,2018-11-07,2018-11-07,2024-03-21,No,180,1j - TDF+3TC+DTG,2024-09-15,Alive,2024-10-16,2023-03-20,Suppressed,0.0,2023-02-23,2023-02-23,Annual viral load test,,,,,,,,,,,,65f281e6124b40008a4b873b1325ed57,SNNPR,Gedeo,DillaHealthCenter,7050740093
M,39,18,2013-08-12,2015-02-05,2024-08-17,,180,1j - TDF+3TC+DTG,2025-02-13,Alive,2025-03-14,2023-05-23,Suppressed,0.0,2023-05-10,2023-05-10,Annual viral load test,,,,,,,,,,,,66584eacf83c4e11bc317210520047e1,SNNPR,Gedeo,DillaHealthCenter,7050740093
F,55,34,2015-02-23,2015-03-02,2024-08-15,No,90,1j - TDF+3TC+DTG,2024-11-13,Alive,2024-12-12,2023-03-03,Suppressed,0.0,2024-05-20,2024-05-20,Annual viral load test,,2021-03-31,,,,,,,,,,6676a5c0f2654e729f10e72cfb1df8d8,SNNPR,Gedeo,DillaHealthCenter,7050740093
F,57,23,2023-08-22,2023-08-22,2024-06-24,No,90,1j - TDF+3TC+DTG,2024-09-22,Alive,2024-10-21,2024-03-26,HIV infection with high viral load,71300.0,2024-02-29,2024-02-29,First viral load test at 6 months or longer post ART,,,,,,,,,,,,66c6e0d0a06d447fa04886f43c410fa9,SNNPR,Gedeo,DillaHealthCenter,7050740093
F,89,41,2013-09-25,2013-09-25,2024-07-22,No,180,1j - TDF+3TC+DTG,2025-01-18,Alive,2025-02-16,2024-03-12,Suppressed,0.0,2024-01-24,2024-01-24,Annual viral load test,,,,,,,,,,,,670088357aca4a41931a4b2e3ec45220,SNNPR,Gedeo,DillaHealthCenter,7050740093
F,55,27,2022-10-03,2022-10-03,2024-06-26,No,90,1j - TDF+3TC+DTG,2024-09-24,Alive,2024-10-23,2024-04-18,Suppressed,0.0,2024-03-14,2024-03-14,Annual viral load test,,,,,,,,,,,,675281fc73ba42729cd8beb508c681a3,SNNPR,Gedeo,DillaHealthCenter,7050740093
F,40,61,2013-01-31,2013-01-31,2024-08-27,No,90,1j - TDF+3TC+DTG,2024-11-24,Alive,2024-12-24,2023-04-05,Suppressed,0.0,2024-08-26,2024-08-26,Annual viral load test,,,,,,,,,,,,679e19fd5b5245b7bdee4b11e7ae417a,SNNPR,Gedeo,DillaHealthCenter,7050740093
M,65,51,2013-02-26,2013-03-15,2024-08-24,,90,1j - TDF+3TC+DTG,2024-11-21,Alive,2024-12-21,2023-12-04,Suppressed,0.0,2023-10-13,2023-10-13,Annual viral load test,,,,,,,,,,,,67c5752112474d3c8e6c4b0d69f3e8f5,SNNPR,Gedeo,DillaHealthCenter,7050740093
M,65,42,2012-06-13,2013-06-27,2024-08-15,,90,1j - TDF+3TC+DTG,2024-11-13,Alive,2024-12-12,2024-06-27,Suppressed,0.0,2024-05-26,2024-05-26,Annual viral load test,,,,,,,,,,,,67f3f430ecff4f45b5fc5699aa92db3e,SNNPR,Gedeo,DillaHealthCenter,7050740093
F,58,34,2020-10-12,2020-10-12,2024-08-03,No,90,1j - TDF+3TC+DTG,2024-11-01,Alive,2024-11-30,2023-08-24,HIV infection with high viral load,1365.0,2023-07-28,2023-07-28,Viral load after EAC: confirmatory viral load where initial viral load greater than 1000 copies per ml,,,2024-08-03,,,,,,,,,6809c8dfdd304ee39f80882f93452ed5,SNNPR,Gedeo,DillaHealthCenter,7050740093
F,50,27,2023-02-08,2023-02-08,2024-08-06,No,90,1j - TDF+3TC+DTG,2024-11-02,Alive,2024-12-03,2023-08-14,Suppressed,38.0,2024-08-06,2024-08-06,First viral load test at 6 months or longer post ART,,,,,,,,,,,,68b90623fb514b788029e1199adf79b4,SNNPR,Gedeo,DillaHealthCenter,7050740093
F,51,27,2017-09-28,2017-09-28,2024-05-14,No,180,1j - TDF+3TC+DTG,2024-11-10,Alive,2024-12-09,2023-05-23,Suppressed,0.0,2024-08-27,2024-08-27,Annual viral load test,,2020-07-01,,,,,,,,,,68c2f388f88043829ca65e1af3ded82f,SNNPR,Gedeo,DillaHealthCenter,7050740093
M,67,49,2023-08-01,2023-08-01,2024-08-13,,30,1j - TDF+3TC+DTG,2024-09-13,Alive,2024-10-11,2024-07-26,HIV infection with high viral load,18558.0,2024-04-12,2024-04-12,First viral load test at 6 months or longer post ART,,,,,,,,,,,,68f15748311644a7b55f58739da9cc51,SNNPR,Gedeo,DillaHealthCenter,7050740093
F,44,20,2022-05-23,2022-05-23,2024-06-25,No,90,1j - TDF+3TC+DTG,2024-09-26,Alive,2024-10-22,,,,,,,,,,,,,,,,,,6a39bd03d8034873bb55366cc45d6cda,SNNPR,Gedeo,DillaHealthCenter,7050740093
F,60,27,2018-10-06,2017-10-06,2024-04-26,No,180,1j - TDF+3TC+DTG,2024-10-23,Alive,2024-11-21,2024-03-26,Suppressed,0.0,2024-02-03,2024-02-03,Annual viral load test,,,,,,,,,,,,6a6c7ea87eb94c698749abd0e029a51e,SNNPR,Gedeo,DillaHealthCenter,7050740093
M,57,50,2021-02-15,2021-02-15,2024-07-25,,90,1j - TDF+3TC+DTG,2024-10-23,Alive,2024-11-21,2024-06-27,Suppressed,0.0,2024-05-26,2024-05-26,Viral load after EAC: repeat viral load where initial viral load greater than 50 and less than 1000 copies per ml,,,,,,,,,,,,6b0cbeb56d584c96844be0916ef8e865,SNNPR,Gedeo,DillaHealthCenter,7050740093
M,65,48,2021-12-28,2021-12-28,2024-09-24,,90,1j - TDF+3TC+DTG,2024-12-21,Alive,2025-01-21,2023-04-05,Suppressed,0.0,2023-03-01,2023-03-01,Second viral load test at 12 months post ART,,,,,,,,,,,,6bb7a4b7b88d4958888b28d647bfe017,SNNPR,Gedeo,DillaHealthCenter,7050740093
M,55,64,2009-05-13,2009-05-25,2024-06-02,,180,1j - TDF+3TC+DTG,2024-11-27,Alive,2024-12-28,2024-06-27,Suppressed,0.0,2024-05-31,2024-05-31,Annual viral load test,,,,,,,,,,,,6cb1da7b53594851a5158355e32a09ef,SNNPR,Gedeo,DillaHealthCenter,7050740093
F,43,27,2022-12-30,2022-12-30,2024-06-22,No,90,1j - TDF+3TC+DTG,2024-09-18,Alive,2024-10-19,,,,,,,,,,,,,,,,,,6deb4b528b094adaa240ad44e34f5e99,SNNPR,Gedeo,DillaHealthCenter,7050740093
M,52,30,2024-05-22,2024-05-22,2024-09-21,,30,1j - TDF+3TC+DTG,2024-10-21,Alive,2024-11-19,,,,,,,,,,,,,,,,,,6df444bf1f744597838c7d1ea11494ba,SNNPR,Gedeo,DillaHealthCenter,7050740093
M,71,22,2023-02-21,2023-02-21,2024-06-17,,90,1j - TDF+3TC+DTG,2024-09-15,Alive,2024-10-14,,,,,,,,,,,,,,,,,,707b3760448e40919ccec51e82db2124,SNNPR,Gedeo,DillaHealthCenter,7050740093
M,69,36,2017-10-12,2017-10-19,2024-05-26,,180,1j - TDF+3TC+DTG,2024-11-22,Alive,2024-12-21,2024-07-11,Suppressed,0.0,2024-06-06,2024-06-06,Annual viral load test,,,,,,,,,,,,70b6ec81d7bf49619d27ffc47378d257,SNNPR,Gedeo,DillaHealthCenter,7050740093
F,64,33,2016-01-14,2016-01-14,2024-08-20,No,30,1j - TDF+3TC+DTG,2024-09-17,Alive,2024-10-18,2022-10-20,Suppressed,0.0,2022-10-03,2022-10-03,Annual viral load test,,,,,,,,,,,,71d973fcf4624f548ab11987631d76b8,SNNPR,Gedeo,DillaHealthCenter,7050740093
F,57,26,2021-12-02,2021-12-02,2024-08-19,No,90,1j - TDF+3TC+DTG,2024-11-17,Alive,2024-12-16,2024-06-14,Suppressed,0.0,2024-05-15,2024-05-15,Second viral load test at 12 months post ART,,,,,,,,,,,,724c91930ce84e5e9aae7cbe12c70e00,SNNPR,Gedeo,DillaHealthCenter,7050740093
F,66,45,2011-09-15,2011-09-23,2024-08-10,No,90,1j - TDF+3TC+DTG,2024-11-09,Alive,2024-12-07,2024-03-12,Suppressed,0.0,2023-12-12,2023-12-12,Annual viral load test,,,,,,,,,,,,72909d509d5c4d30ae315f6339ba0134,SNNPR,Gedeo,DillaHealthCenter,7050740093
F,51,26,2023-10-23,2023-10-23,2024-07-11,No,90,1j - TDF+3TC+DTG,2024-10-11,Alive,2024-11-07,,,,,,,,,,,,,,,,,,7453839216d54c41bb88ac4ce7bbf3f3,SNNPR,Gedeo,DillaHealthCenter,7050740093
F,61,31,2024-02-06,2024-02-06,2024-07-09,No,90,1j - TDF+3TC+DTG,2024-10-12,Alive,2024-11-05,2024-08-26,Suppressed,20.0,2024-07-10,2024-07-10,First viral load test at 6 months or longer post ART,,,,,,,,,,,,746f17991749451fbe614a0bfe3d7c20,SNNPR,Gedeo,DillaHealthCenter,7050740093
M,77,29,2024-04-29,2024-04-29,2024-08-13,,90,1j - TDF+3TC+DTG,2024-11-11,Alive,2024-12-10,,,,,,,,,,,,,,,,,,7478a432e8824b719b4316121e6f39ae,SNNPR,Gedeo,DillaHealthCenter,7050740093
M,59,33,2024-02-08,2024-02-08,2024-08-14,,90,1j - TDF+3TC+DTG,2024-11-12,Alive,2024-12-11,,,,,,,,,,,,,,,,,,76d4551bdf854fb5999e868eb94007bb,SNNPR,Gedeo,DillaHealthCenter,7050740093
M,51,26,2023-07-31,2023-07-31,2024-06-23,,90,1j - TDF+3TC+DTG,2024-09-21,Alive,2024-10-20,,,,,,,,,,,,,,,,,,76e649e272244d829bd3333a035dbac0,SNNPR,Gedeo,DillaHealthCenter,7050740093
F,53,24,2020-06-27,2020-06-27,2024-07-04,No,90,1j - TDF+3TC+DTG,2024-09-30,Alive,2024-10-31,2024-08-26,Suppressed,0.0,2024-07-15,2024-07-15,Annual viral load test,,,,,,,,,,,,78720d77604a4fdfa76366f45d716b40,SNNPR,Gedeo,DillaHealthCenter,7050740093
F,53,36,2018-03-22,2018-04-20,2024-07-15,No,90,1j - TDF+3TC+DTG,2024-10-12,Alive,2024-11-11,2024-08-26,Suppressed,20.0,2024-07-15,2024-07-15,Annual viral load test,,,,,,,,,,,,7994d647de974dfb9d6d104227f95d55,SNNPR,Gedeo,DillaHealthCenter,7050740093
M,54,18,2014-07-21,2014-08-20,2024-06-17,,90,1j - TDF+3TC+DTG,2024-09-15,Alive,2024-10-14,2022-12-06,Suppressed,0.0,2022-11-10,2022-11-10,Annual viral load test,,,,,,,,,,,,7c61063220f949dda472a4afb411f7a8,SNNPR,Gedeo,DillaHealthCenter,7050740093
F,69,39,2013-06-13,2013-06-21,2024-06-26,No,180,1j - TDF+3TC+DTG,2024-12-28,Alive,2025-01-21,2024-08-26,Suppressed,0.0,2024-07-01,2024-07-01,Annual viral load test,,,,,,,,,,,,7ca57778fdd94fe8a41d8972434e2a6a,SNNPR,Gedeo,DillaHealthCenter,7050740093
M,56,36,2018-09-04,2018-09-04,2024-09-03,,90,1j - TDF+3TC+DTG,2024-12-02,Alive,2024-12-31,2024-03-12,Suppressed,0.0,2024-01-17,2024-01-17,Annual viral load test,,,,,,,,,,,,7e459b101fb74169999eee6e8201fcfa,SNNPR,Gedeo,DillaHealthCenter,7050740093
M,49,31,2023-09-21,2023-09-21,2024-08-14,,30,1j - TDF+3TC+DTG,2024-09-14,Alive,2024-10-12,2024-06-14,Suppressed,0.0,2024-04-17,2024-04-17,Second viral load test at 12 months post ART,,,,,,,,,,,,7eb5cd0b22c14edfbefe02f09a8bc77a,SNNPR,Gedeo,DillaHealthCenter,7050740093
F,87,33,2013-03-27,2013-04-10,2024-08-27,No,90,1j - TDF+3TC+DTG,2024-11-26,Alive,2024-12-24,2021-08-09,Suppressed,,2021-07-22,2021-07-22,Annual viral load test,,,,,,,,,,,,7f130a664a0a4d648e84649b7eae7f53,SNNPR,Gedeo,DillaHealthCenter,7050740093
F,45,55,2024-06-26,2024-06-26,2024-08-22,No,30,1j - TDF+3TC+DTG,2024-09-20,Alive,2024-10-20,,,,,,,,,,,,,,,,,,8011b260c02c4072b3e8c723d9009a89,SNNPR,Gedeo,DillaHealthCenter,7050740093
F,52,29,2024-06-17,2024-06-17,2024-07-16,No,90,1j - TDF+3TC+DTG,2024-10-12,Alive,2024-11-12,,,,,,,,,,,,,,,,,,813f0b4ed62048508dffbda565ec0cf9,SNNPR,Gedeo,DillaHealthCenter,7050740093
F,35,72,2007-02-11,2007-04-13,2024-09-20,No,90,1j - TDF+3TC+DTG,2024-12-19,Alive,2025-01-17,2024-03-12,Suppressed,0.0,2024-01-15,2024-01-15,Annual viral load test,,,,,,,,,,,,81ecc98e0b9a48beb78a78306ebe8e66,SNNPR,Gedeo,DillaHealthCenter,7050740093
F,49,41,2022-01-25,2022-01-25,2024-08-27,No,90,1j - TDF+3TC+DTG,2024-11-19,Alive,2024-12-24,2023-09-19,Suppressed,0.0,2023-08-10,2023-08-10,Annual viral load test,,,,,,,,,,,,8220279c03394cceb2335931621e5652,SNNPR,Gedeo,DillaHealthCenter,7050740093
F,60,24,2018-04-20,2018-04-20,2024-06-24,No,90,1j - TDF+3TC+DTG,2024-09-25,Alive,2024-10-21,2023-05-22,Suppressed,0.0,2023-05-04,2023-05-04,Second viral load test at 12 months post ART,,,,,,,,,,,,824b5509f8c748d7887c6ce6bbcd199c,SNNPR,Gedeo,DillaHealthCenter,7050740093
F,55,21,2021-07-05,2021-07-05,2024-06-23,No,90,1j - TDF+3TC+DTG,2024-09-24,Alive,2024-10-20,2023-04-05,Suppressed,0.0,2023-03-26,2023-03-26,Viral load after EAC: confirmatory viral load where initial viral load greater than 1000 copies per ml,,,,,,,,,,,,8309b268e03642bea278c731c5e54090,SNNPR,Gedeo,DillaHealthCenter,7050740093
M,54,21,2024-01-15,2024-01-15,2024-07-12,,90,1j - TDF+3TC+DTG,2024-10-11,Alive,2024-11-08,,,,,,,,,,,,,,,,,,8395ccd8d32549ab8810fee58f2cb33b,SNNPR,Gedeo,DillaHealthCenter,7050740093
F,45,46,2023-10-31,2023-10-31,2024-07-24,No,90,1j - TDF+3TC+DTG,2024-10-20,Alive,2024-11-20,2024-06-14,Suppressed,0.0,2024-04-27,2024-04-27,First viral load test at 6 months or longer post ART,,,,,,,,,,,,84926c3557db45b88d7ff68dc43c6c86,SNNPR,Gedeo,DillaHealthCenter,7050740093
M,53,44,2017-10-02,2018-01-03,2024-07-01,,90,1j - TDF+3TC+DTG,2024-09-29,Alive,2024-10-28,2024-06-14,Suppressed,0.0,2024-04-22,2024-04-22,Annual viral load test,,,,,,,,,,,,84c8bc7df3e04035b4246fbeaff0ac44,SNNPR,Gedeo,DillaHealthCenter,7050740093
M,81,40,2022-03-11,2022-03-11,2024-08-12,,90,1j - TDF+3TC+DTG,2024-11-10,Alive,2024-12-09,2023-08-07,Suppressed,0.0,2024-08-12,2024-08-12,Annual viral load test,,,,,,,,,,,,856e91ed19e14fab98fdfb71b55017ca,SNNPR,Gedeo,DillaHealthCenter,7050740093
F,39,42,2013-04-08,2013-08-06,2024-08-07,No,90,1j - TDF+3TC+DTG,2024-11-05,Alive,2024-12-04,2024-04-25,Suppressed,0.0,2024-02-01,2024-02-01,Annual viral load test,,,,,,,,,,,,874ec071b85f429889bf5eed25e3726e,SNNPR,Gedeo,DillaHealthCenter,7050740093
F,48,28,2021-07-14,2021-07-14,2024-06-26,No,90,1j - TDF+3TC+DTG,2024-09-24,Alive,2024-10-23,2024-05-15,Suppressed,0.0,2024-04-02,2024-04-02,Annual viral load test,,,,,,,,,,,,87872da2c5fd4295ae9bbb0ceaa9beb8,SNNPR,Gedeo,DillaHealthCenter,7050740093
M,94,34,2016-11-29,2016-12-01,2024-03-17,,180,1j - TDF+3TC+DTG,2024-09-12,Alive,2024-10-12,2023-05-03,Suppressed,0.0,2024-08-01,2024-08-01,Annual viral load test,,,,,,,,,,,,885e3c3eb9de4d46a2c41b94639a1e6e,SNNPR,Gedeo,DillaHealthCenter,7050740093
F,69,35,2012-05-11,2012-09-22,2024-08-11,No,180,1j - TDF+3TC+DTG,2025-02-07,Alive,2025-03-08,2023-05-29,Suppressed,0.0,2023-05-12,2023-05-12,Annual viral load test,,,,,,,,,,,,8906f244e15f4733872c0dc953a40389,SNNPR,Gedeo,DillaHealthCenter,7050740093
F,50,59,2007-03-22,2007-03-22,2024-08-10,No,90,1j - TDF+3TC+DTG,2024-11-09,Alive,2024-12-07,2022-12-06,Suppressed,0.0,2024-06-20,2024-06-20,Second viral load test at 12 months post ART,,,,,,,,,,,,8b40f4934a38480682940b56018e7802,SNNPR,Gedeo,DillaHealthCenter,7050740093
F,43,48,2017-12-25,2017-12-28,2024-05-15,No,180,1j - TDF+3TC+DTG,2024-11-11,Alive,2024-12-10,2024-06-14,Suppressed,0.0,2024-05-15,2024-05-15,Annual viral load test,,,,,,2024-05-15,,,,,Repeat or confirmatory VL: initial viral load greater than 1000,8c92344f43354dfe908e1086d8900d47,SNNPR,Gedeo,DillaHealthCenter,7050740093
F,46,39,2010-10-18,2011-08-05,2024-08-13,No,90,1j - TDF+3TC+DTG,2024-11-11,Alive,2024-12-10,2024-06-14,Suppressed,0.0,2024-05-15,2024-05-15,Annual viral load test,,2020-11-05,,,,,,,,,,8d5db0b37d864432aab3e5f1c6ed6da4,SNNPR,Gedeo,DillaHealthCenter,7050740093
F,41,26,2023-03-12,2023-03-12,2024-09-23,No,90,1j - TDF+3TC+DTG,2024-12-20,Alive,2025-01-20,2024-04-25,Suppressed,0.0,2024-03-25,2024-03-25,First viral load test at 6 months or longer post ART,,,,,,,,,,,,8de4f7edbe9c4018907a16541b8d50d2,SNNPR,Gedeo,DillaHealthCenter,7050740093
F,51,45,2014-07-31,2014-07-31,2024-03-18,No,180,1j - TDF+3TC+DTG,2024-09-12,Alive,2024-10-13,2023-11-16,Suppressed,0.0,2024-09-18,2024-09-18,Annual viral load test,,2020-09-12,,,,,,,,,,8e84656982644d86960bdd4266e2433e,SNNPR,Gedeo,DillaHealthCenter,7050740093
F,75,30,2024-06-15,2024-06-15,2024-08-10,Yes,30,1j - TDF+3TC+DTG,2024-09-09,Alive,2024-10-08,,,,,,,,,,,,,,,,,,8f183fe441f240ea91b7ab0a1ba5e096,SNNPR,Gedeo,DillaHealthCenter,7050740093
M,57,60,2024-07-03,2024-07-03,2024-09-23,,30,1j - TDF+3TC+DTG,2024-10-21,Alive,2024-11-21,,,,,,,,,,,,,,,,,,903723a694fb40dcbde343e70e56a171,SNNPR,Gedeo,DillaHealthCenter,7050740093
F,48,37,2011-12-15,2013-06-17,2024-08-12,No,90,1j - TDF+3TC+DTG,2024-11-10,Alive,2024-12-09,2023-12-30,Suppressed,0.0,2023-11-03,2023-11-03,Annual viral load test,,2020-10-13,,,,,,,,,,90b55a9809ec40238ff54472ffb27bbf,SNNPR,Gedeo,DillaHealthCenter,7050740093
F,57,36,2018-02-28,2018-03-15,2024-03-28,No,180,1j - TDF+3TC+DTG,2024-09-26,Alive,2024-10-23,2024-05-15,Suppressed,0.0,2024-03-29,2024-03-29,Annual viral load test,,,,,,,,,,,,91edd08801454524a69cc5b039ff8852,SNNPR,Gedeo,DillaHealthCenter,7050740093
F,42,42,2023-01-17,2023-01-17,2024-08-26,No,30,1j - TDF+3TC+DTG,2024-09-25,Alive,2024-10-24,2024-03-26,Low-level viremia,181.0,2024-08-26,2024-08-26,First viral load test at 6 months or longer post ART,,,2024-08-26,2024-04-06,2024-04-06,,,,,,,93dda6e048b04a9a9d9c3d8a3b1eb640,SNNPR,Gedeo,DillaHealthCenter,7050740093
F,50,21,2020-09-17,2020-09-17,2024-06-29,No,90,1j - TDF+3TC+DTG,2024-09-25,Alive,2024-10-26,2023-04-05,Suppressed,0.0,2023-03-30,2023-03-30,Viral load after EAC: repeat viral load where initial viral load greater than 50 and less than 1000 copies per ml,,,,,,,,,,,,94083198a8ee4cb48ef0746e3d95e2d6,SNNPR,Gedeo,DillaHealthCenter,7050740093
F,52,36,2010-04-06,2010-05-17,2024-04-20,No,180,1j - TDF+3TC+DTG,2024-10-17,Alive,2024-11-15,2024-01-17,Suppressed,0.0,2023-10-23,2023-10-23,Annual viral load test,,,,,,,,,,,,942508e53cb94c60addad0f758886066,SNNPR,Gedeo,DillaHealthCenter,7050740093
F,70,42,2019-08-02,2019-08-02,2024-05-02,No,180,1j - TDF+3TC+DTG,2024-10-29,Alive,2024-11-27,2023-12-04,Suppressed,0.0,2023-10-13,2023-10-13,Annual viral load test,,2020-11-06,,,,,,,,,,94ab73b49254417b826d5e6236507cda,SNNPR,Gedeo,DillaHealthCenter,7050740093
F,52,36,2012-08-22,2012-10-09,2024-07-13,No,90,1j - TDF+3TC+DTG,2024-10-11,Alive,2024-11-09,2024-02-19,Suppressed,0.0,2024-02-21,2024-02-21,Viral load after EAC: confirmatory viral load where initial viral load greater than 1000 copies per ml,,2021-02-11,,,,2024-02-21,2022-12-05,Uncontrolled,584.0,,Suspected Antiretroviral failure,94f95fbba9fa4d5eb4daaf192cdeb32e,SNNPR,Gedeo,DillaHealthCenter,7050740093
F,57,32,2022-07-05,2022-07-05,2024-08-27,No,90,1j - TDF+3TC+DTG,2024-11-24,Alive,2024-12-24,2024-06-14,Suppressed,0.0,2024-05-17,2024-05-17,Annual viral load test,,,,,,,,,,,,95198c3b6e334a96ab9cf741320a7216,SNNPR,Gedeo,DillaHealthCenter,7050740093
M,60,32,2020-10-21,2020-10-21,2024-06-25,,90,1j - TDF+3TC+DTG,2024-09-23,Alive,2024-10-22,2023-04-05,Suppressed,0.0,2023-02-24,2023-02-24,Viral load after EAC: repeat viral load where initial viral load greater than 50 and less than 1000 copies per ml,,,,,,,,,,,,961937c2e31f4cb9b95cfbe9fa6e59c3,SNNPR,Gedeo,DillaHealthCenter,7050740093
M,53,24,2020-12-03,2020-12-07,2024-06-12,,90,1j - TDF+3TC+DTG,2024-09-04,Alive,2024-10-09,,,,,,,,,,,,,,,,,,9777aa6a888540538ed5fb996ed40487,SNNPR,Gedeo,DillaHealthCenter,7050740093
F,64,23,2023-09-11,2023-10-01,2024-08-06,No,90,1j - TDF+3TC+DTG,2024-11-04,Alive,2024-12-03,,,,,,,,,,,,,,,,,,97baa412669a4ff7b2aeeea850c74444,SNNPR,Gedeo,DillaHealthCenter,7050740093
F,44,33,2019-02-20,2019-04-05,2024-08-16,No,90,1j - TDF+3TC+DTG,2024-11-14,Alive,2024-12-13,2024-02-19,Suppressed,0.0,2023-11-27,2023-11-27,Annual viral load test,,,,,,,,,,,,98b1f74d3ab54cfa8e0313835e07ce59,SNNPR,Gedeo,DillaHealthCenter,7050740093
F,52,20,2023-02-10,2023-02-10,2024-06-27,No,90,1j - TDF+3TC+DTG,2024-09-25,Alive,2024-10-24,2024-02-19,Suppressed,0.0,2023-11-29,2023-11-29,First viral load test at 6 months or longer post ART,,,,,,,,,,,,9a073557f4c541a6a4275d277cd74900,SNNPR,Gedeo,DillaHealthCenter,7050740093
M,74,43,2019-02-08,2019-02-08,2024-08-06,,180,1j - TDF+3TC+DTG,2025-02-02,Alive,2025-03-03,2024-08-26,Suppressed,0.0,2024-07-12,2024-07-12,Annual viral load test,,,,,,,,,,,,9a5d4fd04954449a9408afb9f481c173,SNNPR,Gedeo,DillaHealthCenter,7050740093
M,64,28,2021-03-18,2021-03-18,2024-07-27,,90,1j - TDF+3TC+DTG,2024-10-25,Alive,2024-11-23,2022-09-15,Uncontrolled,4842.0,2022-08-24,2022-08-24,First viral load test at 6 months or longer post ART,,,,,,,,,,,,9adda72c2d294c66999e238ee53b570a,SNNPR,Gedeo,DillaHealthCenter,7050740093
F,58,33,2021-01-12,2021-01-12,2024-06-25,No,90,1j - TDF+3TC+DTG,2024-09-23,Alive,2024-10-22,2023-10-31,HIV infection with high viral load,1075668.0,2023-08-24,2023-08-24,Annual viral load test,,,,,,,,,,,,9b637726ea2f4fb99f2956abf5d0a1b2,SNNPR,Gedeo,DillaHealthCenter,7050740093
F,55,43,2009-02-04,2009-10-19,2024-04-09,No,180,1j - TDF+3TC+DTG,2024-10-11,Alive,2024-11-04,2024-04-09,Suppressed,0.0,2024-03-07,2024-03-07,Annual viral load test,,,,,,,,,,,,9c768074e8184f3d8445c60edba9248a,SNNPR,Gedeo,DillaHealthCenter,7050740093
F,52,72,2012-11-28,2013-05-08,2024-07-26,No,180,1j - TDF+3TC+DTG,2025-01-22,Alive,2025-02-20,2024-03-12,Suppressed,0.0,2024-01-23,2024-01-23,Second viral load test at 12 months post ART,,,,,,,,,,,,9de7c75222024422bc7df003cdb79a0b,SNNPR,Gedeo,DillaHealthCenter,7050740093
F,80,38,2015-09-13,2015-09-16,2024-08-10,No,90,1j - TDF+3TC+DTG,2024-11-09,Alive,2024-12-07,2024-04-09,Suppressed,20.0,2024-03-07,2024-03-07,Annual viral load test,,2021-04-06,,,,,,,,,,9e514c39811a48a799d34cf63bf56524,SNNPR,Gedeo,DillaHealthCenter,7050740093
F,44,29,2020-08-31,2020-04-13,2024-09-23,No,90,1j - TDF+3TC+DTG,2024-12-20,Alive,2025-01-20,2024-08-26,Low-level viremia,170.0,2024-07-01,2024-07-01,Viral load after EAC: repeat viral load where initial viral load greater than 50 and less than 1000 copies per ml,,,,,,2024-07-01,2021-10-21,Suppressed,,,Repeat or confirmatory VL: initial viral load greater than 1000,9e62fcf50af446a99472c58667bbb7a9,SNNPR,Gedeo,DillaHealthCenter,7050740093
F,38,19,2024-07-18,2024-07-18,2024-07-18,No,90,1j - TDF+3TC+DTG,2024-10-15,Alive,2024-11-14,,,,,,,,,,,,,,,,,,9eb5435a850740e382ef6fe702c9ec73,SNNPR,Gedeo,DillaHealthCenter,7050740093
F,65,28,2023-02-01,2023-02-01,2024-08-04,No,90,1j - TDF+3TC+DTG,2024-11-02,Alive,2024-12-01,2024-02-28,Suppressed,0.0,2024-01-31,2024-01-31,First viral load test at 6 months or longer post ART,,,,,,,,,,,,9f1b6d6165b241c3be86e6a238111167,SNNPR,Gedeo,DillaHealthCenter,7050740093
F,85,30,2023-07-18,2023-07-18,2024-06-17,No,90,1j - TDF+3TC+DTG,2024-09-15,Alive,2024-10-14,,,,,,,,,,,,,,,,,,a21a1f235c6f4892930582bced206e2e,SNNPR,Gedeo,DillaHealthCenter,7050740093
F,39,30,2022-02-08,2022-02-08,2024-08-15,No,90,1j - TDF+3TC+DTG,2024-11-13,Alive,2024-12-12,2024-09-04,Suppressed,20.0,2024-07-23,2024-07-23,Annual viral load test,,,,,,,,,,,,a2c94b54c45844b5b92f4298e6966812,SNNPR,Gedeo,DillaHealthCenter,7050740093
M,59,48,2023-01-03,2023-01-03,2024-08-01,,90,1j - TDF+3TC+DTG,2024-10-30,Alive,2024-11-28,2024-01-17,Suppressed,0.0,2023-11-10,2023-11-10,First viral load test at 6 months or longer post ART,,,,,,,,,,,,a30638e10cff44d6a1f011ed5ce0d912,SNNPR,Gedeo,DillaHealthCenter,7050740093
F,61,25,2017-08-04,2017-08-04,2024-06-20,No,90,1j - TDF+3TC+DTG,2024-09-16,Alive,2024-10-17,2020-09-30,Suppressed,0.0,,2020-09-30,Second viral load test at 12 months post ART,,,,,,,,,,,,a461830980424114b8e6019821ff05af,SNNPR,Gedeo,DillaHealthCenter,7050740093
F,65,27,2020-04-16,2019-04-16,2024-07-27,No,180,1j - TDF+3TC+DTG,2025-01-23,Alive,2025-02-21,2023-12-30,Suppressed,0.0,2023-11-06,2023-11-06,Annual viral load test,,2020-12-29,,,,2023-11-06,,,,,Repeat or confirmatory VL: initial viral load greater than 1000,a4b1305a37794b6cb1a613cd9b533b56,SNNPR,Gedeo,DillaHealthCenter,7050740093
F,78,33,2020-01-01,2020-01-27,2024-07-13,No,90,1j - TDF+3TC+DTG,2024-10-11,Alive,2024-11-09,2023-02-09,Suppressed,0.0,2023-01-20,2023-01-20,Annual viral load test,,2021-01-28,,,,,,,,,,a4b14cae65154106a22796a8c24c9b40,SNNPR,Gedeo,DillaHealthCenter,7050740093
F,56,21,2023-11-27,2023-11-27,2024-08-06,No,90,1j - TDF+3TC+DTG,2024-11-04,Alive,2024-12-03,,,,,,,,,,,,,,,,,,a6e96b33d80f44bf8b56ec1373a8510b,SNNPR,Gedeo,DillaHealthCenter,7050740093
F,60,37,2017-03-06,2021-03-06,2024-08-09,No,90,1j - TDF+3TC+DTG,2024-11-07,Alive,2024-12-06,2024-03-26,Suppressed,0.0,2024-02-15,2024-02-15,Every six months until MTCT ends,,,,,,,,,,,,a7db09a624304b448847d73a11439c50,SNNPR,Gedeo,DillaHealthCenter,7050740093
F,54,36,2017-08-23,2017-08-23,2024-07-08,No,90,1j - TDF+3TC+DTG,2024-10-06,Alive,2024-11-04,2024-06-27,Suppressed,0.0,2024-05-26,2024-05-26,Annual viral load test,,,,,,2024-05-26,2021-02-26,Suppressed,422.0,,Suspected Antiretroviral failure,a7f9706219dd4213920750c6f76cef16,SNNPR,Gedeo,DillaHealthCenter,7050740093
F,43,42,2012-11-30,2012-12-31,2024-06-07,No,180,1j - TDF+3TC+DTG,2024-12-04,Alive,2025-01-02,2024-06-27,Suppressed,0.0,2024-05-26,2024-05-26,Annual viral load test,,,,,,,,,,,,a8e2f682e0a24aa0abcc9ea9ca015d75,SNNPR,Gedeo,DillaHealthCenter,7050740093
M,65,40,2024-06-18,2024-06-18,2024-07-16,,90,1j - TDF+3TC+DTG,2024-10-11,Alive,2024-11-12,,,,,,,,,,,,,,,,,,a925b76b4b8944139d01978126ee485a,SNNPR,Gedeo,DillaHealthCenter,7050740093
F,40,57,2018-07-24,2018-08-18,2024-08-16,No,90,1j - TDF+3TC+DTG,2024-11-14,Alive,2024-12-13,2024-02-19,Suppressed,0.0,2023-11-27,2023-11-27,Annual viral load test,,,,,,,,,,,,a93c77c87cfe42c28a4c799b979c6340,SNNPR,Gedeo,DillaHealthCenter,7050740093
F,50,37,2022-09-19,2022-09-19,2024-06-24,No,90,1j - TDF+3TC+DTG,2024-09-22,Alive,2024-10-21,,,,,,,,,,,,,,,,,,a9a1f403d86d4316ac59439ed04c4708,SNNPR,Gedeo,DillaHealthCenter,7050740093
F,57,46,2008-03-10,2020-02-26,2024-06-25,No,90,1j - TDF+3TC+DTG,2024-09-23,Alive,2024-10-22,2023-11-16,Suppressed,0.0,2023-09-21,2023-09-21,Second viral load test at 12 months post ART,,,,,,,,,,,,a9f333806fb24bfd8d514c25a2c8c4d6,SNNPR,Gedeo,DillaHealthCenter,7050740093
F,70,23,2018-05-10,2018-05-10,2024-08-09,No,30,1j - TDF+3TC+DTG,2024-09-08,Alive,2024-10-07,2024-04-09,Suppressed,0.0,2024-08-26,2024-08-26,At the first antenatal care visit,,,,,,,,,,,,abcc3e82c4094c83ac518b6a7242c8eb,SNNPR,Gedeo,DillaHealthCenter,7050740093
F,48,38,2021-12-13,2022-01-31,2024-06-27,No,90,1j - TDF+3TC+DTG,2024-09-25,Alive,2024-10-24,2023-10-10,Suppressed,0.0,2023-08-14,2023-08-14,Second viral load test at 12 months post ART,,,,,,,,,,,,ac1679dcca8c4c33905c590a3f5cc6ab,SNNPR,Gedeo,DillaHealthCenter,7050740093
F,46,37,2012-10-22,2014-02-08,2024-07-15,No,180,1j - TDF+3TC+DTG,2025-01-11,Alive,2025-02-09,2023-05-03,Suppressed,0.0,2023-03-28,2023-03-28,Annual viral load test,,2020-10-10,,,,,,,,,,ac4ef639613645e69d77db56611f1ac3,SNNPR,Gedeo,DillaHealthCenter,7050740093
F,67,22,2022-04-28,2022-04-28,2024-06-19,No,90,1j - TDF+3TC+DTG,2024-09-15,Alive,2024-10-16,2023-03-22,Uncontrolled,334.0,2023-03-06,2023-03-06,Viral load after EAC: repeat viral load where initial viral load greater than 50 and less than 1000 copies per ml,,,,,,,,,,,,ac5a7417d54d400d97167e00b58b11f6,SNNPR,Gedeo,DillaHealthCenter,7050740093
F,50,46,2013-03-06,2013-03-28,2024-06-14,No,180,1j - TDF+3TC+DTG,2024-12-11,Alive,2025-01-09,2023-05-23,Suppressed,0.0,2023-04-28,2023-04-28,Annual viral load test,,,,,,,,,,,,ac6a4d141b4f43a0a2b8752599161d14,SNNPR,Gedeo,DillaHealthCenter,7050740093
F,49,35,2024-06-25,2024-06-25,2024-08-14,No,30,1j - TDF+3TC+DTG,2024-09-12,Alive,2024-10-12,,,,,,,,,,,,,,,,,,ad5d9fcbb53f4af6921a43934405a515,SNNPR,Gedeo,DillaHealthCenter,7050740093
F,52,22,2024-05-22,2024-05-22,2024-08-16,No,90,1j - TDF+3TC+DTG,2024-11-12,Alive,2024-12-13,,,,,,,,,,,,,,,,,,ad69192461ee4b98abac8cc7e8f1bf72,SNNPR,Gedeo,DillaHealthCenter,7050740093
F,37,33,2018-07-07,2018-09-05,2024-08-14,No,90,1j - TDF+3TC+DTG,2024-11-12,Alive,2024-12-11,2023-04-05,Suppressed,0.0,2024-06-20,2024-06-20,Viral load after EAC: repeat viral load where initial viral load greater than 50 and less than 1000 copies per ml,,,,,,,,,,,,ade644db817c4abebba59b9d2062a6f4,SNNPR,Gedeo,DillaHealthCenter,7050740093
F,52,35,2019-11-18,2019-11-18,2024-03-15,No,180,1j - TDF+3TC+DTG,2024-09-11,Alive,2024-10-10,2024-04-18,Suppressed,0.0,2024-03-18,2024-03-18,Annual viral load test,,,,,,,,,,,,ae8553b015044d87a1b148e9bb0df3cc,SNNPR,Gedeo,DillaHealthCenter,7050740093
F,65,39,2020-03-05,2020-03-05,2024-06-14,No,180,1j - TDF+3TC+DTG,2024-12-10,Alive,2025-01-09,2023-04-05,Suppressed,0.0,2024-06-20,2024-06-20,Annual viral load test,,,,,,,,,,,,af96bfdcc7c649b8862e8e150800fd3f,SNNPR,Gedeo,DillaHealthCenter,7050740093
F,59,24,2021-01-22,2021-01-25,2024-08-27,No,30,1j - TDF+3TC+DTG,2024-09-24,Alive,2024-10-25,2024-04-25,Suppressed,0.0,2024-08-27,2024-08-27,At the first antenatal care visit,,,,,,,,,,,,b03dfb37494a417ca7dcf9979957ed25,SNNPR,Gedeo,DillaHealthCenter,7050740093
F,38,25,2024-06-04,2024-06-04,2024-08-01,No,90,1j - TDF+3TC+DTG,2024-10-30,Alive,2024-11-28,,,,,,,,,,,,,,,,,,b0da6a3579f24c50864c28d9ec71b2be,SNNPR,Gedeo,DillaHealthCenter,7050740093
M,53,31,2023-03-24,2023-03-24,2024-06-25,,90,1j - TDF+3TC+DTG,2024-09-23,Alive,2024-10-22,2024-06-14,Low-level viremia,263.0,2024-05-16,2024-05-16,First viral load test at 6 months or longer post ART,,,,,,,,,,,,b1079f1d9b944ed6bcbec495bdd5f3f7,SNNPR,Gedeo,DillaHealthCenter,7050740093
M,54,40,2022-08-29,2022-08-29,2024-05-02,,180,1j - TDF+3TC+DTG,2024-10-29,Alive,2024-11-27,2023-04-05,Suppressed,0.0,2023-03-17,2023-03-17,First viral load test at 6 months or longer post ART,,,,,,,,,,,,b2bcd99a04964ea9a0bf1baa2f358cf3,SNNPR,Gedeo,DillaHealthCenter,7050740093
F,70,30,2019-07-08,2019-07-08,2024-09-03,No,180,1j - TDF+3TC+DTG,2025-03-01,Alive,2025-03-31,2024-04-09,Suppressed,0.0,2024-03-07,2024-03-07,Annual viral load test,,,,,,,,,,,,b344766d0182458f9dbb547c7201a921,SNNPR,Gedeo,DillaHealthCenter,7050740093
M,42,28,2022-08-09,2022-08-09,2024-06-22,,90,1j - TDF+3TC+DTG,2024-09-20,Alive,2024-10-19,2024-06-14,Low-level viremia,150.0,2024-05-22,2024-05-22,Viral load after EAC: repeat viral load where initial viral load greater than 50 and less than 1000 copies per ml,,,,,,,,,,,,b3abfb9aa203486b9e2cefc5e3aa4015,SNNPR,Gedeo,DillaHealthCenter,7050740093
M,66,36,2024-01-10,2024-01-10,2024-07-06,,90,1j - TDF+3TC+DTG,2024-10-04,Alive,2024-11-02,2024-07-11,Low-level viremia,150.0,2024-06-12,2024-06-12,First viral load test at 6 months or longer post ART,,,,,,,,,,,,b6049e9735854b0daf7748534d859a8b,SNNPR,Gedeo,DillaHealthCenter,7050740093
M,51,59,2010-11-18,2010-12-06,2024-08-12,,90,1j - TDF+3TC+DTG,2024-11-12,Alive,2024-12-09,2024-02-13,Suppressed,0.0,2023-11-22,2023-11-22,Viral load after EAC: repeat viral load where initial viral load greater than 50 and less than 1000 copies per ml,,,,,,,,,,,,b62116558eab4b64a91b149d75e4a8e4,SNNPR,Gedeo,DillaHealthCenter,7050740093
M,56,25,2021-07-28,2021-07-28,2024-08-08,,90,1j - TDF+3TC+DTG,2024-11-11,Alive,2024-12-05,2024-06-14,Suppressed,0.0,2024-08-20,2024-08-20,Second viral load test at 12 months post ART,,,,,,,,,,,,b631651a2db344a1a505ae949ae06316,SNNPR,Gedeo,DillaHealthCenter,7050740093
F,50,23,2021-11-24,2021-11-24,2024-06-26,No,90,1j - TDF+3TC+DTG,2024-09-24,Alive,2024-10-23,2024-08-26,HIV infection with high viral load,47242.0,2024-07-16,2024-07-16,Annual viral load test,,,,,,,,,,,,b631ddd860c4453e858029e09b02b46d,SNNPR,Gedeo,DillaHealthCenter,7050740093
F,54,49,2014-07-07,2014-07-08,2024-09-22,No,90,1j - TDF+3TC+DTG,2024-12-19,Alive,2025-01-19,2023-12-04,Suppressed,0.0,2023-10-19,2023-10-19,Annual viral load test,,,,,,,,,,,,b6be6ff923eb4e0b9e8410205a6ef06e,SNNPR,Gedeo,DillaHealthCenter,7050740093
F,51,19,2023-11-17,2023-11-17,2024-06-13,No,90,1j - TDF+3TC+DTG,2024-09-09,Alive,2024-10-10,,,,,,,,,,,,,,,,,,b6c6a9aaade242acb3c8d0561a6d9e0c,SNNPR,Gedeo,DillaHealthCenter,7050740093
M,60,37,2022-12-29,2022-12-29,2024-06-22,,90,1j - TDF+3TC+DTG,2024-09-23,Alive,2024-10-19,,,,,,,,,,,,,,,,,,b7d8d75a14c24c148daf574fea00687b,SNNPR,Gedeo,DillaHealthCenter,7050740093
M,68,55,2019-06-23,2019-07-31,2024-09-13,,180,1j - TDF+3TC+DTG,2025-03-12,Alive,2025-04-10,2023-05-03,Suppressed,0.0,2024-06-27,2024-06-27,Annual viral load test,,,,,,,,,,,,b86de509ed584ae0ae0ece63c042225c,SNNPR,Gedeo,DillaHealthCenter,7050740093
F,45,21,2023-05-12,2023-05-12,2024-07-03,No,90,1j - TDF+3TC+DTG,2024-10-01,Alive,2024-10-30,,,,,,,,,,,,,,,,,,b973d59224f74e6091d3f8039a5209d8,SNNPR,Gedeo,DillaHealthCenter,7050740093
F,60,32,2022-11-16,2022-11-16,2024-06-28,No,90,1j - TDF+3TC+DTG,2024-09-24,Alive,2024-10-25,,,,,,,,,,,,,,,,,,ba137c985eef47eba42929f41eb52fcc,SNNPR,Gedeo,DillaHealthCenter,7050740093
F,62,25,2024-04-19,2024-04-19,2024-07-25,No,90,1j - TDF+3TC+DTG,2024-10-22,Alive,2024-11-21,,,,,,,,,,,,,,,,,,bb001e259811498c9b059b869ccaec24,SNNPR,Gedeo,DillaHealthCenter,7050740093
F,60,42,2009-03-04,2019-03-04,2024-06-17,No,90,1j - TDF+3TC+DTG,2024-09-15,Alive,2024-10-14,2023-02-09,Suppressed,0.0,2024-06-20,2024-06-20,Annual viral load test,,2021-04-09,,,,,,,,,,bb3750eb648744cca9d16cf39156133e,SNNPR,Gedeo,DillaHealthCenter,7050740093
M,58,42,2024-04-18,2024-04-18,2024-09-20,,30,1j - TDF+3TC+DTG,2024-10-20,Alive,2024-11-18,,,,,,,,,,,,,,,,,,bc6a8224db2542f6a9cc737caeb212ed,SNNPR,Gedeo,DillaHealthCenter,7050740093
M,40,27,2019-02-11,2019-03-25,2024-08-08,,60,1j - TDF+3TC+DTG,2024-10-07,Alive,2024-11-05,2024-06-14,HIV infection with high viral load,107115.0,2024-05-20,2024-05-20,Annual viral load test,,2019-04-22,2024-08-08,,,,,,,,,bcadafad9d364246bdc57e778f418565,SNNPR,Gedeo,DillaHealthCenter,7050740093
M,54,48,2006-01-25,2006-08-09,2024-06-17,,90,1j - TDF+3TC+DTG,2024-09-15,Alive,2024-10-14,2024-06-14,Suppressed,0.0,2024-05-14,2024-05-14,Annual viral load test,,2021-04-09,,,,,,,,,,bfa567ec0e064295b2796f7a78ce7c5c,SNNPR,Gedeo,DillaHealthCenter,7050740093
M,56,37,2022-10-12,2022-10-12,2024-07-12,,90,1j - TDF+3TC+DTG,2024-10-11,Alive,2024-11-08,2023-12-04,Suppressed,0.0,2023-10-13,2023-10-13,Second viral load test at 12 months post ART,,,,,,,,,,,,bfb792aa9f034b679c5881658004d532,SNNPR,Gedeo,DillaHealthCenter,7050740093
F,48,28,2024-07-16,2024-07-16,2024-09-16,No,30,1j - TDF+3TC+DTG,2024-10-14,Alive,2024-11-14,,,,,,,,,,,,,,,,,,c0b5274f3bfa4157b4fb1aa3d67ad988,SNNPR,Gedeo,DillaHealthCenter,7050740093
M,29,10,2023-09-18,2023-10-01,2024-09-16,,30,4j - ABC+3TC+DTG,2024-10-14,Alive,2024-11-14,2024-03-26,Low-level viremia,69.0,2024-02-29,2024-02-29,First viral load test at 6 months or longer post ART,,2024-03-27,2024-09-16,2024-09-16,2024-03-27,,,,,,,c0d1f438946f4ef980f65c15aeb24170,SNNPR,Gedeo,DillaHealthCenter,7050740093
M,68,48,2013-12-20,2014-01-06,2024-09-23,,180,1j - TDF+3TC+DTG,2025-03-19,Alive,2025-04-20,2024-04-18,Suppressed,0.0,2024-03-19,2024-03-19,Annual viral load test,,2020-11-11,,,,,,,,,,c0fc21da1b6844368a41f9942c898873,SNNPR,Gedeo,DillaHealthCenter,7050740093
M,60,23,2019-04-03,2019-04-03,2024-07-14,,90,1j - TDF+3TC+DTG,2024-10-12,Alive,2024-11-10,,,,,,,,,,,,,,,,,,c1e9a02a6b25461eae58559c31e8cac5,SNNPR,Gedeo,DillaHealthCenter,7050740093
M,53,37,2022-03-24,2022-03-24,2024-06-17,,180,1j - TDF+3TC+DTG,2024-12-14,Alive,2025-01-12,2023-06-08,Suppressed,0.0,2024-06-20,2024-06-20,Annual viral load test,,,,,,,,,,,,c1f54352e8fb49759964a335ed5bbc06,SNNPR,Gedeo,DillaHealthCenter,7050740093
M,68,46,2010-04-02,2012-01-08,2024-03-07,,180,1j - TDF+3TC+DTG,2024-09-03,Alive,2024-10-02,2023-12-30,Suppressed,0.0,2023-11-08,2023-11-08,Viral load after EAC: repeat viral load where initial viral load greater than 50 and less than 1000 copies per ml,,2021-11-12,,,,,,,,,,c2b9f136cf9241ad98fb9d4c53b996a9,SNNPR,Gedeo,DillaHealthCenter,7050740093
M,67,51,2018-04-16,2018-04-16,2024-03-30,,180,1j - TDF+3TC+DTG,2024-09-26,Alive,2024-10-25,2024-06-14,Suppressed,0.0,2024-03-30,2024-03-30,Annual viral load test,,,,,,,,,,,,c2c27fb68fa348f3b5e351f9461523fb,SNNPR,Gedeo,DillaHealthCenter,7050740093
F,60,48,2012-05-06,2012-06-11,2024-08-10,No,90,1j - TDF+3TC+DTG,2024-11-09,Alive,2024-12-07,2024-04-25,Suppressed,0.0,2024-03-22,2024-03-22,Annual viral load test,,,,,,,,,,,,c2c3330375eb4394ba759160619aac83,SNNPR,Gedeo,DillaHealthCenter,7050740093
F,48,46,2018-06-25,2018-06-25,2024-08-16,No,90,1j - TDF+3TC+DTG,2024-11-14,Alive,2024-12-13,2024-06-14,Suppressed,0.0,2024-05-16,2024-05-16,Annual viral load test,,,,,,,,,,,,c2fb3dae7f144d098358568c6fcc9592,SNNPR,Gedeo,DillaHealthCenter,7050740093
F,82,38,2022-01-10,2022-01-17,2024-08-11,No,90,1j - TDF+3TC+DTG,2024-11-07,Alive,2024-12-08,2023-05-22,Suppressed,0.0,2024-09-05,2024-09-05,First viral load test at 6 months or longer post ART,,,,,,,,,,,,c30e1c37458e4012b659415555b45d98,SNNPR,Gedeo,DillaHealthCenter,7050740093
F,56,39,2015-09-16,2015-09-23,2024-07-28,No,90,1j - TDF+3TC+DTG,2024-10-30,Alive,2024-11-24,2022-12-21,Suppressed,0.0,2024-07-29,2024-07-29,Viral load after EAC: confirmatory viral load where initial viral load greater than 1000 copies per ml,,2021-04-06,,,,,,,,,,c314c4e9244b49edae659b5ccb883036,SNNPR,Gedeo,DillaHealthCenter,7050740093
F,62,23,2022-12-16,2022-12-16,2024-08-10,No,30,1j - TDF+3TC+DTG,2024-09-12,Alive,2024-10-08,2024-03-26,Suppressed,0.0,2024-01-30,2024-01-30,At the first antenatal care visit,,,,,,,,,,,,c3e3811c215e419fa3fb0512ee90f360,SNNPR,Gedeo,DillaHealthCenter,7050740093
M,36,14,2023-03-29,2023-03-29,2024-06-25,,90,4j - ABC+3TC+DTG,2024-09-22,Alive,2024-10-22,2024-03-26,Suppressed,0.0,2024-01-11,2024-01-11,First viral load test at 6 months or longer post ART,,2023-06-01,,,,,,,,,,c45a0735ded640528c514b9a4fdb86b1,SNNPR,Gedeo,DillaHealthCenter,7050740093
F,45,39,2022-08-29,2022-08-29,2024-06-27,No,90,1j - TDF+3TC+DTG,2024-09-25,Alive,2024-10-24,,,,,,,,,,,,,,,,,,c4609ce1c75243418294905f55652776,SNNPR,Gedeo,DillaHealthCenter,7050740093
F,42,21,2023-05-08,2023-05-08,2024-06-17,No,90,1j - TDF+3TC+DTG,2024-09-14,Alive,2024-10-14,,,,,,,,,,,,,,,,,,c50fbe84507d4f3e8ea37be4dc3f6bcc,SNNPR,Gedeo,DillaHealthCenter,7050740093
M,54,27,2023-06-22,2023-06-22,2024-06-19,,90,1j - TDF+3TC+DTG,2024-09-17,Alive,2024-10-16,2024-03-26,Suppressed,0.0,2023-12-25,2023-12-25,First viral load test at 6 months or longer post ART,,,,,,,,,,,,c67503b3c2784e269ffcf74f7eb16c8d,SNNPR,Gedeo,DillaHealthCenter,7050740093
F,56,22,2020-09-17,2020-09-17,2024-07-30,No,90,1j - TDF+3TC+DTG,2024-10-28,Alive,2024-11-26,2024-07-11,Suppressed,0.0,2024-06-12,2024-06-12,Annual viral load test,,,,,,,,,,,,c6df42a7bf1f4b718a05d40d186d1352,SNNPR,Gedeo,DillaHealthCenter,7050740093
M,63,31,2022-10-24,2022-10-24,2024-07-01,,90,1j - TDF+3TC+DTG,2024-09-30,Alive,2024-10-28,2024-08-26,Suppressed,0.0,2024-07-03,2024-07-03,First viral load test at 6 months or longer post ART,,,,,,,,,,,,c779d19e225941a5882169a2c99bd545,SNNPR,Gedeo,DillaHealthCenter,7050740093
M,11,3,2024-07-24,2024-08-19,2024-08-19,,30,1j - TDF+3TC+DTG,2024-09-15,Alive,2024-10-17,,,,,,,,,,,,,,,,,,c7fd45cf512148a28fb44ee39f47f86f,SNNPR,Gedeo,DillaHealthCenter,7050740093
F,50,50,2007-02-02,2007-02-05,2024-08-16,No,90,1j - TDF+3TC+DTG,2024-11-14,Alive,2024-12-13,2024-02-19,Suppressed,0.0,2023-11-27,2023-11-27,Annual viral load test,,,,,,,,,,,,c8b6d9351ff041f59f846908d495dcb8,SNNPR,Gedeo,DillaHealthCenter,7050740093
F,63,21,2024-01-17,2024-01-17,2024-08-04,Yes,30,1j - TDF+3TC+DTG,2024-09-01,Alive,2024-10-02,2024-07-11,Suppressed,0.0,2024-06-12,2024-06-12,Three months after delivery,,,,,,,,,,,,c8f83354c4ae4fb897af3ec61c86c013,SNNPR,Gedeo,DillaHealthCenter,7050740093
F,66,25,2024-04-18,2024-04-18,2024-07-17,No,90,1j - TDF+3TC+DTG,2024-10-15,Alive,2024-11-13,,,,,,,,,,,,,,,,,,c904ff9d811d44aa93282000d63c2641,SNNPR,Gedeo,DillaHealthCenter,7050740093
F,48,22,2024-06-17,2024-06-24,2024-06-24,No,90,1j - TDF+3TC+DTG,2024-09-22,Alive,2024-10-21,,,,,,,,,,,,,,,,,,ca2c1c8b6c714d608f2882a896735fd8,SNNPR,Gedeo,DillaHealthCenter,7050740093
F,66,26,2022-08-30,2022-08-30,2024-08-06,No,90,1j - TDF+3TC+DTG,2024-11-04,Alive,2024-12-03,2023-02-09,Suppressed,0.0,2023-01-16,2023-01-16,First viral load test at 6 months or longer post ART,,,,,,,,,,,,ca38acc6c2cf4c74b0172656ed0d40dd,SNNPR,Gedeo,DillaHealthCenter,7050740093
M,71,33,2023-07-14,2023-07-14,2024-06-09,,90,1j - TDF+3TC+DTG,2024-09-07,Alive,2024-10-06,,,,,,,,,,,,,,,,,,cad31d4fcb904267bea2ec6f5be6fe5a,SNNPR,Gedeo,DillaHealthCenter,7050740093
F,50,37,2023-02-20,2023-02-20,2024-08-27,No,90,1j - TDF+3TC+DTG,2024-11-24,Alive,2024-12-24,2023-08-10,Suppressed,0.0,2024-08-19,2024-08-19,First viral load test at 6 months or longer post ART,,,,,,,,,,,,cb30cb3401ec48e19f64b5abd2a3ba7f,SNNPR,Gedeo,DillaHealthCenter,7050740093
F,42,22,2023-01-25,2023-01-25,2024-06-17,No,90,1j - TDF+3TC+DTG,2024-09-15,Alive,2024-10-14,2023-10-10,Suppressed,26.0,2023-08-14,2023-08-14,First viral load test at 6 months or longer post ART,,,,,,,,,,,,cd059ca5fb4e4cbe9a98504393ce299c,SNNPR,Gedeo,DillaHealthCenter,7050740093
F,37,20,2014-02-03,2014-03-04,2024-07-12,No,90,1j - TDF+3TC+DTG,2024-10-13,Alive,2024-11-08,2024-04-18,Suppressed,0.0,2024-03-19,2024-03-19,Annual viral load test,,,,,,,,,,,,d02f23d895c54ec9a471cf13641d2f35,SNNPR,Gedeo,DillaHealthCenter,7050740093
F,63,20,2024-08-06,2024-08-06,2024-08-06,No,90,1j - TDF+3TC+DTG,2024-11-01,Alive,2024-12-03,,,,,,,,,,,,,,,,,,d0a94b07c5aa4c0181fbc6d602a98ece,SNNPR,Gedeo,DillaHealthCenter,7050740093
F,44,22,2024-06-25,2024-06-25,2024-06-25,No,90,1j - TDF+3TC+DTG,2024-09-22,Alive,2024-10-22,,,,,,,,,,,,,,,,,,d2e9ed48567946d2aa280c1a3262615e,SNNPR,Gedeo,DillaHealthCenter,7050740093
M,63,34,2024-08-19,2024-08-19,2024-09-17,,30,1j - TDF+3TC+DTG,2024-10-15,Alive,2024-11-15,,,,,,,,,,,,,,,,,,d3b23900e7b940f1b8f032704b213251,SNNPR,Gedeo,DillaHealthCenter,7050740093
M,60,48,2011-10-12,2011-11-04,2024-08-07,,90,1j - TDF+3TC+DTG,2024-11-05,Alive,2024-12-04,2023-08-10,Suppressed,0.0,2024-08-12,2024-08-12,Annual viral load test,,,,,,,,,,,,d51f0690b6f34f6fad10cf30d05234a8,SNNPR,Gedeo,DillaHealthCenter,7050740093
F,54,29,2020-09-02,2020-09-02,2024-06-25,No,90,1j - TDF+3TC+DTG,2024-09-23,Alive,2024-10-22,2023-10-31,Suppressed,0.0,2023-08-28,2023-08-28,Annual viral load test,,,,,,,,,,,,d57f9556b14040d3b8d0046d73ab055d,SNNPR,Gedeo,DillaHealthCenter,7050740093
F,46,42,2012-10-22,2015-11-17,2024-05-01,No,180,1j - TDF+3TC+DTG,2024-10-31,Alive,2024-11-26,2023-12-30,Suppressed,0.0,2023-11-06,2023-11-06,Second viral load test at 12 months post ART,,2021-03-19,,,,,,,,,,d79a16639925488baa9434f4cfd75b0c,SNNPR,Gedeo,DillaHealthCenter,7050740093
M,72,40,2024-04-22,2024-04-22,2024-08-14,,30,1j - TDF+3TC+DTG,2024-09-14,Alive,2024-10-12,,,,,,,,,,,,,,,,,,d7a82b7087974bdfb1a7dc410dd0901d,SNNPR,Gedeo,DillaHealthCenter,7050740093
M,53,26,2018-03-21,2018-03-26,2024-09-17,,30,1j - TDF+3TC+DTG,2024-10-15,Alive,2024-11-15,2024-05-15,HIV infection with high viral load,3622.0,2024-04-08,2024-04-08,Viral load after EAC: repeat viral load where initial viral load greater than 50 and less than 1000 copies per ml,,2021-06-17,2024-09-17,2024-09-17,,,,,,,,d7ba5e53f22c4ddca6fbe7e4a40ab77d,SNNPR,Gedeo,DillaHealthCenter,7050740093
F,59,32,2017-08-24,2017-08-24,2024-07-18,No,180,1j - TDF+3TC+DTG,2025-01-14,Alive,2025-02-12,2024-03-26,Suppressed,0.0,2023-12-26,2023-12-26,Six months after the first viral load test at postnatal period,,,,,,,,,,,,d7ef10bb79da4d71816eb1251b534ef4,SNNPR,Gedeo,DillaHealthCenter,7050740093
M,58,24,2021-12-14,2022-07-12,2024-06-30,,90,1j - TDF+3TC+DTG,2024-09-28,Alive,2024-10-27,2023-03-20,Suppressed,0.0,2023-02-13,2023-02-13,First viral load test at 6 months or longer post ART,,,,,,,,,,,,d9407b21769244fb96cd086ac6c13510,SNNPR,Gedeo,DillaHealthCenter,7050740093
M,65,30,2016-12-05,2018-07-02,2024-08-05,,30,1j - TDF+3TC+DTG,2024-09-02,Alive,2024-10-03,2023-04-05,Uncontrolled,3941.0,2023-03-22,2023-03-22,Viral load after EAC: confirmatory viral load where initial viral load greater than 1000 copies per ml,,,,,,,,,,,,db3bd2c2b5bf44bf9bf97930fc5ca110,SNNPR,Gedeo,DillaHealthCenter,7050740093
F,49,50,2014-11-17,2016-03-04,2024-05-07,No,180,1j - TDF+3TC+DTG,2024-11-03,Alive,2024-12-02,2024-06-27,Suppressed,0.0,2024-05-26,2024-05-26,Annual viral load test,,,,,,,,,,,,dc01817a1a30412fa42ef307d04fc1f1,SNNPR,Gedeo,DillaHealthCenter,7050740093
M,55,29,2020-07-01,2020-07-01,2024-07-18,,90,1j - TDF+3TC+DTG,2024-10-16,Alive,2024-11-14,2024-05-15,Suppressed,0.0,2024-03-10,2024-03-10,Annual viral load test,,,,,,,,,,,,dc9515d36ac14ef9a1a5b47c182b030d,SNNPR,Gedeo,DillaHealthCenter,7050740093
M,66,42,2010-06-07,2010-06-14,2024-04-22,,180,1j - TDF+3TC+DTG,2024-10-19,Alive,2024-11-17,2023-08-07,Suppressed,0.0,2023-07-12,2023-07-12,Annual viral load test,,,,,,,,,,,,dcecfa6089a54576ad7757a47134f59a,SNNPR,Gedeo,DillaHealthCenter,7050740093
F,49,27,2022-07-13,2022-07-13,2024-08-24,No,90,1j - TDF+3TC+DTG,2024-11-19,Alive,2024-12-21,2024-02-19,Suppressed,0.0,2024-01-02,2024-01-02,Second viral load test at 12 months post ART,,,,,,,,,,,,dd028f37e9ee46549a291b6384980032,SNNPR,Gedeo,DillaHealthCenter,7050740093
F,54,26,2023-11-27,2023-11-27,2024-07-23,No,90,1j - TDF+3TC+DTG,2024-10-21,Alive,2024-11-19,2024-06-27,Suppressed,0.0,2024-06-23,2024-06-23,First viral load test at 6 months or longer post ART,,,,,,,,,,,,ddd64d501c81428785d709956c28a60f,SNNPR,Gedeo,DillaHealthCenter,7050740093
F,62,27,2015-11-18,2023-11-01,2024-04-23,No,180,1j - TDF+3TC+DTG,2024-10-20,Alive,2024-11-18,2023-12-04,Suppressed,0.0,2023-10-16,2023-10-16,Annual viral load test,,,,,,,,,,,,de05b20bd5984e76b9c3cd60959b5668,SNNPR,Gedeo,DillaHealthCenter,7050740093
M,55,25,2024-07-11,2024-07-11,2024-07-11,,90,1j - TDF+3TC+DTG,2024-10-05,Alive,2024-11-07,,,,,,,,,,,,,,,,,,de397f89e2e54b90b427c7299ec8f8a5,SNNPR,Gedeo,DillaHealthCenter,7050740093
M,48,48,2022-02-21,2022-02-21,2024-07-19,,90,1j - TDF+3TC+DTG,2024-10-17,Alive,2024-11-15,2024-07-11,Suppressed,0.0,2024-06-04,2024-06-04,Annual viral load test,,,,,,,,,,,,defc18eff4b84f0bbe06dab314d04c7b,SNNPR,Gedeo,DillaHealthCenter,7050740093
F,54,37,2010-09-16,2010-09-16,2024-06-27,No,90,1j - TDF+3TC+DTG,2024-09-25,Alive,2024-10-24,2023-03-09,Suppressed,0.0,2023-02-16,2023-02-16,Annual viral load test,,,,,,,,,,,,e10e1e78db1542419cde411f09832f13,SNNPR,Gedeo,DillaHealthCenter,7050740093
M,,48,2007-08-20,2014-06-12,2024-08-05,,30,1j - TDF+3TC+DTG,2024-09-04,Alive,2024-10-03,2023-09-15,HIV infection with high viral load,11400.0,2023-08-08,2023-08-08,Annual viral load test,,2022-07-18,,,,,,,,,,e1a071b74b6a4c5288e9c23a51d34aa5,SNNPR,Gedeo,DillaHealthCenter,7050740093
F,60,22,2024-08-21,2024-08-21,2024-09-19,No,30,1j - TDF+3TC+DTG,2024-10-16,Alive,2024-11-17,,,,,,,,,,,,,,,,,,e280d0094bdf433596dbc6a838959455,SNNPR,Gedeo,DillaHealthCenter,7050740093
F,42,29,2016-07-29,2016-07-29,2024-05-14,No,180,1j - TDF+3TC+DTG,2024-11-10,Alive,2024-12-09,2024-06-14,Suppressed,0.0,2024-05-15,2024-05-15,Annual viral load test,,,,,,,,,,,,e3326c52d85d494e9ec7c506131c5054,SNNPR,Gedeo,DillaHealthCenter,7050740093
F,56,24,2018-10-30,2018-10-26,2024-07-02,No,90,1j - TDF+3TC+DTG,2024-09-30,Alive,2024-10-29,2023-04-05,Suppressed,0.0,2023-03-03,2023-03-03,Annual viral load test,,,,,,,,,,,,e3d71c76ca654830b313fa087700482e,SNNPR,Gedeo,DillaHealthCenter,7050740093
F,59,34,2020-10-21,2020-10-21,2024-09-24,No,90,1j - TDF+3TC+DTG,2024-12-21,Alive,2025-01-21,2024-02-28,Low-level viremia,170.0,2024-09-24,2024-09-24,Annual viral load test,,,,,,,,,,,,e5025f996f0d46e2b9254aae8ae9f434,SNNPR,Gedeo,DillaHealthCenter,7050740093
F,43,32,2017-02-23,2017-03-06,2024-07-22,No,180,1j - TDF+3TC+DTG,2025-01-18,Alive,2025-02-16,2024-09-04,Suppressed,20.0,2024-07-23,2024-07-23,Annual viral load test,,,,,,,,,,,,e57e30dffd974bbc999a6431f50de244,SNNPR,Gedeo,DillaHealthCenter,7050740093
F,56,26,2023-04-05,2023-04-05,2024-06-26,No,90,1j - TDF+3TC+DTG,2024-09-24,Alive,2024-10-23,,,,,,,,,,,,,,,,,,e6a1f09aa3fc473e944e9c3acb0fb6f4,SNNPR,Gedeo,DillaHealthCenter,7050740093
M,170,48,2024-06-10,2024-06-10,2024-06-10,,90,1j - TDF+3TC+DTG,2024-09-08,Alive,2024-10-07,,,,,,,,,,,,,,,,,,e70ef977cb8842389da14e54fd8088ea,SNNPR,Gedeo,DillaHealthCenter,7050740093
M,51,24,2023-09-08,2023-09-15,2024-08-30,,30,1j - TDF+3TC+DTG,2024-10-07,Alive,2024-10-28,2024-04-09,Low-level viremia,52.0,2024-03-07,2024-03-07,First viral load test at 6 months or longer post ART,,,2024-06-17,2024-06-17,2024-06-17,,,,,,,e745736042ec474187adf9942cfe0868,SNNPR,Gedeo,DillaHealthCenter,7050740093
F,53,19,2023-11-08,2023-11-08,2024-06-07,No,90,1j - TDF+3TC+DTG,2024-09-03,Alive,2024-10-04,,,,,,,,,,,,,,,,,,e97fc379763a4a509a04e46676fc129e,SNNPR,Gedeo,DillaHealthCenter,7050740093
F,60,33,2021-04-07,2021-04-07,2024-08-12,No,180,1j - TDF+3TC+DTG,2025-02-08,Alive,2025-03-09,2023-10-10,Suppressed,0.0,2024-08-12,2024-08-12,First viral load test at 6 months or longer post ART,,,,,,,,,,,,ea274debf7ae4749b6c56964196db186,SNNPR,Gedeo,DillaHealthCenter,7050740093
F,49,33,2016-11-24,2016-11-30,2024-04-08,No,180,1j - TDF+3TC+DTG,2024-10-05,Alive,2024-11-03,2023-11-27,Suppressed,0.0,2023-10-09,2023-10-09,Annual viral load test,,,,,,,,,,,,ea2db2043c994b44830057721983f580,SNNPR,Gedeo,DillaHealthCenter,7050740093
M,61,33,2023-05-03,2023-05-03,2024-07-25,,90,1j - TDF+3TC+DTG,2024-10-23,Alive,2024-11-21,2024-09-04,Suppressed,0.0,2024-07-25,2024-07-25,Second viral load test at 12 months post ART,,,,,,,,,,,,ebba57886d0140f8b2195be0eecce4cd,SNNPR,Gedeo,DillaHealthCenter,7050740093
F,39,37,2012-06-11,2012-06-25,2024-08-18,No,90,1j - TDF+3TC+DTG,2024-11-16,Alive,2024-12-15,2023-05-23,Suppressed,0.0,2024-08-18,2024-08-18,Annual viral load test,,,,,,,,,,,,ebca299517864aa6998f7e18a3b2b39b,SNNPR,Gedeo,DillaHealthCenter,7050740093
M,45,40,2018-12-20,2019-01-10,2024-08-03,,30,1j - TDF+3TC+DTG,2024-08-31,Alive,2024-10-01,,,,,,,,,,,,,,,,,,ebd1a0a40f6f4f4497e4b10c7660739f,SNNPR,Gedeo,DillaHealthCenter,7050740093
M,65,40,2019-02-28,2019-03-04,2024-08-28,,90,1j - TDF+3TC+DTG,2024-11-26,Alive,2024-12-25,2023-03-03,Suppressed,0.0,2023-02-09,2023-02-09,Annual viral load test,,,,,,,,,,,,ec8fe1cf59fe4ea589bdb282009845a5,SNNPR,Gedeo,DillaHealthCenter,7050740093
F,52,31,2013-06-13,2013-07-22,2024-08-15,No,90,1j - TDF+3TC+DTG,2024-11-13,Alive,2024-12-12,2024-06-27,Suppressed,0.0,2024-05-26,2024-05-26,Annual viral load test,,,,,,,,,,,,edbb962afaf946db8f4abb0a120711ef,SNNPR,Gedeo,DillaHealthCenter,7050740093
F,64,34,2010-08-06,2014-03-27,2024-06-28,No,90,1j - TDF+3TC+DTG,2024-09-26,Alive,2024-10-25,2024-09-04,Suppressed,0.0,2024-06-27,2024-06-27,Annual viral load test,,,,,,,,,,,,ee8cde468ca140108163086211007803,SNNPR,Gedeo,DillaHealthCenter,7050740093
M,60,70,2011-09-05,2011-09-14,2024-08-27,,90,1j - TDF+3TC+DTG,2024-11-22,Alive,2024-12-24,2024-04-25,Suppressed,0.0,2023-12-14,2023-12-14,Viral load after EAC: confirmatory viral load where initial viral load greater than 1000 copies per ml,,,,,,,,,,,,ef9a1d420ec84edcb2d4fa739054461e,SNNPR,Gedeo,DillaHealthCenter,7050740093
F,63,41,2013-01-12,2013-10-03,2024-08-01,No,90,1j - TDF+3TC+DTG,2024-10-30,Alive,2024-11-28,2024-06-14,Suppressed,0.0,2024-05-02,2024-05-02,Annual viral load test,,,,,,2024-05-02,2021-09-14,Suppressed,,,Repeat or confirmatory VL: initial viral load greater than 1000,f06c1b8dc8e943d794ca9a93b11c99b4,SNNPR,Gedeo,DillaHealthCenter,7050740093
M,56,33,2021-12-14,2021-12-16,2024-08-29,,30,1j - TDF+3TC+DTG,2024-09-26,Alive,2024-10-27,2024-04-18,HIV infection with high viral load,86600.0,2024-08-29,2024-08-29,Second viral load test at 12 months post ART,,,2024-08-29,2024-08-29,2024-08-29,,,,,,,f1e473fa56c74665b16acc6097444a3e,SNNPR,Gedeo,DillaHealthCenter,7050740093
M,54,35,2019-01-31,2019-02-07,2024-08-15,,90,1j - TDF+3TC+DTG,2024-11-13,Alive,2024-12-12,2024-06-14,Suppressed,0.0,2024-05-17,2024-05-17,Annual viral load test,,2021-01-15,,,,,,,,,,f30051f61ef5486c9e5b6e1646d181ff,SNNPR,Gedeo,DillaHealthCenter,7050740093
F,64,27,2021-04-27,2021-04-27,2024-08-16,Yes,30,1j - TDF+3TC+DTG,2024-09-12,Alive,2024-10-14,2024-04-18,Suppressed,0.0,2024-03-15,2024-03-15,Viral load after EAC: repeat viral load where initial viral load greater than 50 and less than 1000 copies per ml,,,,,,,,,,,,f32f4048ae1140bdaa868513d782133e,SNNPR,Gedeo,DillaHealthCenter,7050740093
M,44,20,2024-04-22,2024-04-22,2024-08-08,,30,1j - TDF+3TC+DTG,2024-09-05,Alive,2024-10-06,,,,,,,,,,,,,,,,,,f341aaaa83cc4679b6d8d4873cc0d129,SNNPR,Gedeo,DillaHealthCenter,7050740093
F,49,40,2020-06-12,2020-06-22,2024-09-16,No,90,1j - TDF+3TC+DTG,2024-12-15,Alive,2025-01-13,2024-08-26,Suppressed,0.0,2024-06-27,2024-06-27,Annual viral load test,,,,,,,,,,,,f3dcc72884ec4d4da51e193199f7aeb1,SNNPR,Gedeo,DillaHealthCenter,7050740093
M,55,41,2024-02-20,2024-02-20,2024-07-01,,90,1j - TDF+3TC+DTG,2024-09-30,Alive,2024-10-28,,,,,,,,,,,,,,,,,,f4676e90ea234c7481a60209ad41d72e,SNNPR,Gedeo,DillaHealthCenter,7050740093
M,68,28,2021-11-09,2021-11-09,2024-07-22,,90,1j - TDF+3TC+DTG,2024-10-18,Alive,2024-11-18,2023-05-23,Suppressed,0.0,2024-07-29,2024-07-29,Second viral load test at 12 months post ART,,,,,,,,,,,,f498d26c6d0c41fdb0e819e8835805f8,SNNPR,Gedeo,DillaHealthCenter,7050740093
F,87,40,2013-07-30,2013-07-30,2024-04-23,No,180,1j - TDF+3TC+DTG,2024-10-20,Alive,2024-11-18,2023-10-31,Suppressed,0.0,2023-09-05,2023-09-05,Annual viral load test,,,,,,,,,,,,f5633042888e40739f645c7c6bc576f2,SNNPR,Gedeo,DillaHealthCenter,7050740093
M,59,63,2021-11-03,2021-11-08,2024-06-12,,90,1j - TDF+3TC+DTG,2024-09-11,Alive,2024-10-09,2023-03-20,Suppressed,0.0,2023-02-23,2023-02-23,Annual viral load test,,2023-06-06,,,,,,,,,,f6288e0a60504002860e17b5e835099b,SNNPR,Gedeo,DillaHealthCenter,7050740093
F,56,41,2023-12-20,2023-12-20,2024-06-24,No,90,1j - TDF+3TC+DTG,2024-09-22,Alive,2024-10-21,,,,,,,,,,,,,,,,,,f6e854bf58724fe89ad523a25584a76e,SNNPR,Gedeo,DillaHealthCenter,7050740093
F,54,29,2024-01-29,2024-01-29,2024-08-22,Yes,30,1j - TDF+3TC+DTG,2024-09-21,Alive,2024-10-20,,,,,,,,,,,,,,,,,,f80dcc6b2dbe4de68e7299338b863474,SNNPR,Gedeo,DillaHealthCenter,7050740093
F,50,27,2022-11-15,2022-11-15,2024-06-26,No,90,1j - TDF+3TC+DTG,2024-09-20,Alive,2024-10-23,,,,,,,,,,,,,,,,,,f816db8ceb414f67b4b4e8f26528099f,SNNPR,Gedeo,DillaHealthCenter,7050740093
F,50,41,2013-11-05,2013-11-05,2024-08-16,No,90,1j - TDF+3TC+DTG,2024-11-14,Alive,2024-12-13,2024-02-19,Suppressed,0.0,2023-11-27,2023-11-27,Annual viral load test,,,,,,,,,,,,f8b071f5ec8c4bd2b016b957fb53d6d5,SNNPR,Gedeo,DillaHealthCenter,7050740093
F,34,13,2024-01-24,2024-02-08,2024-09-02,No,90,4j - ABC+3TC+DTG,2024-12-01,Alive,2024-12-30,2024-08-26,Suppressed,0.0,2024-07-10,2024-07-10,First viral load test at 6 months or longer post ART,,,,,,,,,,,,f8da79586b6d4e9e890360bc1bbf5a76,SNNPR,Gedeo,DillaHealthCenter,7050740093
F,49,36,2023-05-02,2023-05-02,2024-06-20,No,90,1j - TDF+3TC+DTG,2024-09-18,Alive,2024-10-17,,,,,,,,,,,,,,,,,,f9593148dcdb46f48a8c02da988678a5,SNNPR,Gedeo,DillaHealthCenter,7050740093
F,69,41,2018-08-28,2018-08-28,2024-05-24,Yes,180,1j - TDF+3TC+DTG,2024-11-19,Alive,2024-12-19,2023-06-08,Suppressed,0.0,2023-05-26,2023-05-26,Annual viral load test,,2021-01-09,,,,,,,,,,f95fc301a0f743bd88f174c3379997bd,SNNPR,Gedeo,DillaHealthCenter,7050740093
M,43,45,2004-11-16,2012-07-26,2024-08-10,,90,1j - TDF+3TC+DTG,2024-11-09,Alive,2024-12-07,2023-10-31,Suppressed,0.0,2023-08-21,2023-08-21,Annual viral load test,,,,,,,,,,,,f9d72e4464d64639acdaea8d2c2c6e4d,SNNPR,Gedeo,DillaHealthCenter,7050740093
M,55,54,2020-11-26,2020-11-26,2024-08-14,,90,1j - TDF+3TC+DTG,2024-11-12,Alive,2024-12-11,2023-06-08,Suppressed,0.0,2023-05-29,2023-05-29,Annual viral load test,,,,,,,,,,,,fa64523015de446da12f47e47807449c,SNNPR,Gedeo,DillaHealthCenter,7050740093
F,45,38,2016-05-14,2016-06-09,2024-07-24,No,90,1j - TDF+3TC+DTG,2024-10-22,Alive,2024-11-20,2024-06-14,Suppressed,0.0,2024-04-29,2024-04-29,Annual viral load test,,,,,,,,,,,,fbcb985b76a94bcc9936370899c7c218,SNNPR,Gedeo,DillaHealthCenter,7050740093
M,55,37,2022-05-03,2022-05-03,2024-06-09,,90,1j - TDF+3TC+DTG,2024-09-05,Alive,2024-10-06,,,,,,,,,,,,,,,,,,fc21683a42d94777b404753041f84015,SNNPR,Gedeo,DillaHealthCenter,7050740093
M,70,26,2023-09-18,2023-10-18,2024-09-13,,90,1j - TDF+3TC+DTG,2024-12-10,Alive,2025-01-10,2024-04-18,Suppressed,0.0,2024-03-18,2024-03-18,First viral load test at 6 months or longer post ART,,,,,,,,,,,,fcbe77ea54c14bfcbd98669d8e99044c,SNNPR,Gedeo,DillaHealthCenter,7050740093
F,49,21,2023-06-20,2023-06-20,2024-08-16,No,90,1j - TDF+3TC+DTG,2024-11-14,Alive,2024-12-13,,,,,,,,,,,,,,,,,,fcf0559ce8b64d598e9e183760eafef5,SNNPR,Gedeo,DillaHealthCenter,7050740093
F,43,28,2021-07-26,2021-07-26,2024-06-17,No,90,1j - TDF+3TC+DTG,2024-09-15,Alive,2024-10-14,2023-06-02,Suppressed,0.0,2023-05-16,2023-05-16,Second viral load test at 12 months post ART,,,,,,,,,,,,fd0e37bcf491499dbb86cec6fe6d6daa,SNNPR,Gedeo,DillaHealthCenter,7050740093
F,50,23,2021-08-03,2021-08-03,2024-08-14,No,180,1j - TDF+3TC+DTG,2025-02-10,Alive,2025-03-11,2024-03-12,Suppressed,0.0,2024-01-25,2024-01-25,Annual viral load test,,,,,,,,,,,,fd7902b254b64e73a58a26b5ac0aade6,SNNPR,Gedeo,DillaHealthCenter,7050740093
M,55,39,2021-03-04,2021-03-04,2024-08-20,,30,1j - TDF+3TC+DTG,2024-09-19,Alive,2024-10-18,2024-09-04,Suppressed,0.0,2024-07-20,2024-07-20,Viral load after EAC: confirmatory viral load where initial viral load greater than 1000 copies per ml,,,,,,,,,,,,fe81da5c571246b3b4da99d94abfa751,SNNPR,Gedeo,DillaHealthCenter,7050740093
F,42,25,2016-10-25,2017-09-20,2024-08-05,No,30,1j - TDF+3TC+DTG,2024-09-02,Alive,2024-10-03,2024-02-19,Suppressed,0.0,2023-11-27,2023-11-27,Six months after the first viral load test at postnatal period,,2020-09-21,,,,,,,,,,fec9f1642ffc40559db63239abe17a42,SNNPR,Gedeo,DillaHealthCenter,7050740093
