Sex,Weight,Age,TPT_Started_Date,TPT_Completed_Date,TPT_Type,TPT_TypeAlt,TPT_TypeChar,HIV_Confirmed_Date,ART_Start_Date,FollowUpDate,transfer_in,ARTDoseDays,Next_visit_Date,FollowupStatus,FollowupStatusChar,ARTDoseEndDate,PatientGUID,WHOStage,AdultCD4Count,ChildCD4Count,CPT_StartDate,CPT_StartDate_GC,CPT_StopDate,CPT_StopDate_GC,TB_SpecimenType,ActiveTBDiagnosed,ActiveTBDignosedDate,ActiveTBDignosedDate_GC,TBTx_StartDate,TBTx_StartDate_GC,TBTx_CompletedDate,TBTx_CompletedDate_GC,FluconazoleStartDate,FluconazoleStartDate_GC,FluconazoleEndDate,FluconazoleEndDate_GC,Region,Woreda,Facility,HMISCode
F,46,28,2021-12-29,2022-06-13,6H,,INH,2021-12-29,2021-12-29,2024-06-24,,90,2024-09-22,5,Alive,2024-10-21,02391ac811a7498681de529cb78f2db7,WHO stage 1 peds,,,,,,,,,,,,,,,,,,,SNNPR,Gedeo,DillaHealthCenter,7050740093
F,47,26,2024-02-07,2024-08-14,6H,,INH,2024-02-07,2024-02-07,2024-08-14,,90,2024-11-11,5,Alive,2024-12-11,0265431647714eb4b0fbbfd4338d5d91,WHO stage 1 peds,,,,,,,,,,,,,,,,,,,SNNPR,Gedeo,DillaHealthCenter,7050740093
F,46,37,2018-03-09,2018-08-06,6H,,INH,2012-05-16,2017-08-07,2024-07-01,,90,2024-09-30,5,Alive,2024-10-28,030938fac5e84823a455b4503ecdae4b,WHO stage 1 peds,,,,,,,,,,,,,,,,,,,SNNPR,Gedeo,DillaHealthCenter,7050740093
M,56,38,2021-05-12,2021-08-16,3HP,3HP,3HP,2021-05-12,2021-05-12,2024-07-22,,90,2024-10-20,5,Alive,2024-11-18,03565e88887442568416d450191fb892,WHO stage 1 peds,,,2013-9-4,2021-05-12,,,,,,,,,,,,,,,SNNPR,Gedeo,DillaHealthCenter,7050740093
M,47,35,2018-09-05,2020-08-16,6H,,INH,2018-09-05,2018-09-05,2024-08-14,,90,2024-11-12,5,Alive,2024-12-11,03663f444a31406783d1446ccb64f931,WHO stage 1 peds,,,,,,,,,,,,,,,,,,,SNNPR,Gedeo,DillaHealthCenter,7050740093
M,54,33,2021-08-25,2021-11-23,3HP,3HP,3HP,2021-08-25,2021-08-25,2024-07-30,,90,2024-10-28,5,Alive,2024-11-26,0369e3bb9798444fab26142b60204282,WHO stage 1 peds,,,,,,,,,,,,,,,,,,,SNNPR,Gedeo,DillaHealthCenter,7050740093
F,70,31,,,,,,2016-08-05,2023-11-06,2024-07-26,,90,2024-10-24,5,Alive,2024-11-22,0448ea963edb453f887a7b14b112b5d7,WHO stage 1 peds,,,,,,,,,,,,,,,,,,,SNNPR,Gedeo,DillaHealthCenter,7050740093
M,60,20,2023-04-28,2023-07-27,3HP,3HP,3HP,2023-04-28,2023-04-28,2024-06-19,,90,2024-09-15,5,Alive,2024-10-16,05369cce235f485da56d56863fe73583,WHO stage 1 peds,,,,,,,,,,,,,,,,,,,SNNPR,Gedeo,DillaHealthCenter,7050740093
F,57,24,2018-07-09,2019-02-18,6H,,INH,2018-05-10,2018-05-29,2024-08-12,,30,2024-09-09,5,Alive,2024-10-10,055199e562cc41f288a7c1feeb7f057f,WHO stage 1 peds,,,,,,,,,,,,,,,,,,,SNNPR,Gedeo,DillaHealthCenter,7050740093
M,59,28,2024-06-12,,6H,,INH,2024-06-12,2024-06-12,2024-08-29,,90,2024-11-27,5,Alive,2024-12-26,05e278b4f38d43789078e4265ca2fdf8,WHO stage 1 peds,,,,,,,,,,,,,,,,,,,SNNPR,Gedeo,DillaHealthCenter,7050740093
M,61,37,2022-10-19,2023-01-17,3HP,3HP,3HP,2022-10-19,2022-10-19,2024-07-03,,90,2024-09-30,5,Alive,2024-10-30,0615b8c4e9194b1bbfb393294ea0ea68,WHO stage 1 peds,,,,,,,,,,,,,,,,,,,SNNPR,Gedeo,DillaHealthCenter,7050740093
F,38,33,2019-01-09,2019-07-08,6H,,INH,2019-01-09,2019-01-09,2024-08-26,,90,2024-11-24,5,Alive,2024-12-23,06352f3332e940599808e2fe2e1f988f,WHO stage 1 peds,,,,,,,,,,,,,,,,,,,SNNPR,Gedeo,DillaHealthCenter,7050740093
F,64,37,2024-06-13,2024-09-11,3HP,3HP,3HP,2024-06-13,2024-06-13,2024-09-16,,90,2024-12-13,5,Alive,2025-01-13,076b8ddefa714f85ab697c9f2482c876,WHO stage 1 peds,,,,,,,,,,,,,,,,,,,SNNPR,Gedeo,DillaHealthCenter,7050740093
M,69,29,2023-10-17,2024-01-15,3HP,3HP,3HP,2023-10-17,2023-10-17,2024-07-16,,90,2024-10-14,5,Alive,2024-11-12,078928e05233451bbd6eddfb2147f059,WHO stage 1 peds,,,,,,,,,,,,,,,,,,,SNNPR,Gedeo,DillaHealthCenter,7050740093
M,70,41,2018-04-03,2020-10-01,6H,,INH,2018-02-28,2018-03-15,2024-03-07,,180,2024-09-03,5,Alive,2024-10-02,07ab687babde48acb69a5fbd7e9876b7,WHO stage 1 peds,,,2010-6-21,2018-02-28,2011-9-16,2019-05-24,,,,,,,,,,,,,SNNPR,Gedeo,DillaHealthCenter,7050740093
M,76,49,2024-05-21,,3HP,3HP,3HP,2024-05-21,2024-05-21,2024-08-17,,90,2024-11-16,5,Alive,2024-12-14,07b26cf289ad4bc0a223ef081224c95b,WHO stage 1 peds,,,,,,,,,,,,,,,,,,,SNNPR,Gedeo,DillaHealthCenter,7050740093
M,22,8,2023-02-23,2023-05-24,3HP,3HP,3HP,2023-02-23,2023-02-23,2024-09-22,,30,2024-10-20,5,Alive,2024-11-20,07f08ef001be451ba52142e7cff9d1ee,WHO stage 1 peds,,,,,,,,,,,,,,,,,,,SNNPR,Gedeo,DillaHealthCenter,7050740093
F,48,38,2015-10-14,2016-04-11,6H,,INH,2012-10-17,2013-01-14,2024-08-10,,90,2024-11-09,5,Alive,2024-12-07,08804d9405084421a3bce9b162ecd4cc,WHO stage 1 peds,,,2005-5-6,2013-01-14,2011-12-13,2019-08-19,,,,,,,,,,,,,SNNPR,Gedeo,DillaHealthCenter,7050740093
F,48,50,2024-06-18,,3HP,3HP,3HP,2024-06-18,2024-06-18,2024-08-17,,30,2024-09-13,5,Alive,2024-10-15,095423bf6e9d45eca1b1e9b1333cb310,WHO stage 1 peds,,,,,,,,,,,,,,,,,,,SNNPR,Gedeo,DillaHealthCenter,7050740093
F,40,26,2023-03-14,2023-06-12,3HP,3HP,3HP,2023-03-14,2023-03-14,2024-06-07,,90,2024-09-03,5,Alive,2024-10-04,09d77930a5a7483fba66ca8782ba17aa,WHO stage 1 peds,,,,,,,,,,,,,,,,,,,SNNPR,Gedeo,DillaHealthCenter,7050740093
M,52,48,,,,,,2014-07-29,2014-08-26,2024-08-19,,30,2024-09-15,5,Alive,2024-10-17,0a01c6cb87ce4a0bac202d40080bd3a1,WHO stage 1 peds,,,,,,,,,,,,,,,,,,,SNNPR,Gedeo,DillaHealthCenter,7050740093
M,57,29,2024-03-01,2024-08-28,6H,,INH,2023-12-19,2023-12-19,2024-08-09,,30,2024-09-08,5,Alive,2024-10-07,0aaa5bbb035f4e68afbcc19f0e6bb174,WHO stage 1 peds,,,,,,,,,,,,,,,,,,,SNNPR,Gedeo,DillaHealthCenter,7050740093
M,63,31,2022-02-11,2022-05-12,3HP,3HP,3HP,2022-02-11,2022-02-11,2024-06-03,,90,2024-08-30,5,Alive,2024-09-30,0b1bcdf994b84eb3bb0f975300107da1,WHO stage 1 peds,,,,,,,,,,,,,,,,,,,SNNPR,Gedeo,DillaHealthCenter,7050740093
F,46,17,2023-08-29,2023-11-27,3HP,3HP,3HP,2023-08-29,2023-08-29,2024-07-25,,90,2024-10-21,5,Alive,2024-11-21,0b34904caa7b48b5b358a52b58f02b70,WHO stage 1 peds,,,,,,,,,,,,,,,,,,,SNNPR,Gedeo,DillaHealthCenter,7050740093
M,57,18,2024-06-25,2024-09-23,3HP,3HP,3HP,2024-06-25,2024-06-25,2024-08-21,,30,2024-09-20,5,Alive,2024-10-19,0b3647e6a7884b43be7e237b9f4dd2da,WHO stage 1 peds,,,,,,,,,,,,,,,,,,,SNNPR,Gedeo,DillaHealthCenter,7050740093
F,52,56,2018-09-28,2019-03-25,6H,,INH,2018-08-29,2018-08-30,2024-05-06,,180,2024-11-02,5,Alive,2024-12-01,0b4d107937ab4556833e68f269e71955,WHO stage 1 peds,,,2010-12-24,2018-08-30,2013-4-3,2020-12-12,,,,,,,,,,,,,SNNPR,Gedeo,DillaHealthCenter,7050740093
M,52,32,2022-05-04,2022-08-02,3HP,3HP,3HP,2022-05-04,2022-05-04,2024-08-23,,90,2024-11-21,5,Alive,2024-12-20,0bda22161a0a429a81f374db0f5a7cc2,WHO stage 1 peds,,,,,,,,,,,,,,,,,,,SNNPR,Gedeo,DillaHealthCenter,7050740093
F,50,24,2021-03-25,2021-06-28,3HP,3HP,3HP,2021-03-25,2021-03-25,2024-06-12,,90,2024-09-13,5,Alive,2024-10-09,0e04b99a680a463a88aba53c2444a6f6,WHO stage 1 peds,,,,,,,,,,,,,,,,,,,SNNPR,Gedeo,DillaHealthCenter,7050740093
M,44,91,2015-10-06,2016-03-23,6H,,INH,2008-09-25,2009-03-11,2024-08-15,,90,2024-11-13,5,Alive,2024-12-12,0e65b73349f9481c9fc63f1751b3aa8f,WHO stage 1 peds,,,2006-11-11,2014-07-18,2011-2-20,2018-10-30,,,,,,,,,,,,,SNNPR,Gedeo,DillaHealthCenter,7050740093
M,57,41,2018-11-07,2020-06-03,6H,,INH,2018-03-13,2018-04-11,2024-05-28,,180,2024-11-24,5,Alive,2024-12-23,0efa3d9a42db4dfcb1cd4af87b9cc4bc,WHO stage 1 peds,,,2010-7-4,2018-03-13,,,,,,,,,,,,,,,SNNPR,Gedeo,DillaHealthCenter,7050740093
M,43,26,2024-02-20,,6H,,INH,2023-12-08,2023-12-08,2024-06-19,,90,2024-09-17,5,Alive,2024-10-16,12861c7a4a7849e3bcbf0ea879a878a2,WHO stage 1 peds,,,,,,,,,,,,,,,,,,,SNNPR,Gedeo,DillaHealthCenter,7050740093
M,70,23,2020-09-07,2020-12-02,6H,,INH,2020-09-07,2020-09-07,2024-06-17,,90,2024-09-15,5,Alive,2024-10-14,1301067b8e5b439ab1266fa31ca94955,WHO stage 1 peds,,,,,,,,,,,,,,,,,,,SNNPR,Gedeo,DillaHealthCenter,7050740093
F,49,21,2023-07-27,2023-10-25,3HP,3HP,3HP,2023-07-27,2023-07-27,2024-06-05,,90,2024-09-01,5,Alive,2024-10-02,13170a6e81fd4b0eb258b2d0d413e990,WHO stage 1 peds,,,,,,,,,,,,,,,,,,,SNNPR,Gedeo,DillaHealthCenter,7050740093
M,61,35,,,,,,2017-11-27,2017-12-25,2024-04-19,,180,2024-10-16,5,Alive,2024-11-14,1348b4f3cb994c679b5c533ecbe04a75,WHO stage 1 peds,,,2010-3-18,2017-11-27,,,,,,,,,,,,,,,SNNPR,Gedeo,DillaHealthCenter,7050740093
F,45,48,2015-08-28,2016-02-13,6H,,INH,2014-07-01,2014-07-01,2024-06-09,,180,2024-12-10,5,Alive,2025-01-04,138241e7438c4e38a9dfbdeacc065237,WHO stage 1 peds,,,,,,,,,,,,,,,,,,,SNNPR,Gedeo,DillaHealthCenter,7050740093
F,54,42,,,,,,2023-01-26,2023-01-26,2024-05-18,,180,2024-11-19,5,Alive,2024-12-13,13f469994ee24381a2053cc2fc6d6761,WHO stage 1 peds,,,2015-5-18,2023-01-26,,,,,2015-5-18,2023-01-26,2015-5-18,2023-01-26,,,,,,,SNNPR,Gedeo,DillaHealthCenter,7050740093
M,61,25,2020-02-07,2020-07-24,6H,,INH,2020-02-07,2020-02-28,2024-08-19,,90,2024-11-17,5,Alive,2024-12-16,1466f8619f2d4160980bf14ae633479f,WHO stage 1 peds,,,2012-5-29,2020-02-07,,,,,,,,,,,,,,,SNNPR,Gedeo,DillaHealthCenter,7050740093
F,42,44,2019-02-27,2019-08-19,6H,,INH,2017-03-03,2017-03-05,2024-08-27,,90,2024-11-24,5,Alive,2024-12-24,15ca3672563a4c1483ef3e4390594206,WHO stage 1 peds,,,,,,,,,,,,,,,,,,,SNNPR,Gedeo,DillaHealthCenter,7050740093
M,64,29,,,,,,2023-02-28,2023-02-28,2024-06-12,,90,2024-09-13,5,Alive,2024-10-09,1614277992164f8abf33f58898648491,WHO stage 1 peds,,,2015-7-18,2023-03-27,,,,Yes,2015-7-18,2023-03-27,2015-7-18,2023-03-27,2016-3-23,2023-12-03,,,,,SNNPR,Gedeo,DillaHealthCenter,7050740093
M,58,22,2024-05-26,,6H,,INH,2024-05-26,2024-05-26,2024-08-08,,30,2024-09-07,5,Alive,2024-10-06,1648430454094ce6ad06d2cae6e4cb70,WHO stage 1 peds,,,,,,,,,,,,,,,,,,,SNNPR,Gedeo,DillaHealthCenter,7050740093
F,44,45,2015-10-20,2016-04-13,6H,,INH,2009-01-28,2014-07-07,2024-08-14,,90,2024-11-12,5,Alive,2024-12-11,165772c1ff814ddc8ae43b99d0c44ed1,WHO stage 1 peds,,,,,,,,,,,,,,,,,,,SNNPR,Gedeo,DillaHealthCenter,7050740093
F,72,29,2023-04-05,2023-07-04,3HP,3HP,3HP,2023-04-05,2023-04-05,2024-08-08,,30,2024-09-05,5,Alive,2024-10-06,1673d014980a49f99864e61c39c677d0,WHO stage 1 peds,,,,,,,,,,,,,,,,,,,SNNPR,Gedeo,DillaHealthCenter,7050740093
M,60,21,2022-11-23,2023-02-22,3HP,3HP,3HP,2022-11-23,2022-11-23,2024-06-20,,90,2024-09-16,5,Alive,2024-10-17,1766dec07554493086fa829bf143fd12,WHO stage 1 peds,,,,,,,,,,,,,,,,,,,SNNPR,Gedeo,DillaHealthCenter,7050740093
F,47,16,2020-06-02,2020-12-24,6H,,INH,2020-06-02,2020-06-02,2024-07-30,,90,2024-10-28,5,Alive,2024-11-26,19562f2118de47f38e24cfd3c92ab01a,WHO stage 1 peds,,,2012-9-25,2020-06-02,,,,,,,,,,,,,,,SNNPR,Gedeo,DillaHealthCenter,7050740093
F,67,57,2017-02-22,2017-08-18,6H,,INH,2017-01-20,2017-01-25,2024-06-15,,90,2024-09-13,5,Alive,2024-10-12,1969414bad944653b790d113f4251bf3,WHO stage 1 peds,,,2009-5-17,2017-01-25,2011-4-18,2018-12-27,,,,,,,,,,,,,SNNPR,Gedeo,DillaHealthCenter,7050740093
F,70,26,2017-10-18,2018-04-02,6H,,INH,2017-10-17,2017-11-01,2024-07-25,,90,2024-10-20,5,Alive,2024-11-21,198467e764b3478ea61654622b284198,WHO stage 1 peds,,,,,,,,,,,,,,,,,,,SNNPR,Gedeo,DillaHealthCenter,7050740093
F,53,35,2015-12-24,2016-05-22,6H,,INH,2014-10-31,2014-12-24,2024-07-12,,180,2025-01-09,5,Alive,2025-02-06,19ad7eb4b1d94967b6e157b1cf911c10,WHO stage 1 peds,,,,,,,,,,,,,,,,,,,SNNPR,Gedeo,DillaHealthCenter,7050740093
F,54,23,2021-04-21,2021-08-30,3HP,3HP,3HP,2021-04-21,2021-04-21,2024-06-07,,90,2024-09-02,5,Alive,2024-10-04,1a521da8828c4b6a8e7422c3ebdf30b9,WHO stage 1 peds,,,,,,,,,,,,,,,,,,,SNNPR,Gedeo,DillaHealthCenter,7050740093
M,60,45,2017-05-15,2017-10-09,3HP,3HP,3HP,2017-02-14,2017-02-14,2024-08-15,,90,2024-11-13,5,Alive,2024-12-12,1a8357c26cd04338bd3fe7e6545298e8,WHO stage 1 peds,,,2009-6-7,2017-02-14,2011-10-13,2019-06-20,,,,,,,,,,,,,SNNPR,Gedeo,DillaHealthCenter,7050740093
F,42,38,2023-04-05,2023-07-04,3HP,3HP,3HP,2008-05-26,2008-05-26,2024-04-09,,180,2024-10-06,5,Alive,2024-11-04,1bdbf82e667140f48995032ae07bf65a,WHO stage 1 peds,,,,,,,,,,,,,,,,,,,SNNPR,Gedeo,DillaHealthCenter,7050740093
M,58,28,2024-02-20,2024-08-15,6H,,INH,2024-01-15,2024-01-15,2024-08-15,,90,2024-11-13,5,Alive,2024-12-12,1c1a22042a874e509a048fc9f44c65b3,WHO stage 1 peds,,,,,,,,,,,,,,,,,,,SNNPR,Gedeo,DillaHealthCenter,7050740093
F,48,32,,,,,,2022-06-11,2022-08-01,2024-06-25,,90,2024-09-23,5,Alive,2024-10-22,1c5674bff5034936b1a00a95a0949ade,WHO stage 1 peds,,,,,,,,Yes,2014-11-25,2022-08-01,2014-11-25,2022-08-01,2015-6-15,2023-02-22,,,,,SNNPR,Gedeo,DillaHealthCenter,7050740093
M,41,38,2017-06-13,2017-11-14,6H,,INH,2016-12-02,2016-12-14,2024-06-17,,90,2024-09-15,5,Alive,2024-10-14,1cab17aae6264f5eac1fb82e9a71e4d7,WHO stage 1 peds,,,2009-4-5,2016-12-14,2011-3-15,2018-11-24,,,,,,,,,,,,,SNNPR,Gedeo,DillaHealthCenter,7050740093
F,38,44,2020-07-17,2020-10-19,6H,,INH,2020-07-17,2020-07-20,2024-08-10,,90,2024-11-09,5,Alive,2024-12-07,1da1b4993b6545eda77c6fa0c823b472,WHO stage 1 peds,,,,,,,,,,,,,,,,,,,SNNPR,Gedeo,DillaHealthCenter,7050740093
M,57,60,2024-03-11,2024-09-07,6H,,INH,2024-03-11,2024-03-11,2024-09-06,,30,2024-10-06,5,Alive,2024-11-04,1f3ba905e0744df9981513bbce5fd5f6,WHO stage 1 peds,,,,,,,,,,,,,,,,,,,SNNPR,Gedeo,DillaHealthCenter,7050740093
F,63,31,2018-08-22,2019-02-26,6H,,INH,2018-08-22,2018-08-22,2024-07-25,,180,2025-01-21,5,Alive,2025-02-19,21d3f0f6da234df19d72e8b892211d91,WHO stage 1 peds,,,,,,,,,,,,,,,,,,,SNNPR,Gedeo,DillaHealthCenter,7050740093
F,70,38,2015-11-16,2016-05-31,6H,,INH,2014-11-06,2014-11-06,2024-08-10,,90,2024-11-09,5,Alive,2024-12-07,21dd0ccbdb7c41f6921052a1b3b059f1,WHO stage 1 peds,,,2007-2-27,2014-11-06,2008-6-29,2016-03-08,,,,,,,,,,,,,SNNPR,Gedeo,DillaHealthCenter,7050740093
F,46,38,,,,,,2021-12-28,2022-01-17,2024-07-17,,180,2025-01-13,5,Alive,2025-02-11,2296ad3c05534c879f66f8b18cb57395,WHO stage 1 peds,,,,,,,,Yes,2014-4-19,2021-12-28,2014-4-19,2021-12-28,2015-2-2,2022-10-12,,,,,SNNPR,Gedeo,DillaHealthCenter,7050740093
M,46,42,2022-10-20,2023-01-18,3HP,3HP,3HP,2022-10-20,2022-10-20,2024-07-14,,90,2024-10-12,5,Alive,2024-11-10,23948ec1b0c6461799c52d7d225472c1,WHO stage 1 peds,,,,,,,,,,,,,,,,,,,SNNPR,Gedeo,DillaHealthCenter,7050740093
M,48,45,2024-08-26,,3HP,3HP,3HP,2024-08-21,2024-08-26,2024-08-26,,30,2024-09-25,5,Alive,2024-10-24,2415d6bdb1e94fda86d0647b688355c7,WHO stage 1 peds,96.0,96.0,2016-12-15,2024-08-21,,,,,,,,,,,,,,,SNNPR,Gedeo,DillaHealthCenter,7050740093
M,57,30,2022-11-04,2023-02-02,3HP,3HP,3HP,2022-11-04,2022-11-04,2024-08-08,,90,2024-11-06,5,Alive,2024-12-05,24ef6f3fda71463f9536005f11a59c0e,WHO stage 1 peds,,,,,,,,,,,,,,,,,,,SNNPR,Gedeo,DillaHealthCenter,7050740093
F,68,57,2023-06-15,2023-09-13,3HP,3HP,3HP,2023-06-15,2023-06-15,2024-06-09,,90,2024-09-07,5,Alive,2024-10-06,284c4b3da644461397ccb4f646aaba12,WHO stage 1 peds,,,2015-10-8,2023-06-15,,,,,,,,,,,,,,,SNNPR,Gedeo,DillaHealthCenter,7050740093
F,45,33,2024-04-26,,6H,,INH,2024-04-26,2024-04-26,2024-08-20,,30,2024-09-20,5,Alive,2024-10-18,28a9ee23ca144a52aff4d5eb8c2167c6,WHO stage 1 peds,,,,,,,,,,,,,,,,,,,SNNPR,Gedeo,DillaHealthCenter,7050740093
F,65,25,2019-01-15,2019-07-02,3HP,3HP,3HP,2019-01-15,2019-01-15,2024-03-25,,180,2024-09-20,5,Alive,2024-10-20,296d57c249dc4f8ab184e850c039866f,WHO stage 1 peds,,,,,,,,,,,,,,,,,,,SNNPR,Gedeo,DillaHealthCenter,7050740093
M,63,35,2022-10-06,2023-01-04,3HP,3HP,3HP,2022-10-06,2022-10-06,2024-06-12,,90,2024-09-04,5,Alive,2024-10-09,29985c335823411ebcfc4a52a2647876,WHO stage 1 peds,,,,,,,,,,,,,,,,,,,SNNPR,Gedeo,DillaHealthCenter,7050740093
F,64,28,2020-09-24,2020-12-23,3HP,3HP,3HP,2020-09-24,2020-09-24,2024-03-10,,180,2024-09-06,5,Alive,2024-10-05,2a6e2d08a3164fe2b7f0be834f560b8c,WHO stage 1 peds,,,,,,,,,,,,,,,,,,,SNNPR,Gedeo,DillaHealthCenter,7050740093
M,63,26,,,,,,2023-11-16,2023-11-30,2024-08-14,,30,2024-09-13,5,Alive,2024-10-12,2bb1fa2f818e4d758fb9440ac0ea1988,WHO stage 1 peds,,,2016-3-6,2023-11-16,,,,Yes,2016-3-6,2023-11-16,2016-3-6,2023-11-16,2016-8-28,2024-05-06,,,,,SNNPR,Gedeo,DillaHealthCenter,7050740093
F,43,30,2017-09-22,2018-02-27,6H,,INH,2017-07-12,2017-07-12,2024-06-23,,90,2024-09-23,5,Alive,2024-10-20,2bcde340029244d5bf2fbf0d07d5c967,WHO stage 4 adult,,,2009-11-5,2017-07-12,2012-12-1,2020-08-07,,,,,,,,,,,,,SNNPR,Gedeo,DillaHealthCenter,7050740093
M,42,24,2024-03-30,,6H,,INH,2024-03-26,2024-03-26,2024-06-17,,90,2024-09-13,5,Alive,2024-10-14,2c6095fd5bba48df8f1fc895ef4718b3,WHO stage 1 peds,,,2016-7-17,2024-03-26,,,,,,,,,,,,,,,SNNPR,Gedeo,DillaHealthCenter,7050740093
M,54,33,2017-11-16,2018-05-02,6H,,INH,2013-01-03,2017-12-13,2024-07-09,,180,2025-01-05,5,Alive,2025-02-03,2d2c40b57b304d6f9de2b882c471d2e3,WHO stage 1 peds,,,2010-3-7,2017-11-16,2011-7-27,2019-04-05,,,,,,,,,,,,,SNNPR,Gedeo,DillaHealthCenter,7050740093
M,73,35,2019-04-22,2019-12-26,6H,,INH,2017-11-20,2019-05-22,2024-05-17,,180,2024-11-13,5,Alive,2024-12-12,2db1bfac72634e68bc34058391aa6b2c,WHO stage 1 peds,,,2011-3-11,2018-11-20,2012-8-8,2020-04-16,,,,,,,,,,,,,SNNPR,Gedeo,DillaHealthCenter,7050740093
F,51,58,2021-04-19,2021-05-27,6H,,INH,2021-04-19,2021-04-19,2024-06-22,,180,2024-12-19,5,Alive,2025-01-17,2dd518d51cc24e2790ea3d7464f2f394,WHO stage 1 peds,,,2013-8-11,2021-04-19,,,,,,,,,,,,,,,SNNPR,Gedeo,DillaHealthCenter,7050740093
M,55,69,2017-09-22,2018-02-21,6H,,INH,2005-10-07,2006-10-26,2024-07-15,,90,2024-10-13,5,Alive,2024-11-11,2ee861791cc742999193be98c18b121e,WHO stage 1 peds,,,2009-10-20,2017-06-27,2013-2-11,2020-10-21,,,,,,,,,,,,,SNNPR,Gedeo,DillaHealthCenter,7050740093
F,77,36,2013-10-03,2014-02-21,6H,,INH,2013-10-03,2013-10-03,2024-07-07,,90,2024-10-05,5,Alive,2024-11-03,2f3338f08e9e4d9e894ad8fa9976cdd8,WHO stage 1 peds,,,2012-5-12,2020-01-21,2012-12-13,2020-08-19,,,,,,,,,,,,,SNNPR,Gedeo,DillaHealthCenter,7050740093
F,45,28,2018-03-13,2020-09-22,6H,,INH,2018-03-13,2018-03-13,2024-08-16,,180,2025-02-12,5,Alive,2025-03-13,31647f9f3bcd41898da1bab80944967d,WHO stage 1 peds,,,,,,,,,,,,,,,,,,,SNNPR,Gedeo,DillaHealthCenter,7050740093
F,38,25,2019-06-24,2019-12-20,6H,,INH,2019-06-24,2019-06-24,2024-08-10,,90,2024-11-09,5,Alive,2024-12-07,31ef10143dbd4cb4a592266224b68f38,WHO stage 1 peds,,,,,,,,,,,,,,,,,,,SNNPR,Gedeo,DillaHealthCenter,7050740093
F,13,6,2024-06-11,,6H,,INH,2024-06-11,2024-06-11,2024-09-16,,30,2024-10-14,5,Alive,2024-11-14,324fa235ec144c1f80cdbfaf13e170de,WHO stage 1 peds,,,2016-10-4,2024-06-11,,,,,,,,,,,,,,,SNNPR,Gedeo,DillaHealthCenter,7050740093
M,62,50,2016-10-30,2017-04-28,6H,,INH,2010-11-17,2011-02-19,2024-04-19,,180,2024-10-16,5,Alive,2024-11-14,34192dcc3c734417a178fea97cd90d43,WHO stage 1 peds,,,2009-7-28,2017-04-06,2010-12-28,2018-09-03,,,,,,,,,,,,,SNNPR,Gedeo,DillaHealthCenter,7050740093
F,40,38,2017-02-20,2017-08-15,6H,,INH,2016-11-18,2016-11-25,2024-07-15,,180,2025-01-11,5,Alive,2025-02-09,347c084a96084534b7bf86fbe445c665,WHO stage 1 peds,,,2009-4-14,2016-12-23,2011-2-30,2018-11-09,,,,,,,,,,,,,SNNPR,Gedeo,DillaHealthCenter,7050740093
M,48,45,2019-04-29,2019-12-16,6H,,INH,2019-03-28,2019-03-29,2024-08-01,,90,2024-10-30,5,Alive,2024-11-28,34c987aed2f84c2d935701b4da994a72,WHO stage 1 peds,,,2011-7-20,2019-03-29,2012-5-7,2020-01-16,,,2016-5-9,2024-01-18,2016-5-9,2024-01-18,,,,,,,SNNPR,Gedeo,DillaHealthCenter,7050740093
F,65,39,2020-05-20,2021-02-03,6H,,INH,2020-03-13,2020-05-20,2024-06-10,,90,2024-09-02,5,Alive,2024-10-07,351c1ea813654c369cc2e7c842bc0516,WHO stage 1 peds,,,,,,,,,,,,,,,,,,,SNNPR,Gedeo,DillaHealthCenter,7050740093
F,56,47,,,,,,2011-11-24,2012-04-04,2024-09-24,,180,2025-03-23,5,Alive,2025-04-21,3540fb2562c4456ea967bde4db68adaf,WHO stage 1 peds,,,2004-3-15,2011-11-25,,,,,,,,,,,,,,,SNNPR,Gedeo,DillaHealthCenter,7050740093
F,51,29,2020-01-21,2020-06-19,6H,,INH,2019-09-23,2020-01-21,2024-08-12,,90,2024-11-10,5,Alive,2024-12-09,3622885f84a94187b713548eabf2293a,WHO stage 1 peds,,,,,,,,,,,,,,,,,,,SNNPR,Gedeo,DillaHealthCenter,7050740093
M,47,30,2022-10-03,2023-01-01,3HP,3HP,3HP,2022-10-03,2022-10-03,2024-08-30,,90,2024-11-26,5,Alive,2024-12-27,36ad5556a6a7427bb2e6982ce0b7e938,WHO stage 1 peds,,,,,,,,,,,,,,,,,,,SNNPR,Gedeo,DillaHealthCenter,7050740093
M,41,64,2020-11-16,2021-04-21,3HP,3HP,3HP,2020-11-16,2020-11-16,2024-08-06,,90,2024-11-04,5,Alive,2024-12-03,36ad5929c7a24e278d1b1d90edd08589,WHO stage 1 peds,,,,,,,,,,,,,,,,,,,SNNPR,Gedeo,DillaHealthCenter,7050740093
F,49,41,2017-03-28,2017-09-21,3HP,3HP,3HP,2013-01-11,2017-03-28,2024-09-04,,90,2024-12-01,5,Alive,2025-01-01,3748edc8c7fc4c8298700d5d9bc41475,WHO stage 1 peds,,,,,,,,,,,,,,,,,,,SNNPR,Gedeo,DillaHealthCenter,7050740093
M,46,46,2017-07-22,2018-01-25,6H,,INH,2010-06-17,2010-08-31,2024-08-20,,180,2025-02-17,5,Alive,2025-03-17,3a2c4dc0a48c4cb8a1bd4d9a1963312c,WHO stage 1 peds,,,,,,,,No,,,,,,,,,,,SNNPR,Gedeo,DillaHealthCenter,7050740093
M,62,38,,,,,,2021-08-24,2021-08-24,2024-08-13,,30,2024-09-12,6,Restart medication,2024-10-11,3b78f61ee6224152b8e318e0d428901f,WHO stage 3 adult,,,2016-12-7,2024-08-13,,,,,,,,,,,,,,,SNNPR,Gedeo,DillaHealthCenter,7050740093
F,46,34,2015-03-17,2015-09-13,6H,,INH,2015-03-17,2015-03-17,2024-07-12,,180,2025-01-09,5,Alive,2025-02-06,3ba20628838943c099f1976ceaeb730a,WHO stage 1 peds,,,2008-3-24,2015-12-04,2009-5-1,2017-01-09,,,,,,,,,,,,,SNNPR,Gedeo,DillaHealthCenter,7050740093
F,44,37,2017-09-05,2018-02-15,3HP,3HP,3HP,2017-08-04,2017-08-04,2024-09-17,,90,2024-12-16,5,Alive,2025-01-14,3c22959ff4b04e04b62cf25c2774d557,WHO stage 1 adult,,,,,,,,,,,,,,,,,,,SNNPR,Gedeo,DillaHealthCenter,7050740093
M,66,48,2019-09-16,2020-01-27,6H,,INH,2018-09-02,2019-09-16,2024-05-11,,180,2024-11-12,5,Alive,2024-12-06,3e1ad5a0b301447aaea384f45080dc15,WHO stage 1 peds,,,2012-1-5,2019-09-16,2012-4-17,2019-12-27,,,,,,,,,,,,,SNNPR,Gedeo,DillaHealthCenter,7050740093
M,60,25,2019-03-18,2019-09-09,6H,,INH,2019-03-18,2019-03-18,2024-04-19,,180,2024-10-15,5,Alive,2024-11-14,3e4a15758d3b426985b3b4b35006a3b7,WHO stage 1 peds,,,,,,,,,2016-1-8,2023-09-19,2016-1-8,2023-09-19,,,,,,,SNNPR,Gedeo,DillaHealthCenter,7050740093
F,14,3,,,,,,2024-06-14,2024-06-14,2024-09-17,,30,2024-10-15,5,Alive,2024-11-15,3e4ead0ce2e545a18db150907944a614,,,,2016-10-7,2024-06-14,,,,No,2016-12-3,2024-08-09,2016-11-5,2024-07-12,,,,,,,SNNPR,Gedeo,DillaHealthCenter,7050740093
F,42,20,2020-10-07,2021-04-08,6H,,INH,2020-10-07,2020-10-07,2024-08-06,,90,2024-11-04,5,Alive,2024-12-03,3e628f2573194f37a2773e69baec0d49,WHO stage 1 peds,,,,,,,,,,,,,,,,,,,SNNPR,Gedeo,DillaHealthCenter,7050740093
F,46,32,2023-02-28,2023-05-29,3HP,3HP,3HP,2023-02-28,2023-02-28,2024-07-17,,90,2024-10-15,5,Alive,2024-11-13,3e98ac26ed8042f6a005aae2789675c3,WHO stage 1 peds,,,,,,,,,,,,,,,,,,,SNNPR,Gedeo,DillaHealthCenter,7050740093
M,64,37,2023-11-07,2024-02-05,3HP,3HP,3HP,2023-11-07,2023-11-07,2024-06-18,,90,2024-09-16,5,Alive,2024-10-15,3f399302ff97476aa42e493397dc7955,WHO stage 1 peds,,,,,,,,,,,,,,,,,,,SNNPR,Gedeo,DillaHealthCenter,7050740093
M,70,35,,,,,,2019-07-08,2019-07-08,2024-09-02,,180,2025-03-01,5,Alive,2025-03-30,4104549dd02e46cc9822ef42f9348ec9,WHO stage 1 peds,,,,,,,,No,,,,,,,,,,,SNNPR,Gedeo,DillaHealthCenter,7050740093
M,53,43,,,,,,2021-08-19,2021-09-03,2024-06-29,,90,2024-09-28,5,Alive,2024-10-26,419046c22e4d40018f8d0015863b15dd,WHO stage 1 peds,,,2013-12-28,2021-09-03,2014-12-7,2022-08-13,Positive,Yes,2016-7-24,2024-04-02,2016-7-24,2024-04-02,,,,,,,SNNPR,Gedeo,DillaHealthCenter,7050740093
F,42,21,2023-10-10,2024-04-07,6H,,INH,2023-10-10,2023-10-10,2024-08-06,,90,2024-11-04,5,Alive,2024-12-03,434275ea5e9d448d92b654cf8d787bae,WHO stage 1 peds,,,,,,,,,,,,,,,,,,,SNNPR,Gedeo,DillaHealthCenter,7050740093
M,58,34,2022-05-16,2022-08-14,3HP,3HP,3HP,2022-05-16,2022-05-16,2024-08-04,,30,2024-09-01,5,Alive,2024-10-02,43701f4622e143cfa9ea1514125b0aee,WHO stage 1 peds,,,2014-9-8,2022-05-16,,,,,,,,,,,,,,,SNNPR,Gedeo,DillaHealthCenter,7050740093
F,43,37,2015-11-24,2016-05-24,6H,,INH,2015-11-24,2015-11-24,2024-08-24,,180,2025-02-20,5,Alive,2025-03-21,4415992087c54d048811d4cf5e4a7ac2,WHO stage 1 peds,,,,,,,,,,,,,,,,,,,SNNPR,Gedeo,DillaHealthCenter,7050740093
M,57,39,2022-08-26,2022-11-24,3HP,3HP,3HP,2022-08-26,2022-08-26,2024-07-22,,90,2024-10-17,5,Alive,2024-11-18,45a0a24b510649e6affec5a5af65048c,WHO stage 1 peds,,,,,,,,,,,,,,,,,,,SNNPR,Gedeo,DillaHealthCenter,7050740093
F,68,35,2016-03-16,2016-09-01,6H,,INH,2016-02-17,2016-02-17,2024-08-27,,90,2024-11-24,5,Alive,2024-12-24,45b5dabb56384b47a67ea4874937afd6,WHO stage 1 peds,,,2008-8-5,2016-04-13,2009-1-19,2016-09-29,,,,,,,,,,,,,SNNPR,Gedeo,DillaHealthCenter,7050740093
M,59,33,,,,,,2024-06-06,2024-06-06,2024-09-13,,60,2024-11-10,5,Alive,2024-12-11,460431e339f7462fb11b8bac0f4d356e,WHO stage 1 peds,,,,,,,,,2016-9-29,2024-06-06,2016-9-29,2024-06-06,,,,,,,SNNPR,Gedeo,DillaHealthCenter,7050740093
M,62,31,2023-09-18,2023-12-17,3HP,3HP,3HP,2023-09-18,2023-09-18,2024-08-23,,90,2024-11-20,5,Alive,2024-12-20,4634e008fd4d4afc9d107ac03e70a803,WHO stage 1 peds,,,2016-1-7,2023-09-18,,,,,,,,,,,,,,,SNNPR,Gedeo,DillaHealthCenter,7050740093
F,68,28,2022-02-21,2022-05-22,3HP,3HP,3HP,2022-02-21,2022-02-21,2024-06-22,,90,2024-09-20,5,Alive,2024-10-19,46a5818354cd4c4e99d5ad92dc82899b,WHO stage 1 peds,,,,,,,,,,,,,,,,,,,SNNPR,Gedeo,DillaHealthCenter,7050740093
F,42,19,,,,,,2023-09-25,2023-09-25,2024-08-07,,90,2024-11-05,5,Alive,2024-12-04,476f3536c7c7493e9a8b8f1ebcd2f77a,WHO stage 1 peds,,,2016-1-14,2023-09-25,,,,Yes,2016-1-14,2023-09-25,2016-1-14,2023-09-25,2016-5-12,2024-01-21,,,,,SNNPR,Gedeo,DillaHealthCenter,7050740093
M,74,27,2024-07-08,,3HP,3HP,3HP,2024-07-08,2024-07-08,2024-07-08,,90,2024-10-03,5,Alive,2024-11-04,48849194898044d682e8277063b80c62,WHO stage 1 peds,423.0,423.0,,,,,,,,,,,,,,,,,SNNPR,Gedeo,DillaHealthCenter,7050740093
F,71,36,2013-08-09,2014-02-03,6H,,INH,2013-05-13,2014-09-02,2024-09-05,,90,2024-12-04,5,Alive,2025-01-02,48d92e22dd8247f78aa54ab99f83616e,WHO stage 1 peds,,,,,,,,,,,,,,,,,,,SNNPR,Gedeo,DillaHealthCenter,7050740093
F,54,44,2015-08-01,2016-01-22,6H,,INH,2015-03-06,2015-03-10,2024-05-01,,180,2024-10-28,5,Alive,2024-11-26,49ae9c5f550643c09377b232d91b9a73,WHO stage 1 peds,,,2007-7-1,2015-03-10,2011-3-3,2018-11-12,,,,,,,,,,,,,SNNPR,Gedeo,DillaHealthCenter,7050740093
F,67,33,2013-03-03,2013-08-26,6H,,INH,2013-03-03,2013-03-03,2024-05-01,,180,2024-10-28,5,Alive,2024-11-26,49b8ccd72831453ca5f03d9b6edec06d,WHO stage 1 peds,,,2005-11-23,2013-07-30,,,,,,,,,,,,,,,SNNPR,Gedeo,DillaHealthCenter,7050740093
F,42,35,2024-06-14,,6H,,INH,2024-06-14,2024-06-14,2024-08-13,,30,2024-09-12,5,Alive,2024-10-11,4a04e101cc364bbd9d679db3a8ba231c,WHO stage 1 peds,,,,,,,,,,,,,,,,,,,SNNPR,Gedeo,DillaHealthCenter,7050740093
F,68,47,2015-12-14,2019-12-04,6H,,INH,2012-11-28,2013-06-25,2024-05-09,,180,2024-11-05,5,Alive,2024-12-04,4cf8d885e7b84d3886e278d1426c9f8e,WHO stage 1 peds,,,,,,,,No,,,,,,,,,,,SNNPR,Gedeo,DillaHealthCenter,7050740093
M,56,49,2016-11-21,2017-05-11,6H,,INH,2010-12-01,2010-12-21,2024-04-26,,180,2024-10-23,5,Alive,2024-11-21,4e468b044c6e4d2399a099aae021c5c7,WHO stage 1 peds,,,,,,,,,,,,,,,,,,,SNNPR,Gedeo,DillaHealthCenter,7050740093
M,80,49,2016-11-21,2017-05-26,6H,,INH,2012-10-09,2014-04-16,2024-06-01,,180,2024-11-29,5,Alive,2024-12-27,4e6a749a970b4679bbed5a2b8133cab4,WHO stage 1 peds,,,2009-3-12,2016-11-21,,,,,,,,,,,,,,,SNNPR,Gedeo,DillaHealthCenter,7050740093
F,52,23,2023-10-11,2024-04-08,6H,,INH,2023-10-11,2023-10-11,2024-08-19,,30,2024-09-16,5,Alive,2024-10-17,4f8b380a49a2447680ebd9a178cc72c4,WHO stage 1 peds,,,,,,,,,,,,,,,,,,,SNNPR,Gedeo,DillaHealthCenter,7050740093
F,558,37,2015-11-24,2016-04-19,6H,,INH,2011-02-03,2011-02-25,2024-07-20,,90,2024-10-18,5,Alive,2024-11-16,4f8c01c0c617483982cc78f0bdb33aa9,WHO stage 1 peds,,,2007-8-29,2015-05-07,2008-1-11,2015-09-22,,,,,,,,,,,,,SNNPR,Gedeo,DillaHealthCenter,7050740093
F,44,37,2013-08-19,2014-01-20,,,,2012-07-10,2013-06-17,2024-09-24,,90,2024-12-23,5,Alive,2025-01-21,5086bae02a5c48e78b746fec08851f93,WHO stage 1 peds,,,,,,,,,,,,,,,,,,,SNNPR,Gedeo,DillaHealthCenter,7050740093
F,56,41,2016-07-04,2017-01-02,6H,,INH,2010-12-09,2011-01-12,2024-08-27,,90,2024-11-25,5,Alive,2024-12-24,51b806b6d6634886adf8bfeb591309aa,WHO stage 1 peds,,,2004-11-23,2012-07-30,2008-10-27,2016-07-04,,,,,,,,,,,,,SNNPR,Gedeo,DillaHealthCenter,7050740093
M,58,35,2019-05-27,2019-11-25,6H,,INH,2019-05-27,2019-06-10,2024-08-22,,30,2024-09-21,5,Alive,2024-10-20,5379786008984a04839e1fd53d982f01,WHO stage 1 peds,,,2011-9-19,2019-05-27,2012-8-2,2020-04-10,,,,,,,,,,,,,SNNPR,Gedeo,DillaHealthCenter,7050740093
M,54,25,2024-07-31,,3HP,3HP,3HP,2024-07-31,2024-07-31,2024-07-31,,90,2024-10-26,5,Alive,2024-11-27,537e29b80e604cc08b5094b59b2e6fcc,WHO stage 1 peds,666.0,666.0,,,,,,,,,,,,,,,,,SNNPR,Gedeo,DillaHealthCenter,7050740093
M,59,28,2021-08-03,2021-11-22,3HP,3HP,3HP,2021-08-03,2021-08-03,2024-05-10,,180,2024-11-06,5,Alive,2024-12-05,54bb8decb9314666ba1c000946028039,WHO stage 1 peds,,,,,,,,,,,,,,,,,,,SNNPR,Gedeo,DillaHealthCenter,7050740093
M,62,29,2022-03-14,2022-06-12,3HP,3HP,3HP,2022-03-14,2022-03-14,2024-06-17,,90,2024-09-15,5,Alive,2024-10-14,55a1b77485024b7382461a26f9aed924,WHO stage 1 peds,,,2015-9-3,2023-05-11,,,,Yes,2015-9-3,2023-05-11,2015-9-3,2023-05-11,2016-4-18,2023-12-28,,,,,SNNPR,Gedeo,DillaHealthCenter,7050740093
F,53,26,2020-02-14,2020-09-02,6H,,INH,2019-10-11,2018-08-27,2024-06-17,,90,2024-09-13,5,Alive,2024-10-14,563c135f315b4814a920bf0defb24c44,WHO stage 1 peds,,,2012-9-24,2020-06-01,2013-5-17,2021-01-25,,,,,,,,,,,,,SNNPR,Gedeo,DillaHealthCenter,7050740093
F,40,26,2023-05-12,2023-08-10,3HP,3HP,3HP,2023-05-12,2023-05-12,2024-06-22,,90,2024-09-20,5,Alive,2024-10-19,56bab1cf0c0941d198db182262c0d0db,WHO stage 1 peds,,,,,,,,,,,,,,,,,,,SNNPR,Gedeo,DillaHealthCenter,7050740093
F,79,41,2014-11-07,2015-04-06,6H,,INH,2014-10-31,2014-11-07,2024-03-31,,180,2024-09-26,5,Alive,2024-10-26,58bfdac0702442688fe0fbb017943c0a,WHO stage 1 peds,,,2007-2-21,2014-10-31,2009-5-25,2017-02-02,,,,,,,,,,,,,SNNPR,Gedeo,DillaHealthCenter,7050740093
M,66,28,2024-07-17,2024-10-15,3HP,3HP,3HP,2024-07-17,2024-07-17,2024-09-16,,30,2024-10-14,5,Alive,2024-11-14,5b8a3d9f71c345d396c6b2fdbcdf823f,WHO stage 1 peds,,,,,,,,,,,,,,,,,,,SNNPR,Gedeo,DillaHealthCenter,7050740093
M,55,47,2022-12-07,2023-03-07,3HP,3HP,3HP,2022-12-07,2022-12-07,2024-06-19,,90,2024-09-20,5,Alive,2024-10-16,5bfc06d530dc4c51bee3478f261f4852,WHO stage 1 peds,,,,,,,,,,,,,,,,,,,SNNPR,Gedeo,DillaHealthCenter,7050740093
F,78,28,2024-08-23,,3HP,3HP,3HP,2024-08-23,2024-08-23,2024-08-23,,30,2024-09-20,5,Alive,2024-10-21,5c12aafc5dac46f08e28c5e5a37e9d2f,WHO stage 1 peds,,,,,,,,,,,,,,,,,,,SNNPR,Gedeo,DillaHealthCenter,7050740093
F,76,26,2018-03-19,2018-08-28,6H,,INH,2018-03-19,2018-03-19,2024-08-30,,180,2025-02-27,5,Alive,2025-03-27,5c73a93948984f07872910a833ca572d,WHO stage 1 peds,,,,,,,,,,,,,,,,,,,SNNPR,Gedeo,DillaHealthCenter,7050740093
M,55,26,2023-11-29,2024-02-27,3HP,3HP,3HP,2023-11-29,2023-11-29,2024-07-01,,90,2024-09-29,5,Alive,2024-10-28,5d1c3b5803f04892ab51e2cc09d48f0d,WHO stage 1 peds,,,,,,,,,,,,,,,,,,,SNNPR,Gedeo,DillaHealthCenter,7050740093
M,69,41,2022-08-26,2022-11-24,3HP,3HP,3HP,2008-06-02,2008-11-10,2024-08-28,,90,2024-11-26,5,Alive,2024-12-25,5d259acd78944ca3bcab4cb18ad9be90,WHO stage 1 peds,,,,,,,,,,,,,,,,,,,SNNPR,Gedeo,DillaHealthCenter,7050740093
M,76,40,2015-10-06,2016-04-04,6H,,INH,2009-11-17,2009-12-23,2024-07-02,,90,2024-09-30,5,Alive,2024-10-29,5d46abbebe064ee283c84bc828dfcb6b,WHO stage 1 peds,,,2007-6-10,2015-02-17,2008-3-10,2015-11-20,,,,,,,,,,,,,SNNPR,Gedeo,DillaHealthCenter,7050740093
F,52,32,2016-11-30,2017-05-19,6H,,INH,2015-05-21,2016-11-30,2024-08-10,,90,2024-11-09,5,Alive,2024-12-07,5ec2019c79074bb19d51cef4df27dd29,WHO stage 1 peds,,,2008-3-19,2015-11-29,,,,,,,,,,,,,,,SNNPR,Gedeo,DillaHealthCenter,7050740093
F,57,27,2022-03-14,2022-11-09,6H,,INH,2022-03-14,2022-03-14,2024-06-24,,180,2024-12-21,5,Alive,2025-01-19,6060ebf1717d44d693bad803123c64ea,WHO stage 1 peds,,,,,,,,,,,,,,,,,,,SNNPR,Gedeo,DillaHealthCenter,7050740093
F,45,38,2021-04-23,2021-07-22,3HP,3HP,3HP,2021-04-23,2021-04-23,2024-07-27,,180,2025-01-20,5,Alive,2025-02-21,6080dcf228154f779453ff939e0b85be,WHO stage 1 peds,,,,,,,,,,,,,,,,,,,SNNPR,Gedeo,DillaHealthCenter,7050740093
F,56,32,2022-03-22,2022-06-20,3HP,3HP,3HP,2022-03-22,2022-03-22,2024-08-17,,90,2024-11-15,5,Alive,2024-12-14,60da7b3d788d417bacdce83c183c0026,WHO stage 1 peds,,,,,,,,,,,,,,,,,,,SNNPR,Gedeo,DillaHealthCenter,7050740093
F,50,31,2022-11-10,2023-02-08,3HP,3HP,3HP,2022-11-10,2022-11-10,2024-06-24,,90,2024-09-22,5,Alive,2024-10-21,613120c0bb404912af6a7fd22f13f803,WHO stage 1 peds,,,,,,,,,,,,,,,,,,,SNNPR,Gedeo,DillaHealthCenter,7050740093
M,53,43,,,,,,2021-08-05,2021-10-04,2024-09-02,,30,2024-10-02,5,Alive,2024-10-31,62572a9ab1074d7a8bcaa9921edd7489,WHO stage 1 peds,,,2013-11-29,2021-08-05,,,,,,,,,,,,,,,SNNPR,Gedeo,DillaHealthCenter,7050740093
F,69,34,2016-05-16,2017-01-10,6H,,INH,2010-06-22,2013-01-21,2024-08-19,,90,2024-11-16,5,Alive,2024-12-16,62af76a387414091b269208e01b48f52,WHO stage 1 peds,,,2003-3-3,2010-11-12,2004-3-2,2011-11-12,,,,,,,,,,,,,SNNPR,Gedeo,DillaHealthCenter,7050740093
F,44,31,2023-08-01,2023-10-30,3HP,3HP,3HP,2023-08-01,2023-08-01,2024-08-02,,90,2024-10-30,5,Alive,2024-11-29,640ebb8d8b654e3094b8dc591d30e7bf,WHO stage 1 peds,,,,,,,,,,,,,,,,,,,SNNPR,Gedeo,DillaHealthCenter,7050740093
M,55,40,2019-07-26,2019-12-17,6H,,INH,2011-12-15,2019-07-26,2024-06-01,,180,2024-11-29,5,Alive,2024-12-27,6421ef62b21a4ac58a9e32b5acef134e,WHO stage 1 peds,,,2011-11-19,2019-07-26,2011-12-20,2019-08-26,,,,,,,,,,,,,SNNPR,Gedeo,DillaHealthCenter,7050740093
F,47,32,,,,,,2012-02-21,2012-03-09,2024-04-15,,180,2024-10-12,5,Alive,2024-11-10,64eed57c860c4b448835c590b126b21d,WHO stage 1 peds,,,2004-6-19,2012-02-27,2012-11-13,2020-07-20,,,,,,,,,,,,,SNNPR,Gedeo,DillaHealthCenter,7050740093
F,43,36,2017-11-06,2018-06-13,6H,,INH,2012-04-03,2013-07-01,2024-06-26,,90,2024-09-24,5,Alive,2024-10-23,65493d7514804839be885c31ed196719,,,,,,,,,,,,,,,,,,,,SNNPR,Gedeo,DillaHealthCenter,7050740093
M,59,22,2022-05-10,2022-08-08,3HP,3HP,3HP,2022-05-10,2022-05-10,2024-08-12,,180,2025-02-08,5,Alive,2025-03-09,654c676555834fd79fd4155f5aa36b1f,WHO stage 1 peds,,,,,,,,,,,,,,,,,,,SNNPR,Gedeo,DillaHealthCenter,7050740093
F,46,49,2021-01-01,2021-04-01,3HP,3HP,3HP,2021-01-01,2021-01-01,2024-07-11,,90,2024-10-09,5,Alive,2024-11-07,6572d5da4e544dcea3538ca8de51e654,WHO stage 1 peds,,,,,,,,,,,,,,,,,,,SNNPR,Gedeo,DillaHealthCenter,7050740093
F,70,28,2018-11-07,2019-10-07,6H,,INH,2018-11-07,2018-11-07,2024-03-21,,180,2024-09-15,5,Alive,2024-10-16,65f281e6124b40008a4b873b1325ed57,WHO stage 1 peds,,,,,,,,,,,,,,,,,,,SNNPR,Gedeo,DillaHealthCenter,7050740093
M,39,18,2021-03-08,2021-06-24,3HP,3HP,3HP,2013-08-12,2015-02-05,2024-08-17,,180,2025-02-13,5,Alive,2025-03-14,66584eacf83c4e11bc317210520047e1,WHO stage 1 peds,,,,,,,,,,,,,,,,,,,SNNPR,Gedeo,DillaHealthCenter,7050740093
F,55,34,2015-12-27,2016-06-14,6H,,INH,2015-02-23,2015-03-02,2024-08-15,,90,2024-11-13,5,Alive,2024-12-12,6676a5c0f2654e729f10e72cfb1df8d8,WHO stage 1 peds,,,2007-6-16,2015-02-23,2008-3-16,2015-11-26,,,,,,,,,,,,,SNNPR,Gedeo,DillaHealthCenter,7050740093
F,57,23,2023-08-22,2023-11-20,3HP,3HP,3HP,2023-08-22,2023-08-22,2024-06-24,,90,2024-09-22,5,Alive,2024-10-21,66c6e0d0a06d447fa04886f43c410fa9,WHO stage 1 peds,,,,,,,,,,,,,,,,,,,SNNPR,Gedeo,DillaHealthCenter,7050740093
F,89,41,2017-05-17,2017-12-07,6H,,INH,2013-09-25,2013-09-25,2024-07-22,,180,2025-01-18,5,Alive,2025-02-16,670088357aca4a41931a4b2e3ec45220,WHO stage 1 peds,,,,,,,,,,,,,,,,,,,SNNPR,Gedeo,DillaHealthCenter,7050740093
F,55,27,2022-10-03,2023-01-01,3HP,3HP,3HP,2022-10-03,2022-10-03,2024-06-26,,90,2024-09-24,5,Alive,2024-10-23,675281fc73ba42729cd8beb508c681a3,WHO stage 1 peds,,,,,,,,,,,,,,,,,,,SNNPR,Gedeo,DillaHealthCenter,7050740093
F,40,61,2016-05-13,2017-01-02,3HP,3HP,3HP,2013-01-31,2013-01-31,2024-08-27,,90,2024-11-24,5,Alive,2024-12-24,679e19fd5b5245b7bdee4b11e7ae417a,WHO stage 1 peds,,,2005-5-23,2013-01-31,2009-4-24,2017-01-02,,,,,,,,,,,,,SNNPR,Gedeo,DillaHealthCenter,7050740093
M,65,51,2016-10-26,2017-03-31,6H,,INH,2013-02-26,2013-03-15,2024-08-24,,90,2024-11-21,5,Alive,2024-12-21,67c5752112474d3c8e6c4b0d69f3e8f5,WHO stage 1 peds,,,2005-6-20,2013-02-27,2007-12-28,2015-09-03,,,,,,,,,,,,,SNNPR,Gedeo,DillaHealthCenter,7050740093
M,65,42,2015-10-09,2016-04-04,6H,,INH,2012-06-13,2013-06-27,2024-08-15,,90,2024-11-13,5,Alive,2024-12-12,67f3f430ecff4f45b5fc5699aa92db3e,WHO stage 1 peds,,,2005-10-25,2013-07-02,2007-12-4,2015-08-10,,,,,,,,,,,,,SNNPR,Gedeo,DillaHealthCenter,7050740093
F,58,34,2020-10-12,2021-03-01,3HP,3HP,3HP,2020-10-12,2020-10-12,2024-08-03,,90,2024-11-01,5,Alive,2024-11-30,6809c8dfdd304ee39f80882f93452ed5,WHO stage 1 peds,,,,,,,,,,,,,,,,,,,SNNPR,Gedeo,DillaHealthCenter,7050740093
F,50,27,2023-02-08,2023-05-09,3HP,3HP,3HP,2023-02-08,2023-02-08,2024-08-06,,90,2024-11-02,5,Alive,2024-12-03,68b90623fb514b788029e1199adf79b4,WHO stage 1 peds,,,,,,,,,,,,,,,,,,,SNNPR,Gedeo,DillaHealthCenter,7050740093
F,51,27,2017-11-02,2018-05-08,6H,,INH,2017-09-28,2017-09-28,2024-05-14,,180,2024-11-10,5,Alive,2024-12-09,68c2f388f88043829ca65e1af3ded82f,WHO stage 1 peds,,,,,,,,,,,,,,,,,,,SNNPR,Gedeo,DillaHealthCenter,7050740093
M,67,49,2023-08-01,2023-10-30,3HP,3HP,3HP,2023-08-01,2023-08-01,2024-08-13,,30,2024-09-13,5,Alive,2024-10-11,68f15748311644a7b55f58739da9cc51,WHO stage 1 peds,,,,,,,,,,,,,,,,,,,SNNPR,Gedeo,DillaHealthCenter,7050740093
F,44,20,2022-05-23,2022-08-21,3HP,3HP,3HP,2022-05-23,2022-05-23,2024-06-25,,90,2024-09-26,5,Alive,2024-10-22,6a39bd03d8034873bb55366cc45d6cda,WHO stage 1 peds,,,,,,,,,,,,,,,,,,,SNNPR,Gedeo,DillaHealthCenter,7050740093
F,60,27,2017-12-01,2018-06-10,6H,,INH,2018-10-06,2017-10-06,2024-04-26,,180,2024-10-23,5,Alive,2024-11-21,6a6c7ea87eb94c698749abd0e029a51e,WHO stage 1 peds,,,2010-1-26,2017-10-06,2011-3-6,2018-11-15,,,,,,,,,,,,,SNNPR,Gedeo,DillaHealthCenter,7050740093
M,57,50,2021-05-27,2021-09-17,3HP,3HP,3HP,2021-02-15,2021-02-15,2024-07-25,,90,2024-10-23,5,Alive,2024-11-21,6b0cbeb56d584c96844be0916ef8e865,WHO stage 1 peds,,,,,,,,,,,,,,,,,,,SNNPR,Gedeo,DillaHealthCenter,7050740093
M,65,48,2022-02-21,2022-05-22,3HP,3HP,3HP,2021-12-28,2021-12-28,2024-09-24,,90,2024-12-21,5,Alive,2025-01-21,6bb7a4b7b88d4958888b28d647bfe017,WHO stage 1 peds,,,,,,,,,,,,,,,,,,,SNNPR,Gedeo,DillaHealthCenter,7050740093
M,55,64,,,,,,2009-05-13,2009-05-25,2024-06-02,,180,2024-11-27,5,Alive,2024-12-28,6cb1da7b53594851a5158355e32a09ef,WHO stage 1 peds,,,,,,,,No,,,,,,,,,,,SNNPR,Gedeo,DillaHealthCenter,7050740093
F,43,27,2022-12-30,2023-03-30,3HP,3HP,3HP,2022-12-30,2022-12-30,2024-06-22,,90,2024-09-18,5,Alive,2024-10-19,6deb4b528b094adaa240ad44e34f5e99,WHO stage 1 peds,,,,,,,,,,,,,,,,,,,SNNPR,Gedeo,DillaHealthCenter,7050740093
M,52,30,,,,,,2024-05-22,2024-05-22,2024-09-21,,30,2024-10-21,5,Alive,2024-11-19,6df444bf1f744597838c7d1ea11494ba,WHO stage 1 peds,,,,,,,,Yes,2016-9-14,2024-05-22,2016-9-14,2024-05-22,2017-1-11,2024-09-21,,,,,SNNPR,Gedeo,DillaHealthCenter,7050740093
M,71,22,2023-02-21,2023-05-22,3HP,3HP,3HP,2023-02-21,2023-02-21,2024-06-17,,90,2024-09-15,5,Alive,2024-10-14,707b3760448e40919ccec51e82db2124,WHO stage 1 peds,,,,,,,,,,,,,,,,,,,SNNPR,Gedeo,DillaHealthCenter,7050740093
M,69,36,2017-10-12,2018-04-06,6H,,INH,2017-10-12,2017-10-19,2024-05-26,,180,2024-11-22,5,Alive,2024-12-21,70b6ec81d7bf49619d27ffc47378d257,WHO stage 1 peds,,,2010-2-2,2017-10-12,,,,Yes,2015-9-13,2023-05-21,2015-9-13,2023-05-21,,,,,,,SNNPR,Gedeo,DillaHealthCenter,7050740093
F,64,33,2017-10-04,2018-03-28,6H,,INH,2016-01-14,2016-01-14,2024-08-20,,30,2024-09-17,5,Alive,2024-10-18,71d973fcf4624f548ab11987631d76b8,WHO stage 1 peds,,,,,,,,,,,,,,,,,,,SNNPR,Gedeo,DillaHealthCenter,7050740093
F,57,26,2021-12-02,2023-05-31,6H,,INH,2021-12-02,2021-12-02,2024-08-19,,90,2024-11-17,5,Alive,2024-12-16,724c91930ce84e5e9aae7cbe12c70e00,WHO stage 1 peds,,,,,,,,,,,,,,,,,,,SNNPR,Gedeo,DillaHealthCenter,7050740093
F,66,45,2016-05-31,2016-11-28,6H,,INH,2011-09-15,2011-09-23,2024-08-10,,90,2024-11-09,5,Alive,2024-12-07,72909d509d5c4d30ae315f6339ba0134,WHO stage 1 peds,,,2004-1-8,2011-09-19,2011-5-1,2019-01-09,,,,,,,,,,,,,SNNPR,Gedeo,DillaHealthCenter,7050740093
F,51,26,2023-10-23,2024-01-21,3HP,3HP,3HP,2023-10-23,2023-10-23,2024-07-11,,90,2024-10-11,5,Alive,2024-11-07,7453839216d54c41bb88ac4ce7bbf3f3,WHO stage 1 peds,,,,,,,,,,,,,,,,,,,SNNPR,Gedeo,DillaHealthCenter,7050740093
F,61,31,2024-02-06,2024-08-04,6H,,INH,2024-02-06,2024-02-06,2024-07-09,,90,2024-10-12,5,Alive,2024-11-05,746f17991749451fbe614a0bfe3d7c20,WHO stage 1 peds,,,,,,,,,,,,,,,,,,,SNNPR,Gedeo,DillaHealthCenter,7050740093
M,77,29,2024-04-29,,6H,,INH,2024-04-29,2024-04-29,2024-08-13,,90,2024-11-11,5,Alive,2024-12-10,7478a432e8824b719b4316121e6f39ae,WHO stage 1 peds,,,,,,,,,,,,,,,,,,,SNNPR,Gedeo,DillaHealthCenter,7050740093
M,59,33,2024-02-08,2024-08-14,6H,,INH,2024-02-08,2024-02-08,2024-08-14,,90,2024-11-12,5,Alive,2024-12-11,76d4551bdf854fb5999e868eb94007bb,WHO stage 1 peds,,,,,,,,,,,,,,,,,,,SNNPR,Gedeo,DillaHealthCenter,7050740093
M,51,26,2023-07-31,2023-10-29,3HP,3HP,3HP,2023-07-31,2023-07-31,2024-06-23,,90,2024-09-21,5,Alive,2024-10-20,76e649e272244d829bd3333a035dbac0,WHO stage 1 peds,,,,,,,,,,,,,,,,,,,SNNPR,Gedeo,DillaHealthCenter,7050740093
F,53,24,2020-06-27,2020-12-14,6H,,INH,2020-06-27,2020-06-27,2024-07-04,,90,2024-09-30,5,Alive,2024-10-31,78720d77604a4fdfa76366f45d716b40,WHO stage 1 peds,,,2012-6-16,2020-02-24,,,,,,,,,,,,,,,SNNPR,Gedeo,DillaHealthCenter,7050740093
F,53,36,2018-04-20,2018-10-16,6H,,INH,2018-03-22,2018-04-20,2024-07-15,,90,2024-10-12,5,Alive,2024-11-11,7994d647de974dfb9d6d104227f95d55,WHO stage 1 peds,,,2010-7-13,2018-03-22,2010-1-7,2017-09-17,,,,,,,,,,,,,SNNPR,Gedeo,DillaHealthCenter,7050740093
M,54,18,2017-01-16,2017-07-17,6H,,INH,2014-07-21,2014-08-20,2024-06-17,,90,2024-09-15,5,Alive,2024-10-14,7c61063220f949dda472a4afb411f7a8,WHO stage 1 peds,,,2007-5-22,2015-01-30,2008-2-6,2015-10-17,,,,,,,,,,,,,SNNPR,Gedeo,DillaHealthCenter,7050740093
F,69,39,2013-08-16,2013-12-04,6H,,INH,2013-06-13,2013-06-21,2024-06-26,,180,2024-12-28,5,Alive,2025-01-21,7ca57778fdd94fe8a41d8972434e2a6a,WHO stage 1 peds,,,,,,,,,,,,,,,,,,,SNNPR,Gedeo,DillaHealthCenter,7050740093
M,56,36,2018-09-04,2019-02-21,6H,,INH,2018-09-04,2018-09-04,2024-09-03,,90,2024-12-02,5,Alive,2024-12-31,7e459b101fb74169999eee6e8201fcfa,WHO stage 1 peds,,,,,,,,,,,,,,,,,,,SNNPR,Gedeo,DillaHealthCenter,7050740093
M,49,31,2023-09-21,2023-12-20,3HP,3HP,3HP,2023-09-21,2023-09-21,2024-08-14,,30,2024-09-14,5,Alive,2024-10-12,7eb5cd0b22c14edfbefe02f09a8bc77a,WHO stage 1 peds,,,,,,,,,,,,,,,,,,,SNNPR,Gedeo,DillaHealthCenter,7050740093
F,87,33,2013-01-10,2013-06-27,6H,,INH,2013-03-27,2013-04-10,2024-08-27,,90,2024-11-26,5,Alive,2024-12-24,7f130a664a0a4d648e84649b7eae7f53,WHO stage 1 peds,,,,,,,,,,,,,,,,,,,SNNPR,Gedeo,DillaHealthCenter,7050740093
F,45,55,2024-06-26,,6H,,INH,2024-06-26,2024-06-26,2024-08-22,,30,2024-09-20,5,Alive,2024-10-20,8011b260c02c4072b3e8c723d9009a89,WHO stage 1 peds,,,,,,,,,,,,,,,,,,,SNNPR,Gedeo,DillaHealthCenter,7050740093
F,52,29,,,,,,2024-06-17,2024-06-17,2024-07-16,,90,2024-10-12,5,Alive,2024-11-12,813f0b4ed62048508dffbda565ec0cf9,WHO stage 1 peds,,,2016-10-10,2024-06-17,,,,,2016-10-10,2024-06-17,2016-10-10,2024-06-17,,,,,,,SNNPR,Gedeo,DillaHealthCenter,7050740093
F,35,72,2008-01-18,2008-08-03,6H,,INH,2007-02-11,2007-04-13,2024-09-20,,90,2024-12-19,5,Alive,2025-01-17,81ecc98e0b9a48beb78a78306ebe8e66,WHO stage 1 peds,,,,,,,,,,,,,,,,,,,SNNPR,Gedeo,DillaHealthCenter,7050740093
F,49,41,2022-01-25,2022-04-25,3HP,3HP,3HP,2022-01-25,2022-01-25,2024-08-27,,90,2024-11-19,5,Alive,2024-12-24,8220279c03394cceb2335931621e5652,WHO stage 1 peds,,,,,,,,,,,,,,,,,,,SNNPR,Gedeo,DillaHealthCenter,7050740093
F,60,24,2018-04-20,2018-10-12,6H,,INH,2018-04-20,2018-04-20,2024-06-24,,90,2024-09-25,5,Alive,2024-10-21,824b5509f8c748d7887c6ce6bbcd199c,WHO stage 1 peds,,,,,,,,,,,,,,,,,,,SNNPR,Gedeo,DillaHealthCenter,7050740093
F,55,21,2021-07-05,2021-10-05,3HP,3HP,3HP,2021-07-05,2021-07-05,2024-06-23,,90,2024-09-24,5,Alive,2024-10-20,8309b268e03642bea278c731c5e54090,WHO stage 1 peds,,,2013-10-28,2021-07-05,,,,,,,,,,,,,,,SNNPR,Gedeo,DillaHealthCenter,7050740093
M,54,21,2024-02-28,,6H,,INH,2024-01-15,2024-01-15,2024-07-12,,90,2024-10-11,5,Alive,2024-11-08,8395ccd8d32549ab8810fee58f2cb33b,WHO stage 1 peds,,,,,,,,,,,,,,,,,,,SNNPR,Gedeo,DillaHealthCenter,7050740093
F,45,46,,,,,,2023-10-31,2023-10-31,2024-07-24,,90,2024-10-20,5,Alive,2024-11-20,84926c3557db45b88d7ff68dc43c6c86,WHO stage 1 peds,,,,,,,,Yes,2016-2-14,2023-10-25,2016-2-14,2023-10-25,2016-8-19,2024-04-27,,,,,SNNPR,Gedeo,DillaHealthCenter,7050740093
M,53,44,2018-03-05,2018-11-21,6H,,INH,2017-10-02,2018-01-03,2024-07-01,,90,2024-09-29,5,Alive,2024-10-28,84c8bc7df3e04035b4246fbeaff0ac44,WHO stage 1 peds,,,2010-1-24,2017-10-04,2015-6-16,2023-02-23,,,2016-1-3,2023-09-14,2016-1-3,2023-09-14,2016-7-2,2024-03-11,,,,,SNNPR,Gedeo,DillaHealthCenter,7050740093
M,81,40,2022-03-11,2022-06-09,3HP,3HP,3HP,2022-03-11,2022-03-11,2024-08-12,,90,2024-11-10,5,Alive,2024-12-09,856e91ed19e14fab98fdfb71b55017ca,WHO stage 1 peds,,,,,,,,,,,,,,,,,,,SNNPR,Gedeo,DillaHealthCenter,7050740093
F,39,42,2023-04-25,2023-07-24,3HP,3HP,3HP,2013-04-08,2013-08-06,2024-08-07,,90,2024-11-05,5,Alive,2024-12-04,874ec071b85f429889bf5eed25e3726e,WHO stage 1 peds,,,,,,,,,,,,,,,,,,,SNNPR,Gedeo,DillaHealthCenter,7050740093
F,48,28,2021-07-14,2021-11-23,3HP,3HP,3HP,2021-07-14,2021-07-14,2024-06-26,,90,2024-09-24,5,Alive,2024-10-23,87872da2c5fd4295ae9bbb0ceaa9beb8,WHO stage 1 peds,,,,,,,,,,,,,,,,,,,SNNPR,Gedeo,DillaHealthCenter,7050740093
M,94,34,2016-11-14,2017-08-28,6H,,INH,2016-11-29,2016-12-01,2024-03-17,,180,2024-09-12,5,Alive,2024-10-12,885e3c3eb9de4d46a2c41b94639a1e6e,WHO stage 1 peds,,,2009-3-22,2016-12-01,2009-7-26,2017-04-04,,,,,,,,,,,,,SNNPR,Gedeo,DillaHealthCenter,7050740093
F,69,35,2016-03-17,2016-09-21,6H,,INH,2012-05-11,2012-09-22,2024-08-11,,180,2025-02-07,5,Alive,2025-03-08,8906f244e15f4733872c0dc953a40389,WHO stage 1 peds,,,2004-10-11,2012-06-18,2008-5-5,2016-01-14,,,,,,,,,,,,,SNNPR,Gedeo,DillaHealthCenter,7050740093
F,50,59,2017-08-14,2018-01-16,6H,,INH,2007-03-22,2007-03-22,2024-08-10,,90,2024-11-09,5,Alive,2024-12-07,8b40f4934a38480682940b56018e7802,WHO stage 1 peds,,,,,,,,No,,,,,,,,,,,SNNPR,Gedeo,DillaHealthCenter,7050740093
F,43,48,2018-05-29,2018-11-28,6H,,INH,2017-12-25,2017-12-28,2024-05-15,,180,2024-11-11,5,Alive,2024-12-10,8c92344f43354dfe908e1086d8900d47,WHO stage 1 peds,,,2010-4-19,2017-12-28,2011-12-16,2019-08-22,,,,,,,,,,,,,SNNPR,Gedeo,DillaHealthCenter,7050740093
F,46,39,2015-10-16,2016-04-11,6H,,INH,2010-10-18,2011-08-05,2024-08-13,,90,2024-11-11,5,Alive,2024-12-10,8d5db0b37d864432aab3e5f1c6ed6da4,WHO stage 1 peds,,,,,,,,,,,,,,,,,,,SNNPR,Gedeo,DillaHealthCenter,7050740093
F,41,26,,,,,,2023-03-12,2023-03-12,2024-09-23,,90,2024-12-20,5,Alive,2025-01-20,8de4f7edbe9c4018907a16541b8d50d2,WHO stage 1 peds,,,,,,,,,,,,,,,,,,,SNNPR,Gedeo,DillaHealthCenter,7050740093
F,51,45,2015-12-16,2016-06-01,6H,,INH,2014-07-31,2014-07-31,2024-03-18,,180,2024-09-12,5,Alive,2024-10-13,8e84656982644d86960bdd4266e2433e,WHO stage 1 peds,,,,,,,,,,,,,,,,,,,SNNPR,Gedeo,DillaHealthCenter,7050740093
F,75,30,2024-06-15,,6H,,INH,2024-06-15,2024-06-15,2024-08-10,,30,2024-09-09,5,Alive,2024-10-08,8f183fe441f240ea91b7ab0a1ba5e096,WHO stage 1 peds,,,,,,,,,,,,,,,,,,,SNNPR,Gedeo,DillaHealthCenter,7050740093
M,57,60,2024-07-03,,3HP,3HP,3HP,2024-07-03,2024-07-03,2024-09-23,,30,2024-10-21,5,Alive,2024-11-21,903723a694fb40dcbde343e70e56a171,WHO stage 1 peds,,,2016-10-26,2024-07-03,,,,,,,,,,,,,,,SNNPR,Gedeo,DillaHealthCenter,7050740093
F,48,37,2013-08-12,2013-12-31,6H,,INH,2011-12-15,2013-06-17,2024-08-12,,90,2024-11-10,5,Alive,2024-12-09,90b55a9809ec40238ff54472ffb27bbf,WHO stage 1 peds,,,,,,,,,,,,,,,,,,,SNNPR,Gedeo,DillaHealthCenter,7050740093
F,57,36,2018-04-03,2018-11-08,6H,,INH,2018-02-28,2018-03-15,2024-03-28,,180,2024-09-26,5,Alive,2024-10-23,91edd08801454524a69cc5b039ff8852,WHO stage 1 peds,,,2010-6-21,2018-02-28,,,,,,,,,,,,,,,SNNPR,Gedeo,DillaHealthCenter,7050740093
F,42,42,2023-01-17,2023-04-17,3HP,3HP,3HP,2023-01-17,2023-01-17,2024-08-26,,30,2024-09-25,5,Alive,2024-10-24,93dda6e048b04a9a9d9c3d8a3b1eb640,WHO stage 1 peds,,,,,,,,,,,,,,,,,,,SNNPR,Gedeo,DillaHealthCenter,7050740093
F,50,21,2020-09-29,2020-12-28,3HP,3HP,3HP,2020-09-17,2020-09-17,2024-06-29,,90,2024-09-25,5,Alive,2024-10-26,94083198a8ee4cb48ef0746e3d95e2d6,WHO stage 1 peds,,,2013-1-7,2020-09-17,,,,,,,,,,,,,,,SNNPR,Gedeo,DillaHealthCenter,7050740093
F,52,36,2015-10-14,2016-03-26,6H,,INH,2010-04-06,2010-05-17,2024-04-20,,180,2024-10-17,5,Alive,2024-11-15,942508e53cb94c60addad0f758886066,WHO stage 1 peds,,,2002-9-26,2010-06-03,2006-6-20,2014-02-27,,,,,,,,,,,,,SNNPR,Gedeo,DillaHealthCenter,7050740093
F,70,42,2019-12-02,2020-04-18,6H,,INH,2019-08-02,2019-08-02,2024-05-02,,180,2024-10-29,5,Alive,2024-11-27,94ab73b49254417b826d5e6236507cda,WHO stage 1 peds,,,2011-11-26,2019-08-02,2012-8-7,2020-04-15,,,,,,,,,,,,,SNNPR,Gedeo,DillaHealthCenter,7050740093
F,52,36,2017-11-25,2018-05-10,6H,,INH,2012-08-22,2012-10-09,2024-07-13,,90,2024-10-11,5,Alive,2024-11-09,94f95fbba9fa4d5eb4daaf192cdeb32e,WHO stage 1 peds,,,2005-1-29,2012-10-09,2008-8-27,2016-05-05,,,,,,,,,,,,,SNNPR,Gedeo,DillaHealthCenter,7050740093
F,57,32,,,,,,2022-07-05,2022-07-05,2024-08-27,,90,2024-11-24,5,Alive,2024-12-24,95198c3b6e334a96ab9cf741320a7216,WHO stage 1 peds,,,,,,,,No,,,,,,,,,,,SNNPR,Gedeo,DillaHealthCenter,7050740093
M,60,32,2020-10-21,2021-01-25,3HP,3HP,3HP,2020-10-21,2020-10-21,2024-06-25,,90,2024-09-23,5,Alive,2024-10-22,961937c2e31f4cb9b95cfbe9fa6e59c3,WHO stage 1 peds,,,,,,,,,,,,,,,,,,,SNNPR,Gedeo,DillaHealthCenter,7050740093
M,53,24,2020-12-07,2021-04-28,3HP,3HP,3HP,2020-12-03,2020-12-07,2024-06-12,,90,2024-09-04,5,Alive,2024-10-09,9777aa6a888540538ed5fb996ed40487,WHO stage 1 peds,,,,,,,,,,,,,,,,,,,SNNPR,Gedeo,DillaHealthCenter,7050740093
F,64,23,2023-10-01,2023-12-30,3HP,3HP,3HP,2023-09-11,2023-10-01,2024-08-06,,90,2024-11-04,5,Alive,2024-12-03,97baa412669a4ff7b2aeeea850c74444,WHO stage 1 peds,,,,,,,,,,,,,,,,,,,SNNPR,Gedeo,DillaHealthCenter,7050740093
F,44,33,2019-02-20,2019-07-10,6H,,INH,2019-02-20,2019-04-05,2024-08-16,,90,2024-11-14,5,Alive,2024-12-13,98b1f74d3ab54cfa8e0313835e07ce59,WHO stage 1 peds,,,,,,,,,,,,,,,,,,,SNNPR,Gedeo,DillaHealthCenter,7050740093
F,52,20,2023-02-10,2023-05-11,3HP,3HP,3HP,2023-02-10,2023-02-10,2024-06-27,,90,2024-09-25,5,Alive,2024-10-24,9a073557f4c541a6a4275d277cd74900,WHO stage 1 peds,,,,,,,,,,,,,,,,,,,SNNPR,Gedeo,DillaHealthCenter,7050740093
M,74,43,2019-02-08,2019-09-06,6H,,INH,2019-02-08,2019-02-08,2024-08-06,,180,2025-02-02,5,Alive,2025-03-03,9a5d4fd04954449a9408afb9f481c173,WHO stage 1 peds,,,2011-6-1,2019-02-08,2011-13-1,2019-09-06,,,,,,,,,,,,,SNNPR,Gedeo,DillaHealthCenter,7050740093
M,64,28,2022-06-10,2022-09-08,3HP,3HP,3HP,2021-03-18,2021-03-18,2024-07-27,,90,2024-10-25,5,Alive,2024-11-23,9adda72c2d294c66999e238ee53b570a,WHO stage 1 peds,,,,,,,,,,,,,,,,,,,SNNPR,Gedeo,DillaHealthCenter,7050740093
F,58,33,2021-01-12,2021-05-12,3HP,3HP,3HP,2021-01-12,2021-01-12,2024-06-25,,90,2024-09-23,5,Alive,2024-10-22,9b637726ea2f4fb99f2956abf5d0a1b2,WHO stage 1 peds,,,,,,,,,,,,,,,,,,,SNNPR,Gedeo,DillaHealthCenter,7050740093
F,55,43,2017-05-18,2017-11-14,6H,,INH,2009-02-04,2009-10-19,2024-04-09,,180,2024-10-11,5,Alive,2024-11-04,9c768074e8184f3d8445c60edba9248a,WHO stage 1 peds,,,,,,,,,,,,,,,,,,,SNNPR,Gedeo,DillaHealthCenter,7050740093
F,52,72,,,,,,2012-11-28,2013-05-08,2024-07-26,,180,2025-01-22,5,Alive,2025-02-20,9de7c75222024422bc7df003cdb79a0b,WHO stage 1 peds,,,,,,,,,,,,,,,,,,,SNNPR,Gedeo,DillaHealthCenter,7050740093
F,80,38,2016-11-02,2017-05-09,6H,,INH,2015-09-13,2015-09-16,2024-08-10,,90,2024-11-09,5,Alive,2024-12-07,9e514c39811a48a799d34cf63bf56524,WHO stage 1 peds,,,2008-1-5,2015-09-16,2011-3-20,2018-11-29,,,,,,,,,,,,,SNNPR,Gedeo,DillaHealthCenter,7050740093
F,44,29,2020-07-02,2020-10-01,3HP,3HP,3HP,2020-08-31,2020-04-13,2024-09-23,,90,2024-12-20,5,Alive,2025-01-20,9e62fcf50af446a99472c58667bbb7a9,WHO stage 1 peds,,,2012-8-5,2020-04-13,,,,,2016-5-6,2024-01-15,2016-5-6,2024-01-15,,,,,,,SNNPR,Gedeo,DillaHealthCenter,7050740093
F,38,19,2024-07-18,,3HP,3HP,3HP,2024-07-18,2024-07-18,2024-07-18,,90,2024-10-15,5,Alive,2024-11-14,9eb5435a850740e382ef6fe702c9ec73,WHO stage 1 adult,,,,,,,,,,,,,,,,,,,SNNPR,Gedeo,DillaHealthCenter,7050740093
F,65,28,2023-02-01,2023-05-02,3HP,3HP,3HP,2023-02-01,2023-02-01,2024-08-04,,90,2024-11-02,5,Alive,2024-12-01,9f1b6d6165b241c3be86e6a238111167,WHO stage 1 peds,,,,,,,,,,,,,,,,,,,SNNPR,Gedeo,DillaHealthCenter,7050740093
F,85,30,2023-07-18,2023-10-16,3HP,3HP,3HP,2023-07-18,2023-07-18,2024-06-17,,90,2024-09-15,5,Alive,2024-10-14,a21a1f235c6f4892930582bced206e2e,WHO stage 1 peds,,,,,,,,,,,,,,,,,,,SNNPR,Gedeo,DillaHealthCenter,7050740093
F,39,30,2022-02-22,2022-05-23,3HP,3HP,3HP,2022-02-08,2022-02-08,2024-08-15,,90,2024-11-13,5,Alive,2024-12-12,a2c94b54c45844b5b92f4298e6966812,WHO stage 1 peds,,,2014-6-1,2022-02-08,,,,,,,,,,,,,,,SNNPR,Gedeo,DillaHealthCenter,7050740093
M,59,48,,,,,,2023-01-03,2023-01-03,2024-08-01,,90,2024-10-30,5,Alive,2024-11-28,a30638e10cff44d6a1f011ed5ce0d912,WHO stage 1 peds,,,,,,,,Yes,2015-3-27,2022-12-06,2015-3-27,2022-12-06,2015-10-13,2023-06-20,,,,,SNNPR,Gedeo,DillaHealthCenter,7050740093
F,61,25,2017-09-04,2018-02-26,6H,,INH,2017-08-04,2017-08-04,2024-06-20,,90,2024-09-16,5,Alive,2024-10-17,a461830980424114b8e6019821ff05af,WHO stage 1 peds,,,,,,,,,,,,,,,,,,,SNNPR,Gedeo,DillaHealthCenter,7050740093
F,65,27,2019-04-16,2019-09-03,6H,,INH,2020-04-16,2019-04-16,2024-07-27,,180,2025-01-23,5,Alive,2025-02-21,a4b1305a37794b6cb1a613cd9b533b56,WHO stage 1 peds,,,,,,,,,,,,,,,,,,,SNNPR,Gedeo,DillaHealthCenter,7050740093
F,78,33,,,,,,2020-01-01,2020-01-27,2024-07-13,,90,2024-10-11,5,Alive,2024-11-09,a4b14cae65154106a22796a8c24c9b40,WHO stage 1 peds,,,2012-5-18,2020-01-27,2013-11-23,2021-07-30,,,,,,,,,,,,,SNNPR,Gedeo,DillaHealthCenter,7050740093
F,56,21,2023-11-27,2024-02-25,3HP,3HP,3HP,2023-11-27,2023-11-27,2024-08-06,,90,2024-11-04,5,Alive,2024-12-03,a6e96b33d80f44bf8b56ec1373a8510b,WHO stage 1 peds,,,,,,,,,,,,,,,,,,,SNNPR,Gedeo,DillaHealthCenter,7050740093
F,60,37,2022-01-17,2022-07-04,6H,,INH,2017-03-06,2021-03-06,2024-08-09,,90,2024-11-07,5,Alive,2024-12-06,a7db09a624304b448847d73a11439c50,WHO stage 1 peds,,,,,,,,,,,,,,,,,,,SNNPR,Gedeo,DillaHealthCenter,7050740093
F,54,36,2017-09-18,2018-03-17,6H,,INH,2017-08-23,2017-08-23,2024-07-08,,90,2024-10-06,5,Alive,2024-11-04,a7f9706219dd4213920750c6f76cef16,WHO stage 1 peds,,,2010-1-8,2017-09-18,2013-5-14,2021-01-22,,,,,,,,,,,,,SNNPR,Gedeo,DillaHealthCenter,7050740093
F,43,42,2015-09-21,2016-02-15,6H,,INH,2012-11-30,2012-12-31,2024-06-07,,180,2024-12-04,5,Alive,2025-01-02,a8e2f682e0a24aa0abcc9ea9ca015d75,WHO stage 1 peds,,,2005-6-18,2013-02-25,2007-11-8,2015-07-15,,,,,,,,,,,,,SNNPR,Gedeo,DillaHealthCenter,7050740093
M,65,40,2024-06-18,,3HP,3HP,3HP,2024-06-18,2024-06-18,2024-07-16,,90,2024-10-11,5,Alive,2024-11-12,a925b76b4b8944139d01978126ee485a,WHO stage 1 peds,570.0,570.0,,,,,,,,,,,,,,,,,SNNPR,Gedeo,DillaHealthCenter,7050740093
F,40,57,2023-02-28,2023-05-29,3HP,3HP,3HP,2018-07-24,2018-08-18,2024-08-16,,90,2024-11-14,5,Alive,2024-12-13,a93c77c87cfe42c28a4c799b979c6340,WHO stage 1 peds,,,,,,,,,,,,,,,,,,,SNNPR,Gedeo,DillaHealthCenter,7050740093
F,50,37,2022-09-19,2022-12-18,3HP,3HP,3HP,2022-09-19,2022-09-19,2024-06-24,,90,2024-09-22,5,Alive,2024-10-21,a9a1f403d86d4316ac59439ed04c4708,WHO stage 1 peds,,,,,,,,,,,,,,,,,,,SNNPR,Gedeo,DillaHealthCenter,7050740093
F,57,46,2019-12-05,2020-08-27,6H,,INH,2008-03-10,2020-02-26,2024-06-25,,90,2024-09-23,5,Alive,2024-10-22,a9f333806fb24bfd8d514c25a2c8c4d6,WHO stage 1 peds,,,2012-3-25,2019-12-05,2012-6-18,2020-02-26,,,,,,,,,,,,,SNNPR,Gedeo,DillaHealthCenter,7050740093
F,70,23,2018-05-10,2018-11-06,6H,,INH,2018-05-10,2018-05-10,2024-08-09,,30,2024-09-08,5,Alive,2024-10-07,abcc3e82c4094c83ac518b6a7242c8eb,WHO stage 1 peds,,,,,,,,,,,,,,,,,,,SNNPR,Gedeo,DillaHealthCenter,7050740093
F,48,38,,,,,,2021-12-13,2022-01-31,2024-06-27,,90,2024-09-25,5,Alive,2024-10-24,ac1679dcca8c4c33905c590a3f5cc6ab,WHO stage 1 peds,,,,,,,,,,,,,,,,,,,SNNPR,Gedeo,DillaHealthCenter,7050740093
F,46,37,2016-04-26,2016-10-18,6H,,INH,2012-10-22,2014-02-08,2024-07-15,,180,2025-01-11,5,Alive,2025-02-09,ac4ef639613645e69d77db56611f1ac3,WHO stage 1 peds,,,2015-6-8,2023-02-15,,,,,,,2015-2-24,2022-11-03,,,,,,,SNNPR,Gedeo,DillaHealthCenter,7050740093
F,67,22,2022-04-28,2022-07-27,3HP,3HP,3HP,2022-04-28,2022-04-28,2024-06-19,,90,2024-09-15,5,Alive,2024-10-16,ac5a7417d54d400d97167e00b58b11f6,WHO stage 1 peds,,,,,,,,,,,,,,,,,,,SNNPR,Gedeo,DillaHealthCenter,7050740093
F,50,46,2015-08-20,2016-02-12,6H,,INH,2013-03-06,2013-03-28,2024-06-14,,180,2024-12-11,5,Alive,2025-01-09,ac6a4d141b4f43a0a2b8752599161d14,WHO stage 1 peds,,,2005-6-27,2013-03-06,2007-11-15,2015-07-22,,,,,,,,,,,,,SNNPR,Gedeo,DillaHealthCenter,7050740093
F,49,35,2024-06-25,,6H,,INH,2024-06-25,2024-06-25,2024-08-14,,30,2024-09-12,5,Alive,2024-10-12,ad5d9fcbb53f4af6921a43934405a515,WHO stage 1 peds,,,,,,,,,,,,,,,,,,,SNNPR,Gedeo,DillaHealthCenter,7050740093
F,52,22,2024-05-22,,6H,,INH,2024-05-22,2024-05-22,2024-08-16,,90,2024-11-12,5,Alive,2024-12-13,ad69192461ee4b98abac8cc7e8f1bf72,WHO stage 1 peds,,,,,,,,,,,,,,,,,,,SNNPR,Gedeo,DillaHealthCenter,7050740093
F,37,33,2018-09-05,2019-01-25,6H,,INH,2018-07-07,2018-09-05,2024-08-14,,90,2024-11-12,5,Alive,2024-12-11,ade644db817c4abebba59b9d2062a6f4,WHO stage 1 peds,,,,,,,,,,,,,,,,,,,SNNPR,Gedeo,DillaHealthCenter,7050740093
F,52,35,2019-11-18,2020-04-27,3HP,3HP,3HP,2019-11-18,2019-11-18,2024-03-15,,180,2024-09-11,5,Alive,2024-10-10,ae8553b015044d87a1b148e9bb0df3cc,WHO stage 1 peds,,,2012-3-8,2019-11-18,2012-4-6,2019-12-16,,,,,,,,,,,,,SNNPR,Gedeo,DillaHealthCenter,7050740093
F,65,39,2020-03-05,2020-11-10,6H,,INH,2020-03-05,2020-03-05,2024-06-14,,180,2024-12-10,5,Alive,2025-01-09,af96bfdcc7c649b8862e8e150800fd3f,WHO stage 1 peds,,,,,,,,,,,,,,,,,,,SNNPR,Gedeo,DillaHealthCenter,7050740093
F,59,24,2021-04-21,2021-08-23,6H,,INH,2021-01-22,2021-01-25,2024-08-27,,30,2024-09-24,5,Alive,2024-10-25,b03dfb37494a417ca7dcf9979957ed25,WHO stage 1 peds,,,,,,,,,,,,,,,,,,,SNNPR,Gedeo,DillaHealthCenter,7050740093
F,38,25,2024-06-04,2024-09-02,3HP,3HP,3HP,2024-06-04,2024-06-04,2024-08-01,,90,2024-10-30,5,Alive,2024-11-28,b0da6a3579f24c50864c28d9ec71b2be,WHO stage 1 peds,,,,,,,,,,,,,,,,,,,SNNPR,Gedeo,DillaHealthCenter,7050740093
M,53,31,,,,,,2023-03-24,2023-03-24,2024-06-25,,90,2024-09-23,5,Alive,2024-10-22,b1079f1d9b944ed6bcbec495bdd5f3f7,WHO stage 1 peds,,,2015-7-5,2023-03-14,,,,Yes,2015-7-5,2023-03-14,2015-7-5,2023-03-14,2016-1-18,2023-09-29,,,,,SNNPR,Gedeo,DillaHealthCenter,7050740093
M,54,40,2022-08-29,2022-11-27,3HP,3HP,3HP,2022-08-29,2022-08-29,2024-05-02,,180,2024-10-29,5,Alive,2024-11-27,b2bcd99a04964ea9a0bf1baa2f358cf3,WHO stage 1 peds,,,,,,,,,,,,,,,,,,,SNNPR,Gedeo,DillaHealthCenter,7050740093
F,70,30,2019-07-08,2019-11-28,3HP,3HP,3HP,2019-07-08,2019-07-08,2024-09-03,,180,2025-03-01,5,Alive,2025-03-31,b344766d0182458f9dbb547c7201a921,WHO stage 1 peds,,,,,,,,,,,,,,,,,,,SNNPR,Gedeo,DillaHealthCenter,7050740093
M,42,28,2022-08-09,2022-11-07,3HP,3HP,3HP,2022-08-09,2022-08-09,2024-06-22,,90,2024-09-20,5,Alive,2024-10-19,b3abfb9aa203486b9e2cefc5e3aa4015,WHO stage 1 peds,,,2015-8-5,2023-04-13,,,,,,,,,,,,,,,SNNPR,Gedeo,DillaHealthCenter,7050740093
M,66,36,,,,,,2024-01-10,2024-01-10,2024-07-06,,90,2024-10-04,5,Alive,2024-11-02,b6049e9735854b0daf7748534d859a8b,WHO stage 1 peds,,,,,,,,,,,,,,,,,,,SNNPR,Gedeo,DillaHealthCenter,7050740093
M,51,59,2016-12-30,2017-08-31,6H,,INH,2010-11-18,2010-12-06,2024-08-12,,90,2024-11-12,5,Alive,2024-12-09,b62116558eab4b64a91b149d75e4a8e4,WHO stage 1 peds,,,2009-4-21,2016-12-30,,,,,,,,,,,,,,,SNNPR,Gedeo,DillaHealthCenter,7050740093
M,56,25,2021-07-28,2021-12-17,3HP,3HP,3HP,2021-07-28,2021-07-28,2024-08-08,,90,2024-11-11,5,Alive,2024-12-05,b631651a2db344a1a505ae949ae06316,WHO stage 1 peds,,,,,,,,,,,,,,,,,,,SNNPR,Gedeo,DillaHealthCenter,7050740093
F,50,23,2021-11-24,2022-03-29,3HP,3HP,3HP,2021-11-24,2021-11-24,2024-06-26,,90,2024-09-24,5,Alive,2024-10-23,b631ddd860c4453e858029e09b02b46d,WHO stage 1 peds,,,,,,,,,,,,,,,,,,,SNNPR,Gedeo,DillaHealthCenter,7050740093
F,54,49,2016-04-05,2016-10-02,6H,,INH,2014-07-07,2014-07-08,2024-09-22,,90,2024-12-19,5,Alive,2025-01-19,b6be6ff923eb4e0b9e8410205a6ef06e,WHO stage 1 peds,,,2007-3-8,2014-11-17,2012-3-8,2019-11-18,,Yes,2016-2-8,2023-10-19,2016-2-8,2023-10-19,,,,,,,SNNPR,Gedeo,DillaHealthCenter,7050740093
F,51,19,2023-11-17,2024-02-15,3HP,3HP,3HP,2023-11-17,2023-11-17,2024-06-13,,90,2024-09-09,5,Alive,2024-10-10,b6c6a9aaade242acb3c8d0561a6d9e0c,WHO stage 1 peds,,,,,,,,,,,,,,,,,,,SNNPR,Gedeo,DillaHealthCenter,7050740093
M,60,37,2022-12-29,2023-03-29,3HP,3HP,3HP,2022-12-29,2022-12-29,2024-06-22,,90,2024-09-23,5,Alive,2024-10-19,b7d8d75a14c24c148daf574fea00687b,WHO stage 1 peds,,,,,,,,,,,,,,,,,,,SNNPR,Gedeo,DillaHealthCenter,7050740093
M,68,55,2019-06-26,2019-12-27,6H,,INH,2019-06-23,2019-07-31,2024-09-13,,180,2025-03-12,5,Alive,2025-04-10,b86de509ed584ae0ae0ece63c042225c,WHO stage 1 peds,,,,,,,,,,,,,,,,,,,SNNPR,Gedeo,DillaHealthCenter,7050740093
F,45,21,2023-05-12,2023-08-10,3HP,3HP,3HP,2023-05-12,2023-05-12,2024-07-03,,90,2024-10-01,5,Alive,2024-10-30,b973d59224f74e6091d3f8039a5209d8,WHO stage 1 peds,,,,,,,,,,,,,,,,,,,SNNPR,Gedeo,DillaHealthCenter,7050740093
F,60,32,2022-11-16,2023-02-14,3HP,3HP,3HP,2022-11-16,2022-11-16,2024-06-28,,90,2024-09-24,5,Alive,2024-10-25,ba137c985eef47eba42929f41eb52fcc,WHO stage 1 peds,,,,,,,,,,,,,,,,,,,SNNPR,Gedeo,DillaHealthCenter,7050740093
F,62,25,2024-04-19,,6H,,INH,2024-04-19,2024-04-19,2024-07-25,,90,2024-10-22,5,Alive,2024-11-21,bb001e259811498c9b059b869ccaec24,WHO stage 1 peds,,,,,,,,,,,,,,,,,,,SNNPR,Gedeo,DillaHealthCenter,7050740093
F,60,42,,,,,,2009-03-04,2019-03-04,2024-06-17,,90,2024-09-15,5,Alive,2024-10-14,bb3750eb648744cca9d16cf39156133e,WHO stage 1 peds,,,,,,,,,,,,,,,,,,,SNNPR,Gedeo,DillaHealthCenter,7050740093
M,58,42,,,,,,2024-04-18,2024-04-18,2024-09-20,,30,2024-10-20,5,Alive,2024-11-18,bc6a8224db2542f6a9cc737caeb212ed,WHO stage 1 peds,,,2016-7-21,2024-03-30,,,,No,2016-7-21,2024-03-30,2016-7-21,2024-03-30,,,,,,,SNNPR,Gedeo,DillaHealthCenter,7050740093
M,40,27,,,,,,2019-02-11,2019-03-25,2024-08-08,,60,2024-10-07,5,Alive,2024-11-05,bcadafad9d364246bdc57e778f418565,WHO stage 1 peds,,,2011-4-4,2018-12-13,2012-7-7,2020-03-16,,,,,,,,,,,,,SNNPR,Gedeo,DillaHealthCenter,7050740093
M,54,48,2016-11-07,2017-05-15,6H,,INH,2006-01-25,2006-08-09,2024-06-17,,90,2024-09-15,5,Alive,2024-10-14,bfa567ec0e064295b2796f7a78ce7c5c,WHO stage 1 peds,,,2007-9-12,2015-05-20,2007-11-14,2015-07-21,,,,,,,,,,,,,SNNPR,Gedeo,DillaHealthCenter,7050740093
M,56,37,2023-04-13,2023-07-12,3HP,3HP,3HP,2022-10-12,2022-10-12,2024-07-12,,90,2024-10-11,5,Alive,2024-11-08,bfb792aa9f034b679c5881658004d532,WHO stage 1 peds,,,,,,,,,,,,,,,,,,,SNNPR,Gedeo,DillaHealthCenter,7050740093
F,48,28,2024-07-24,2024-10-22,3HP,3HP,3HP,2024-07-16,2024-07-16,2024-09-16,,30,2024-10-14,5,Alive,2024-11-14,c0b5274f3bfa4157b4fb1aa3d67ad988,WHO stage 1 peds,,,,,,,,,,,,,,,,,,,SNNPR,Gedeo,DillaHealthCenter,7050740093
M,29,10,,,,,,2023-09-18,2023-10-01,2024-09-16,,30,2024-10-14,5,Alive,2024-11-14,c0d1f438946f4ef980f65c15aeb24170,WHO stage 1 peds,,,2016-1-7,2023-09-18,,,,,2016-1-7,2023-09-18,2016-5-19,2024-01-28,2016-6-18,2024-02-26,,,,,SNNPR,Gedeo,DillaHealthCenter,7050740093
M,68,48,2015-10-09,2016-02-24,6H,,INH,2013-12-20,2014-01-06,2024-09-23,,180,2025-03-19,5,Alive,2025-04-20,c0fc21da1b6844368a41f9942c898873,WHO stage 1 peds,,,2007-1-16,2014-09-26,2011-4-24,2019-01-02,,,,,,,,,,,,,SNNPR,Gedeo,DillaHealthCenter,7050740093
M,60,23,2019-03-29,2019-08-28,6H,,INH,2019-04-03,2019-04-03,2024-07-14,,90,2024-10-12,5,Alive,2024-11-10,c1e9a02a6b25461eae58559c31e8cac5,WHO stage 1 peds,,,,,,,,,,,,,,,,,,,SNNPR,Gedeo,DillaHealthCenter,7050740093
M,53,37,2022-03-24,2022-06-22,3HP,3HP,3HP,2022-03-24,2022-03-24,2024-06-17,,180,2024-12-14,5,Alive,2025-01-12,c1f54352e8fb49759964a335ed5bbc06,WHO stage 1 peds,,,,,,,,,,,,,,,,,,,SNNPR,Gedeo,DillaHealthCenter,7050740093
M,68,46,2021-08-11,2021-11-12,3HP,3HP,3HP,2010-04-02,2012-01-08,2024-03-07,,180,2024-09-03,5,Alive,2024-10-02,c2b9f136cf9241ad98fb9d4c53b996a9,WHO stage 1 peds,,,2005-5-29,2013-02-06,,,,,,,,,,,,,,,SNNPR,Gedeo,DillaHealthCenter,7050740093
M,67,51,2022-03-08,2022-09-04,3HP,3HP,3HP,2018-04-16,2018-04-16,2024-03-30,,180,2024-09-26,5,Alive,2024-10-25,c2c27fb68fa348f3b5e351f9461523fb,WHO stage 1 peds,,,2010-8-8,2018-04-16,,,,,,,,,,,,,,,SNNPR,Gedeo,DillaHealthCenter,7050740093
F,60,48,2016-04-04,2016-11-04,6H,,INH,2012-05-06,2012-06-11,2024-08-10,,90,2024-11-09,5,Alive,2024-12-07,c2c3330375eb4394ba759160619aac83,WHO stage 1 peds,,,2004-8-28,2012-05-06,2007-12-6,2015-08-12,,,,,,,,,,,,,SNNPR,Gedeo,DillaHealthCenter,7050740093
F,48,46,2018-09-20,2019-01-18,6H,,INH,2018-06-25,2018-06-25,2024-08-16,,90,2024-11-14,5,Alive,2024-12-13,c2fb3dae7f144d098358568c6fcc9592,WHO stage 1 peds,,,,,,,,,,,,,,,,,,,SNNPR,Gedeo,DillaHealthCenter,7050740093
F,82,38,2022-01-17,2023-04-19,3HP,3HP,3HP,2022-01-10,2022-01-17,2024-08-11,,90,2024-11-07,5,Alive,2024-12-08,c30e1c37458e4012b659415555b45d98,WHO stage 1 peds,,,,,,,,,,,,,,,,,,,SNNPR,Gedeo,DillaHealthCenter,7050740093
F,56,39,2015-10-23,2016-04-19,6H,,INH,2015-09-16,2015-09-23,2024-07-28,,90,2024-10-30,5,Alive,2024-11-24,c314c4e9244b49edae659b5ccb883036,WHO stage 1 peds,,,2008-6-11,2016-02-19,2010-8-19,2018-04-27,,,,,,,,,,,,,SNNPR,Gedeo,DillaHealthCenter,7050740093
F,62,23,2022-12-16,2023-03-16,3HP,3HP,3HP,2022-12-16,2022-12-16,2024-08-10,,30,2024-09-12,5,Alive,2024-10-08,c3e3811c215e419fa3fb0512ee90f360,WHO stage 1 peds,,,,,,,,,,,,,,,,,,,SNNPR,Gedeo,DillaHealthCenter,7050740093
M,36,14,,,,,,2023-03-29,2023-03-29,2024-06-25,,90,2024-09-22,5,Alive,2024-10-22,c45a0735ded640528c514b9a4fdb86b1,WHO stage 1 peds,,,2015-7-20,2023-03-29,,,,Yes,2015-8-18,2023-04-26,2015-8-18,2023-04-26,,,,,,,SNNPR,Gedeo,DillaHealthCenter,7050740093
F,45,39,2022-08-29,2022-11-27,3HP,3HP,3HP,2022-08-29,2022-08-29,2024-06-27,,90,2024-09-25,5,Alive,2024-10-24,c4609ce1c75243418294905f55652776,WHO stage 1 peds,,,,,,,,,,,,,,,,,,,SNNPR,Gedeo,DillaHealthCenter,7050740093
F,42,21,2023-05-08,2023-08-06,3HP,3HP,3HP,2023-05-08,2023-05-08,2024-06-17,,90,2024-09-14,5,Alive,2024-10-14,c50fbe84507d4f3e8ea37be4dc3f6bcc,WHO stage 1 peds,,,,,,,,,,,,,,,,,,,SNNPR,Gedeo,DillaHealthCenter,7050740093
M,54,27,,,,,,2023-06-22,2023-06-22,2024-06-19,,90,2024-09-17,5,Alive,2024-10-16,c67503b3c2784e269ffcf74f7eb16c8d,WHO stage 1 peds,,,2015-10-15,2023-06-22,,,,Yes,2015-11-21,2023-07-28,2015-11-21,2023-07-28,2016-4-14,2023-12-24,,,,,SNNPR,Gedeo,DillaHealthCenter,7050740093
F,56,22,2020-09-17,2021-03-15,6H,,INH,2020-09-17,2020-09-17,2024-07-30,,90,2024-10-28,5,Alive,2024-11-26,c6df42a7bf1f4b718a05d40d186d1352,WHO stage 1 peds,,,,,,,,,,,,,,,,,,,SNNPR,Gedeo,DillaHealthCenter,7050740093
M,63,31,2022-10-24,2023-01-22,3HP,3HP,3HP,2022-10-24,2022-10-24,2024-07-01,,90,2024-09-30,5,Alive,2024-10-28,c779d19e225941a5882169a2c99bd545,WHO stage 1 peds,,,,,,,,,,,,,,,,,,,SNNPR,Gedeo,DillaHealthCenter,7050740093
M,11,3,2024-07-24,,6H,,INH,2024-07-24,2024-08-19,2024-08-19,,30,2024-09-15,5,Alive,2024-10-17,c7fd45cf512148a28fb44ee39f47f86f,,,,,,,,,,,,,,,,,,,,SNNPR,Gedeo,DillaHealthCenter,7050740093
F,50,50,2016-03-10,2016-10-05,6H,,INH,2007-02-02,2007-02-05,2024-08-16,,90,2024-11-14,5,Alive,2024-12-13,c8b6d9351ff041f59f846908d495dcb8,WHO stage 1 peds,,,2007-8-29,2015-05-07,2011-12-28,2019-09-03,,,,,,,,,,,,,SNNPR,Gedeo,DillaHealthCenter,7050740093
F,63,21,2024-02-29,2024-08-04,6H,,INH,2024-01-17,2024-01-17,2024-08-04,,30,2024-09-01,5,Alive,2024-10-02,c8f83354c4ae4fb897af3ec61c86c013,WHO stage 1 peds,,,,,,,,,,,,,,,,,,,SNNPR,Gedeo,DillaHealthCenter,7050740093
F,66,25,2024-04-18,,6H,,INH,2024-04-18,2024-04-18,2024-07-17,,90,2024-10-15,5,Alive,2024-11-13,c904ff9d811d44aa93282000d63c2641,WHO stage 1 peds,,,,,,,,,,,,,,,,,,,SNNPR,Gedeo,DillaHealthCenter,7050740093
F,48,22,2024-06-24,,3HP,3HP,3HP,2024-06-17,2024-06-24,2024-06-24,,90,2024-09-22,5,Alive,2024-10-21,ca2c1c8b6c714d608f2882a896735fd8,WHO stage 2 adult,922.0,922.0,,,,,,,,,,,,,,,,,SNNPR,Gedeo,DillaHealthCenter,7050740093
F,66,26,2022-08-30,2022-11-28,3HP,3HP,3HP,2022-08-30,2022-08-30,2024-08-06,,90,2024-11-04,5,Alive,2024-12-03,ca38acc6c2cf4c74b0172656ed0d40dd,WHO stage 1 peds,,,,,,,,,,,,,,,,,,,SNNPR,Gedeo,DillaHealthCenter,7050740093
M,71,33,2023-07-14,2023-10-12,3HP,3HP,3HP,2023-07-14,2023-07-14,2024-06-09,,90,2024-09-07,5,Alive,2024-10-06,cad31d4fcb904267bea2ec6f5be6fe5a,WHO stage 1 peds,,,,,,,,,,,,,,,,,,,SNNPR,Gedeo,DillaHealthCenter,7050740093
F,50,37,,,,,,2023-02-20,2023-02-20,2024-08-27,,90,2024-11-24,5,Alive,2024-12-24,cb30cb3401ec48e19f64b5abd2a3ba7f,WHO stage 1 peds,,,2015-6-13,2023-02-20,,,,,2015-6-13,2023-02-20,2015-6-13,2023-02-20,2015-12-22,2023-08-28,,,,,SNNPR,Gedeo,DillaHealthCenter,7050740093
F,42,22,2023-01-25,2023-04-25,3HP,3HP,3HP,2023-01-25,2023-01-25,2024-06-17,,90,2024-09-15,5,Alive,2024-10-14,cd059ca5fb4e4cbe9a98504393ce299c,WHO stage 1 peds,,,,,,,,,,,,,,,,,,,SNNPR,Gedeo,DillaHealthCenter,7050740093
F,37,20,2017-02-13,2017-08-07,6H,,INH,2014-02-03,2014-03-04,2024-07-12,,90,2024-10-13,5,Alive,2024-11-08,d02f23d895c54ec9a471cf13641d2f35,WHO stage 1 peds,,,,,,,,,,,,,,,,,,,SNNPR,Gedeo,DillaHealthCenter,7050740093
F,63,20,2024-08-06,,3HP,3HP,3HP,2024-08-06,2024-08-06,2024-08-06,,90,2024-11-01,5,Alive,2024-12-03,d0a94b07c5aa4c0181fbc6d602a98ece,WHO stage 1 peds,,,,,,,,,,,,,,,,,,,SNNPR,Gedeo,DillaHealthCenter,7050740093
F,44,22,2024-06-25,,3HP,3HP,3HP,2024-06-25,2024-06-25,2024-06-25,,90,2024-09-22,5,Alive,2024-10-22,d2e9ed48567946d2aa280c1a3262615e,WHO stage 1 adult,,,,,,,,,,,,,,,,,,,SNNPR,Gedeo,DillaHealthCenter,7050740093
M,63,34,2024-08-19,,3HP,3HP,3HP,2024-08-19,2024-08-19,2024-09-17,,30,2024-10-15,5,Alive,2024-11-15,d3b23900e7b940f1b8f032704b213251,WHO stage 1 peds,,,2016-12-13,2024-08-19,,,,,,,,,,,,,,,SNNPR,Gedeo,DillaHealthCenter,7050740093
M,60,48,,,,,,2011-10-12,2011-11-04,2024-08-07,,90,2024-11-05,5,Alive,2024-12-04,d51f0690b6f34f6fad10cf30d05234a8,WHO stage 1 peds,,,2004-2-3,2011-10-14,,,,,,,,,,,,,,,SNNPR,Gedeo,DillaHealthCenter,7050740093
F,54,29,2020-09-02,2021-01-06,3HP,3HP,3HP,2020-09-02,2020-09-02,2024-06-25,,90,2024-09-23,5,Alive,2024-10-22,d57f9556b14040d3b8d0046d73ab055d,WHO stage 1 peds,,,,,,,,,,,,,,,,,,,SNNPR,Gedeo,DillaHealthCenter,7050740093
F,46,42,2016-02-17,2016-07-14,6H,,INH,2012-10-22,2015-11-17,2024-05-01,,180,2024-10-31,5,Alive,2024-11-26,d79a16639925488baa9434f4cfd75b0c,WHO stage 1 peds,,,2008-3-7,2015-11-17,2010-10-27,2018-07-04,,,,,,,,,,,,,SNNPR,Gedeo,DillaHealthCenter,7050740093
M,72,40,2024-04-29,,6H,,INH,2024-04-22,2024-04-22,2024-08-14,,30,2024-09-14,5,Alive,2024-10-12,d7a82b7087974bdfb1a7dc410dd0901d,WHO stage 1 peds,,,,,,,,,,,,,,,,,,,SNNPR,Gedeo,DillaHealthCenter,7050740093
M,53,26,2018-03-21,2020-11-24,6H,,INH,2018-03-21,2018-03-26,2024-09-17,,30,2024-10-15,5,Alive,2024-11-15,d7ba5e53f22c4ddca6fbe7e4a40ab77d,WHO stage 1 peds,,,2010-7-12,2018-03-21,2010-10-19,2018-06-26,,,2015-10-6,2023-06-13,2015-10-6,2023-06-13,,,,,,,SNNPR,Gedeo,DillaHealthCenter,7050740093
F,59,32,2017-09-05,2018-01-22,6H,,INH,2017-08-24,2017-08-24,2024-07-18,,180,2025-01-14,5,Alive,2025-02-12,d7ef10bb79da4d71816eb1251b534ef4,WHO stage 1 peds,,,,,,,,,,,,,,,,,,,SNNPR,Gedeo,DillaHealthCenter,7050740093
M,58,24,,,,,,2021-12-14,2022-07-12,2024-06-30,,90,2024-09-28,5,Alive,2024-10-27,d9407b21769244fb96cd086ac6c13510,WHO stage 1 peds,,,,,,,,,,,,,,,,,,,SNNPR,Gedeo,DillaHealthCenter,7050740093
M,65,30,,,,,,2016-12-05,2018-07-02,2024-08-05,,30,2024-09-02,5,Alive,2024-10-03,db3bd2c2b5bf44bf9bf97930fc5ca110,WHO stage 1 peds,,,2010-10-25,2018-07-02,2012-3-5,2019-11-15,,,,,,,,,,,,,SNNPR,Gedeo,DillaHealthCenter,7050740093
F,49,50,2016-04-04,2016-09-24,6H,,INH,2014-11-17,2016-03-04,2024-05-07,,180,2024-11-03,5,Alive,2024-12-02,dc01817a1a30412fa42ef307d04fc1f1,WHO stage 1 peds,,,2008-6-23,2016-03-02,2010-11-27,2018-08-03,,,,,,,,,,,,,SNNPR,Gedeo,DillaHealthCenter,7050740093
M,55,29,2020-07-01,,6H,,INH,2020-07-01,2020-07-01,2024-07-18,,90,2024-10-16,5,Alive,2024-11-14,dc9515d36ac14ef9a1a5b47c182b030d,WHO stage 1 peds,,,,,,,,,,,,,,,,,,,SNNPR,Gedeo,DillaHealthCenter,7050740093
M,66,42,2016-11-24,2017-05-18,6H,,INH,2010-06-07,2010-06-14,2024-04-22,,180,2024-10-19,5,Alive,2024-11-17,dcecfa6089a54576ad7757a47134f59a,WHO stage 1 peds,,,2002-10-2,2010-06-09,2008-3-15,2015-11-25,,,,,,,,,,,,,SNNPR,Gedeo,DillaHealthCenter,7050740093
F,49,27,2022-07-13,2022-10-11,3HP,3HP,3HP,2022-07-13,2022-07-13,2024-08-24,,90,2024-11-19,5,Alive,2024-12-21,dd028f37e9ee46549a291b6384980032,WHO stage 1 peds,,,,,,,,,,,,,,,,,,,SNNPR,Gedeo,DillaHealthCenter,7050740093
F,54,26,2023-11-27,2024-02-25,3HP,3HP,3HP,2023-11-27,2023-11-27,2024-07-23,,90,2024-10-21,5,Alive,2024-11-19,ddd64d501c81428785d709956c28a60f,WHO stage 1 peds,,,,,,,,,,,,,,,,,,,SNNPR,Gedeo,DillaHealthCenter,7050740093
F,62,27,,,,,,2015-11-18,2023-11-01,2024-04-23,,180,2024-10-20,5,Alive,2024-11-18,de05b20bd5984e76b9c3cd60959b5668,WHO stage 1 peds,,,,,,,,,,,,,,,,,,,SNNPR,Gedeo,DillaHealthCenter,7050740093
M,55,25,2024-07-11,,3HP,3HP,3HP,2024-07-11,2024-07-11,2024-07-11,,90,2024-10-05,5,Alive,2024-11-07,de397f89e2e54b90b427c7299ec8f8a5,WHO stage 1 peds,,,,,,,,,,,,,,,,,,,SNNPR,Gedeo,DillaHealthCenter,7050740093
M,48,48,2022-02-21,2022-05-22,3HP,3HP,3HP,2022-02-21,2022-02-21,2024-07-19,,90,2024-10-17,5,Alive,2024-11-15,defc18eff4b84f0bbe06dab314d04c7b,WHO stage 1 peds,,,2015-5-1,2023-01-09,2015-12-29,2023-09-04,,,2015-5-1,2023-01-09,2015-5-1,2023-01-09,2015-12-29,2023-09-04,,,,,SNNPR,Gedeo,DillaHealthCenter,7050740093
F,54,37,2015-10-15,2016-05-02,6H,,INH,2010-09-16,2010-09-16,2024-06-27,,90,2024-09-25,5,Alive,2024-10-24,e10e1e78db1542419cde411f09832f13,WHO stage 1 peds,,,2007-7-18,2015-03-27,2008-11-25,2016-08-01,,,,,,,,,,,,,SNNPR,Gedeo,DillaHealthCenter,7050740093
M,,48,2017-01-03,2017-06-15,6H,,INH,2007-08-20,2014-06-12,2024-08-05,,30,2024-09-04,5,Alive,2024-10-03,e1a071b74b6a4c5288e9c23a51d34aa5,WHO stage 1 peds,,,2007-2-24,2014-11-03,2013-9-24,2021-06-01,,,,,,,,,,,,,SNNPR,Gedeo,DillaHealthCenter,7050740093
F,60,22,2024-08-21,,3HP,3HP,3HP,2024-08-21,2024-08-21,2024-09-19,,30,2024-10-16,5,Alive,2024-11-17,e280d0094bdf433596dbc6a838959455,WHO stage 1 peds,,,,,,,,,,,,,,,,,,,SNNPR,Gedeo,DillaHealthCenter,7050740093
F,42,29,2020-01-27,2020-07-13,6H,,INH,2016-07-29,2016-07-29,2024-05-14,,180,2024-11-10,5,Alive,2024-12-09,e3326c52d85d494e9ec7c506131c5054,WHO stage 1 peds,,,,,,,,,,,,,,,,,,,SNNPR,Gedeo,DillaHealthCenter,7050740093
F,56,24,2018-09-28,2019-05-06,6H,,INH,2018-10-30,2018-10-26,2024-07-02,,90,2024-09-30,5,Alive,2024-10-29,e3d71c76ca654830b313fa087700482e,WHO stage 1 peds,,,,,,,,,,,,,,,,,,,SNNPR,Gedeo,DillaHealthCenter,7050740093
F,59,34,2020-10-21,2021-01-13,6H,,INH,2020-10-21,2020-10-21,2024-09-24,,90,2024-12-21,5,Alive,2025-01-21,e5025f996f0d46e2b9254aae8ae9f434,WHO stage 1 peds,,,,,,,,,,,,,,,,,,,SNNPR,Gedeo,DillaHealthCenter,7050740093
F,43,32,2017-02-23,2017-07-28,6H,,INH,2017-02-23,2017-03-06,2024-07-22,,180,2025-01-18,5,Alive,2025-02-16,e57e30dffd974bbc999a6431f50de244,WHO stage 1 peds,,,,,,,,,,,,,,,,,,,SNNPR,Gedeo,DillaHealthCenter,7050740093
F,56,26,2023-04-05,2023-07-04,3HP,3HP,3HP,2023-04-05,2023-04-05,2024-06-26,,90,2024-09-24,5,Alive,2024-10-23,e6a1f09aa3fc473e944e9c3acb0fb6f4,WHO stage 1 peds,,,,,,,,,,,,,,,,,,,SNNPR,Gedeo,DillaHealthCenter,7050740093
M,170,48,2024-06-10,,3HP,3HP,3HP,2024-06-10,2024-06-10,2024-06-10,,90,2024-09-08,5,Alive,2024-10-07,e70ef977cb8842389da14e54fd8088ea,WHO stage 1 peds,598.0,598.0,,,,,,,,,,,,,,,,,SNNPR,Gedeo,DillaHealthCenter,7050740093
M,51,24,,,,,,2023-09-08,2023-09-15,2024-08-30,,30,2024-10-07,5,Alive,2024-10-28,e745736042ec474187adf9942cfe0868,WHO stage 1 peds,,,2016-1-4,2023-09-15,,,,Yes,2016-1-4,2023-09-15,2016-1-4,2023-09-15,2016-6-21,2024-02-29,,,,,SNNPR,Gedeo,DillaHealthCenter,7050740093
F,53,19,2023-11-08,2024-02-06,3HP,3HP,3HP,2023-11-08,2023-11-08,2024-06-07,,90,2024-09-03,5,Alive,2024-10-04,e97fc379763a4a509a04e46676fc129e,WHO stage 1 peds,,,,,,,,,,,,,,,,,,,SNNPR,Gedeo,DillaHealthCenter,7050740093
F,60,33,2021-04-07,2021-07-23,3HP,3HP,3HP,2021-04-07,2021-04-07,2024-08-12,,180,2025-02-08,5,Alive,2025-03-09,ea274debf7ae4749b6c56964196db186,WHO stage 1 peds,,,2013-7-29,2021-04-07,,,,,,,,,,,,,,,SNNPR,Gedeo,DillaHealthCenter,7050740093
F,49,33,2016-12-27,2017-07-12,6H,,INH,2016-11-24,2016-11-30,2024-04-08,,180,2024-10-05,5,Alive,2024-11-03,ea2db2043c994b44830057721983f580,WHO stage 1 peds,,,,,,,,,,,,,,,,,,,SNNPR,Gedeo,DillaHealthCenter,7050740093
M,61,33,2023-05-03,2023-08-01,3HP,3HP,3HP,2023-05-03,2023-05-03,2024-07-25,,90,2024-10-23,5,Alive,2024-11-21,ebba57886d0140f8b2195be0eecce4cd,WHO stage 1 peds,,,,,,,,,,,,,,,,,,,SNNPR,Gedeo,DillaHealthCenter,7050740093
F,39,37,2015-07-01,2015-12-25,6H,,INH,2012-06-11,2012-06-25,2024-08-18,,90,2024-11-16,5,Alive,2024-12-15,ebca299517864aa6998f7e18a3b2b39b,WHO stage 1 peds,,,,,,,,,,,,,,,,,,,SNNPR,Gedeo,DillaHealthCenter,7050740093
M,45,40,,,,,,2018-12-20,2019-01-10,2024-08-03,,30,2024-08-31,5,Alive,2024-10-01,ebd1a0a40f6f4f4497e4b10c7660739f,WHO stage 1 peds,,,2011-4-11,2018-12-20,,,,Yes,2011-4-11,2018-12-20,2011-4-11,2018-12-20,,,,,,,SNNPR,Gedeo,DillaHealthCenter,7050740093
M,65,40,2019-02-28,2019-09-15,6H,,INH,2019-02-28,2019-03-04,2024-08-28,,90,2024-11-26,5,Alive,2024-12-25,ec8fe1cf59fe4ea589bdb282009845a5,WHO stage 1 peds,,,,,,,,,,,,,,,,,,,SNNPR,Gedeo,DillaHealthCenter,7050740093
F,52,31,2013-08-23,2014-02-17,6H,,INH,2013-06-13,2013-07-22,2024-08-15,,90,2024-11-13,5,Alive,2024-12-12,edbb962afaf946db8f4abb0a120711ef,WHO stage 1 peds,,,,,,,,,,,,,,,,,,,SNNPR,Gedeo,DillaHealthCenter,7050740093
F,64,34,2016-05-16,2016-11-24,6H,,INH,2010-08-06,2014-03-27,2024-06-28,,90,2024-09-26,5,Alive,2024-10-25,ee8cde468ca140108163086211007803,WHO stage 1 peds,,,2002-12-19,2010-08-25,2008-7-7,2016-03-16,,,,,,,,,,,,,SNNPR,Gedeo,DillaHealthCenter,7050740093
M,60,70,2015-10-30,2016-05-02,,3HP,,2011-09-05,2011-09-14,2024-08-27,,90,2024-11-22,5,Alive,2024-12-24,ef9a1d420ec84edcb2d4fa739054461e,WHO stage 1 peds,,,2003-13-1,2011-09-06,2006-6-26,2014-03-05,,,,,,,,,,,,,SNNPR,Gedeo,DillaHealthCenter,7050740093
F,63,41,2017-04-25,2017-05-23,6H,,INH,2013-01-12,2013-10-03,2024-08-01,,90,2024-10-30,5,Alive,2024-11-28,f06c1b8dc8e943d794ca9a93b11c99b4,WHO stage 1 peds,,,,,,,,,,,,,,,,,,,SNNPR,Gedeo,DillaHealthCenter,7050740093
M,56,33,,,,,,2021-12-14,2021-12-16,2024-08-29,,30,2024-09-26,5,Alive,2024-10-27,f1e473fa56c74665b16acc6097444a3e,WHO stage 1 peds,,,2015-7-23,2023-04-01,,,,,2015-7-23,2023-04-01,2015-7-23,2023-04-01,2016-3-26,2023-12-06,,,,,SNNPR,Gedeo,DillaHealthCenter,7050740093
M,54,35,2019-03-07,2019-08-19,6H,,INH,2019-01-31,2019-02-07,2024-08-15,,90,2024-11-13,5,Alive,2024-12-12,f30051f61ef5486c9e5b6e1646d181ff,WHO stage 1 peds,,,2011-5-23,2019-01-31,,,,,,,,,,,,,,,SNNPR,Gedeo,DillaHealthCenter,7050740093
F,64,27,2021-04-27,2021-07-21,6H,,INH,2021-04-27,2021-04-27,2024-08-16,,30,2024-09-12,5,Alive,2024-10-14,f32f4048ae1140bdaa868513d782133e,WHO stage 1 peds,,,,,,,,,,,,,,,,,,,SNNPR,Gedeo,DillaHealthCenter,7050740093
M,44,20,2024-04-30,,6H,,INH,2024-04-22,2024-04-22,2024-08-08,,30,2024-09-05,5,Alive,2024-10-06,f341aaaa83cc4679b6d8d4873cc0d129,WHO stage 1 peds,,,2016-8-14,2024-04-22,,,,,,,,,,,,,,,SNNPR,Gedeo,DillaHealthCenter,7050740093
F,49,40,2020-06-22,2020-12-13,6H,,INH,2020-06-12,2020-06-22,2024-09-16,,90,2024-12-15,5,Alive,2025-01-13,f3dcc72884ec4d4da51e193199f7aeb1,WHO stage 1 peds,,,,,,,,,,,,,,,,,,,SNNPR,Gedeo,DillaHealthCenter,7050740093
M,55,41,2024-02-20,,6H,,INH,2024-02-20,2024-02-20,2024-07-01,,90,2024-09-30,5,Alive,2024-10-28,f4676e90ea234c7481a60209ad41d72e,WHO stage 1 peds,,,,,,,,,,,,,,,,,,,SNNPR,Gedeo,DillaHealthCenter,7050740093
M,68,28,2021-11-09,2022-02-11,3HP,3HP,3HP,2021-11-09,2021-11-09,2024-07-22,,90,2024-10-18,5,Alive,2024-11-18,f498d26c6d0c41fdb0e819e8835805f8,WHO stage 1 peds,,,,,,,,,,,,,,,,,,,SNNPR,Gedeo,DillaHealthCenter,7050740093
F,87,40,2022-10-04,2023-01-02,3HP,3HP,3HP,2013-07-30,2013-07-30,2024-04-23,,180,2024-10-20,5,Alive,2024-11-18,f5633042888e40739f645c7c6bc576f2,WHO stage 1 peds,,,,,,,,,,,,,,,,,,,SNNPR,Gedeo,DillaHealthCenter,7050740093
M,59,63,,,3HP,,3HP,2021-11-03,2021-11-08,2024-06-12,,90,2024-09-11,5,Alive,2024-10-09,f6288e0a60504002860e17b5e835099b,WHO stage 1 peds,,,2014-2-2,2021-10-12,,,,,,,,,,,,,,,SNNPR,Gedeo,DillaHealthCenter,7050740093
F,56,41,2024-02-28,,6H,,INH,2023-12-20,2023-12-20,2024-06-24,,90,2024-09-22,5,Alive,2024-10-21,f6e854bf58724fe89ad523a25584a76e,WHO stage 1 peds,,,,,,,,,,,,,,,,,,,SNNPR,Gedeo,DillaHealthCenter,7050740093
F,54,29,2024-01-29,2024-07-25,6H,,INH,2024-01-29,2024-01-29,2024-08-22,,30,2024-09-21,5,Alive,2024-10-20,f80dcc6b2dbe4de68e7299338b863474,WHO stage 1 peds,,,,,,,,,,,,,,,,,,,SNNPR,Gedeo,DillaHealthCenter,7050740093
F,50,27,2022-11-15,2023-02-13,3HP,3HP,3HP,2022-11-15,2022-11-15,2024-06-26,,90,2024-09-20,5,Alive,2024-10-23,f816db8ceb414f67b4b4e8f26528099f,WHO stage 1 peds,,,,,,,,,,,,,,,,,,,SNNPR,Gedeo,DillaHealthCenter,7050740093
F,50,41,2018-03-19,2018-07-29,6H,,INH,2013-11-05,2013-11-05,2024-08-16,,90,2024-11-14,5,Alive,2024-12-13,f8b071f5ec8c4bd2b016b957fb53d6d5,WHO stage 1 peds,,,,,,,,,,,,,,,,,,,SNNPR,Gedeo,DillaHealthCenter,7050740093
F,34,13,,,,,,2024-01-24,2024-02-08,2024-09-02,,90,2024-12-01,5,Alive,2024-12-30,f8da79586b6d4e9e890360bc1bbf5a76,WHO stage 1 peds,,,2016-5-15,2024-01-24,,,,,2016-5-15,2024-01-24,2016-5-15,2024-01-24,2016-9-27,2024-06-04,,,,,SNNPR,Gedeo,DillaHealthCenter,7050740093
F,49,36,2023-05-02,2023-07-31,3HP,3HP,3HP,2023-05-02,2023-05-02,2024-06-20,,90,2024-09-18,5,Alive,2024-10-17,f9593148dcdb46f48a8c02da988678a5,WHO stage 1 peds,,,,,,,,,,,,,,,,,,,SNNPR,Gedeo,DillaHealthCenter,7050740093
F,69,41,2018-08-28,2019-03-25,6H,,INH,2018-08-28,2018-08-28,2024-05-24,,180,2024-11-19,5,Alive,2024-12-19,f95fc301a0f743bd88f174c3379997bd,WHO stage 1 peds,,,2010-12-22,2018-08-28,2011-12-14,2019-08-20,,,,,,,,,,,,,SNNPR,Gedeo,DillaHealthCenter,7050740093
M,43,45,2016-06-06,2016-10-17,6H,,INH,2004-11-16,2012-07-26,2024-08-10,,90,2024-11-09,5,Alive,2024-12-07,f9d72e4464d64639acdaea8d2c2c6e4d,WHO stage 1 peds,,,2009-9-11,2017-05-19,2012-2-5,2019-10-16,,No,,,,,,,,,,,SNNPR,Gedeo,DillaHealthCenter,7050740093
M,55,54,2022-02-17,2022-05-18,3HP,3HP,3HP,2020-11-26,2020-11-26,2024-08-14,,90,2024-11-12,5,Alive,2024-12-11,fa64523015de446da12f47e47807449c,WHO stage 1 peds,,,,,,,,,,,,,,,,,,,SNNPR,Gedeo,DillaHealthCenter,7050740093
F,45,38,,,,,,2016-05-14,2016-06-09,2024-07-24,,90,2024-10-22,5,Alive,2024-11-20,fbcb985b76a94bcc9936370899c7c218,WHO stage 1 peds,,,2008-10-2,2016-06-09,2012-4-28,2020-01-07,,No,,,,,,,,,,,SNNPR,Gedeo,DillaHealthCenter,7050740093
M,55,37,2022-05-03,2022-08-31,3HP,3HP,3HP,2022-05-03,2022-05-03,2024-06-09,,90,2024-09-05,5,Alive,2024-10-06,fc21683a42d94777b404753041f84015,WHO stage 1 peds,,,,,,,,,,,,,,,,,,,SNNPR,Gedeo,DillaHealthCenter,7050740093
M,70,26,,,,,,2023-09-18,2023-10-18,2024-09-13,,90,2024-12-10,5,Alive,2025-01-10,fcbe77ea54c14bfcbd98669d8e99044c,WHO stage 1 peds,,,,,,,,,2015-13-1,2023-09-06,2015-13-1,2023-09-06,2016-6-6,2024-02-14,,,,,SNNPR,Gedeo,DillaHealthCenter,7050740093
F,49,21,2023-06-20,2023-09-18,3HP,3HP,3HP,2023-06-20,2023-06-20,2024-08-16,,90,2024-11-14,5,Alive,2024-12-13,fcf0559ce8b64d598e9e183760eafef5,WHO stage 1 peds,,,,,,,,,,,,,,,,,,,SNNPR,Gedeo,DillaHealthCenter,7050740093
F,43,28,2021-07-26,2021-10-24,3HP,3HP,3HP,2021-07-26,2021-07-26,2024-06-17,,90,2024-09-15,5,Alive,2024-10-14,fd0e37bcf491499dbb86cec6fe6d6daa,WHO stage 1 peds,,,,,,,,,,,,,,,,,,,SNNPR,Gedeo,DillaHealthCenter,7050740093
F,50,23,2021-08-03,2022-02-18,6H,,INH,2021-08-03,2021-08-03,2024-08-14,,180,2025-02-10,5,Alive,2025-03-11,fd7902b254b64e73a58a26b5ac0aade6,WHO stage 1 peds,,,,,,,,,,,,,,,,,,,SNNPR,Gedeo,DillaHealthCenter,7050740093
M,55,39,2021-03-04,2021-06-03,3HP,3HP,3HP,2021-03-04,2021-03-04,2024-08-20,,30,2024-09-19,5,Alive,2024-10-18,fe81da5c571246b3b4da99d94abfa751,WHO stage 1 peds,,,,,,,,,,,,,,,,,,,SNNPR,Gedeo,DillaHealthCenter,7050740093
F,42,25,2018-07-11,2019-01-30,6H,,INH,2016-10-25,2017-09-20,2024-08-05,,30,2024-09-02,5,Alive,2024-10-03,fec9f1642ffc40559db63239abe17a42,WHO stage 1 peds,,,,,,,,,,,,,,,,,,,SNNPR,Gedeo,DillaHealthCenter,7050740093
