Sex,Weight,Age,date_hiv_confirmed,art_start_date,FollowUpDate,IsPregnant,Breastfeeding,ARVDispendsedDose,ARVRegimensLine,ARTDoseDays,next_visit_date,follow_up_status,art_dose_End,viral_load_perform_date,viral_load_status,viral_load_count,viral_load_ref_date,ReasonForVLTest,PMTCT_ART,PatientGUID,Region,Woreda,Facility,HMISCode
M,51,26,2022-02-14,2022-02-22,2024-05-30,,,1j - TDF+3TC+DTG,1j - TDF+3TC+DTG,90,2024-08-26,Alive,2024-09-26,2024-02-13,Low-level viremia,373,2024-02-13,First viral load test at 6 months or longer post ART ,No,009471966973486e81bf485233c96c6c,SNNPR,Gedeo,DillaHealthCenter,7050740093
F,53,26,2018-07-02,2018-07-02,2024-02-28,No,No,1j - TDF+3TC+DTG,1j - TDF+3TC+DTG,180,2024-08-26,Alive,2024-09-24,2023-12-30,Suppressed,,2023-12-30,Viral load after EAC: repeat viral load where initial viral load greater than 50 and less than 1000 copies per ml ,No,01b8319a11664b129068c695f5166bb1,SNNPR,Gedeo,DillaHealthCenter,7050740093
F,48,36,2016-11-14,2017-01-13,2024-05-02,No,No,1j - TDF+3TC+DTG,1j - TDF+3TC+DTG,90,2024-07-31,Alive,2024-08-29,2024-03-12,HIV infection with high viral load,17421,2024-03-12,Second viral load test at 12 months post ART ,No,02925c921f2845f0b2a5bc777b7f704d,SNNPR,Gedeo,DillaHealthCenter,7050740093
F,46,37,2012-05-16,2017-08-07,2024-07-01,No,No,1j - TDF+3TC+DTG,1j - TDF+3TC+DTG,90,2024-09-30,Alive,2024-10-28,2024-07-11,Low-level viremia,150,2024-07-11,Annual viral load test ,No,030938fac5e84823a455b4503ecdae4b,SNNPR,Gedeo,DillaHealthCenter,7050740093
M,56,38,2021-05-12,2021-05-12,2024-07-22,,,1j - TDF+3TC+DTG,1j - TDF+3TC+DTG,90,2024-10-20,Alive,2024-11-18,2024-05-15,Suppressed,,2024-05-15,Annual viral load test ,No,03565e88887442568416d450191fb892,SNNPR,Gedeo,DillaHealthCenter,7050740093
M,54,33,2021-08-25,2021-08-25,2024-07-30,,,1j - TDF+3TC+DTG,1j - TDF+3TC+DTG,90,2024-10-28,Alive,2024-11-26,2024-06-14,Suppressed,,2024-06-14,Annual viral load test ,No,0369e3bb9798444fab26142b60204282,SNNPR,Gedeo,DillaHealthCenter,7050740093
F,57,24,2018-05-10,2018-05-29,2024-08-12,No,Yes,1j - TDF+3TC+DTG,1j - TDF+3TC+DTG,30,2024-09-09,Alive,2024-10-10,2024-02-19,Suppressed,,2024-02-19,Second viral load test at 12 months post ART ,Yes,055199e562cc41f288a7c1feeb7f057f,SNNPR,Gedeo,DillaHealthCenter,7050740093
M,61,37,2022-10-19,2022-10-19,2024-07-03,,,1j - TDF+3TC+DTG,1j - TDF+3TC+DTG,90,2024-09-30,Alive,2024-10-30,2023-12-04,Suppressed,,2023-12-04,First viral load test at 6 months or longer post ART ,No,0615b8c4e9194b1bbfb393294ea0ea68,SNNPR,Gedeo,DillaHealthCenter,7050740093
F,38,33,2019-01-09,2019-01-09,2024-08-26,No,No,1j - TDF+3TC+DTG,1j - TDF+3TC+DTG,90,2024-11-24,Alive,2024-12-23,2024-03-26,Suppressed,,2024-03-26,Annual viral load test ,No,06352f3332e940599808e2fe2e1f988f,SNNPR,Gedeo,DillaHealthCenter,7050740093
M,69,29,2023-10-17,2023-10-17,2024-07-16,,,1j - TDF+3TC+DTG,1j - TDF+3TC+DTG,90,2024-10-14,Alive,2024-11-12,2024-07-26,Suppressed,,2024-07-26,First viral load test at 6 months or longer post ART ,No,078928e05233451bbd6eddfb2147f059,SNNPR,Gedeo,DillaHealthCenter,7050740093
M,59,21,2023-11-20,2023-11-20,2024-05-18,,,1j - TDF+3TC+DTG,1j - TDF+3TC+DTG,90,2024-08-14,Alive,2024-09-14,2024-07-11,Suppressed,,2024-07-11,First viral load test at 6 months or longer post ART ,No,078c3af7ee7f4ddd87df8fe0ddbdefe0,SNNPR,Gedeo,DillaHealthCenter,7050740093
M,22,8,2023-02-23,2023-02-23,2024-09-22,,,4j - ABC+3TC+DTG,4j - ABC+3TC+DTG,30,2024-10-20,Alive,2024-11-20,2024-08-26,Suppressed,,2024-08-26,Second viral load test at 12 months post ART ,No,07f08ef001be451ba52142e7cff9d1ee,SNNPR,Gedeo,DillaHealthCenter,7050740093
F,52,56,2018-08-29,2018-08-30,2024-05-06,No,No,1j - TDF+3TC+DTG,1j - TDF+3TC+DTG,180,2024-11-02,Alive,2024-12-01,2024-06-14,Suppressed,,2024-06-14,Annual viral load test ,No,0b4d107937ab4556833e68f269e71955,SNNPR,Gedeo,DillaHealthCenter,7050740093
M,52,32,2022-05-04,2022-05-04,2024-08-23,,,1j - TDF+3TC+DTG,1j - TDF+3TC+DTG,90,2024-11-21,Alive,2024-12-20,2024-02-19,HIV infection with high viral load,2019,2024-02-19,First viral load test at 6 months or longer post ART ,No,0bda22161a0a429a81f374db0f5a7cc2,SNNPR,Gedeo,DillaHealthCenter,7050740093
F,60,22,2020-04-07,2020-05-04,2024-07-18,Yes,No,1j - TDF+3TC+DTG,1j - TDF+3TC+DTG,30,2024-08-15,Alive,2024-09-15,2024-02-19,Suppressed,,2024-02-19,Annual viral load test ,Yes,0cb0e951fc2e46deaf2bb229b459206f,SNNPR,Gedeo,DillaHealthCenter,7050740093
M,44,91,2008-09-25,2009-03-11,2024-08-15,,,1j - TDF+3TC+DTG,1j - TDF+3TC+DTG,90,2024-11-13,Alive,2024-12-12,2024-06-14,Suppressed,,2024-06-14,Annual viral load test ,No,0e65b73349f9481c9fc63f1751b3aa8f,SNNPR,Gedeo,DillaHealthCenter,7050740093
M,57,41,2018-03-13,2018-04-11,2024-05-28,,,1j - TDF+3TC+DTG,1j - TDF+3TC+DTG,180,2024-11-24,Alive,2024-12-23,2024-02-13,Suppressed,,2024-02-13,Annual viral load test ,No,0efa3d9a42db4dfcb1cd4af87b9cc4bc,SNNPR,Gedeo,DillaHealthCenter,7050740093
M,49,44,2023-05-10,2023-05-10,2024-05-18,,,1j - TDF+3TC+DTG,1j - TDF+3TC+DTG,90,2024-08-14,Alive,2024-09-14,2024-06-14,Suppressed,,2024-06-14,Viral load after EAC: repeat viral load where initial viral load greater than 50 and less than 1000 copies per ml ,No,1270c715ad3a4925bc8f29ceb737d583,SNNPR,Gedeo,DillaHealthCenter,7050740093
M,61,35,2017-11-27,2017-12-25,2024-04-19,,,1j - TDF+3TC+DTG,1j - TDF+3TC+DTG,180,2024-10-16,Alive,2024-11-14,2024-06-14,Suppressed,,2024-06-14,Annual viral load test ,No,1348b4f3cb994c679b5c533ecbe04a75,SNNPR,Gedeo,DillaHealthCenter,7050740093
F,45,48,2014-07-01,2014-07-01,2024-06-09,No,No,1j - TDF+3TC+DTG,1j - TDF+3TC+DTG,180,2024-12-10,Alive,2025-01-04,2024-07-11,Suppressed,,2024-07-11,Annual viral load test ,No,138241e7438c4e38a9dfbdeacc065237,SNNPR,Gedeo,DillaHealthCenter,7050740093
F,59,22,2023-02-13,2023-02-13,2024-08-01,No,No,1j - TDF+3TC+DTG,1j - TDF+3TC+DTG,30,2024-08-29,Alive,2024-09-29,2024-02-13,Suppressed,,2024-02-13,Six months after the first viral load test at postnatal period ,No,1399aa5c4f234894938ccbfecbdc9d30,SNNPR,Gedeo,DillaHealthCenter,7050740093
F,54,42,2023-01-26,2023-01-26,2024-05-18,No,No,1j - TDF+3TC+DTG,1j - TDF+3TC+DTG,180,2024-11-19,Alive,2024-12-13,2024-06-14,Suppressed,,2024-06-14,Second viral load test at 12 months post ART ,No,13f469994ee24381a2053cc2fc6d6761,SNNPR,Gedeo,DillaHealthCenter,7050740093
M,61,25,2020-02-07,2020-02-28,2024-08-19,,,1j - TDF+3TC+DTG,1j - TDF+3TC+DTG,90,2024-11-17,Alive,2024-12-16,2023-10-10,Low-level viremia,87,2023-10-10,First viral load test at 6 months or longer post ART ,No,1466f8619f2d4160980bf14ae633479f,SNNPR,Gedeo,DillaHealthCenter,7050740093
F,42,44,2017-03-03,2017-03-05,2024-08-27,No,No,1j - TDF+3TC+DTG,1j - TDF+3TC+DTG,90,2024-11-24,Alive,2024-12-24,2023-12-04,Low-level viremia,694,2023-12-04,Annual viral load test ,No,15ca3672563a4c1483ef3e4390594206,SNNPR,Gedeo,DillaHealthCenter,7050740093
F,72,29,2023-04-05,2023-04-05,2024-08-08,No,No,1j - TDF+3TC+DTG,1j - TDF+3TC+DTG,30,2024-09-05,Alive,2024-10-06,2024-06-14,HIV infection with high viral load,39299,2024-06-14,First viral load test at 6 months or longer post ART ,No,1673d014980a49f99864e61c39c677d0,SNNPR,Gedeo,DillaHealthCenter,7050740093
F,52,31,2023-06-22,2023-07-20,2024-05-13,No,No,1j - TDF+3TC+DTG,1j - TDF+3TC+DTG,90,2024-08-11,Alive,2024-09-09,2024-06-14,Suppressed,,2024-06-14,First viral load test at 6 months or longer post ART ,No,17e9f547fe55463ca4a4622b33a10edd,SNNPR,Gedeo,DillaHealthCenter,7050740093
F,60,30,2020-04-08,2020-04-13,2024-02-23,No,No,1j - TDF+3TC+DTG,1j - TDF+3TC+DTG,180,2024-08-19,Alive,2024-09-19,2023-12-30,Suppressed,,2023-12-30,Viral load after EAC: confirmatory viral load where initial viral load greater than 1000 copies per ml ,No,1800a3c9e2ff4831beb0419121b363a7,SNNPR,Gedeo,DillaHealthCenter,7050740093
F,47,16,2020-06-02,2020-06-02,2024-07-30,No,No,1j - TDF+3TC+DTG,1j - TDF+3TC+DTG,90,2024-10-28,Alive,2024-11-26,2024-08-26,Suppressed,,2024-08-26,Annual viral load test ,No,19562f2118de47f38e24cfd3c92ab01a,SNNPR,Gedeo,DillaHealthCenter,7050740093
F,67,57,2017-01-20,2017-01-25,2024-06-15,No,No,1j - TDF+3TC+DTG,1j - TDF+3TC+DTG,90,2024-09-13,Alive,2024-10-12,2024-08-26,Suppressed,,2024-08-26,Annual viral load test ,No,1969414bad944653b790d113f4251bf3,SNNPR,Gedeo,DillaHealthCenter,7050740093
F,70,26,2017-10-17,2017-11-01,2024-07-25,No,No,1j - TDF+3TC+DTG,1j - TDF+3TC+DTG,90,2024-10-20,Alive,2024-11-21,2024-02-06,Suppressed,,2024-02-06,Annual viral load test ,No,198467e764b3478ea61654622b284198,SNNPR,Gedeo,DillaHealthCenter,7050740093
F,53,35,2014-10-31,2014-12-24,2024-07-12,No,No,1j - TDF+3TC+DTG,1j - TDF+3TC+DTG,180,2025-01-09,Alive,2025-02-06,2024-03-26,Suppressed,,2024-03-26,Annual viral load test ,No,19ad7eb4b1d94967b6e157b1cf911c10,SNNPR,Gedeo,DillaHealthCenter,7050740093
F,54,27,2023-01-16,2023-01-16,2024-07-07,No,Yes,1j - TDF+3TC+DTG,1j - TDF+3TC+DTG,30,2024-08-04,Alive,2024-09-04,2024-01-17,Low-level viremia,434,2024-01-17,Every six months until MTCT ends ,Yes,1a9baedab457429c8b5e11dd1ee4d3b2,SNNPR,Gedeo,DillaHealthCenter,7050740093
M,41,38,2016-12-02,2016-12-14,2024-06-17,,,1j - TDF+3TC+DTG,1j - TDF+3TC+DTG,90,2024-09-15,Alive,2024-10-14,2024-04-18,Suppressed,,2024-04-18,Annual viral load test ,No,1cab17aae6264f5eac1fb82e9a71e4d7,SNNPR,Gedeo,DillaHealthCenter,7050740093
F,38,44,2020-07-17,2020-07-20,2024-08-10,No,No,1j - TDF+3TC+DTG,1j - TDF+3TC+DTG,90,2024-11-09,Alive,2024-12-07,2023-12-30,Suppressed,,2023-12-30,Annual viral load test ,No,1da1b4993b6545eda77c6fa0c823b472,SNNPR,Gedeo,DillaHealthCenter,7050740093
F,63,31,2018-08-22,2018-08-22,2024-07-25,No,No,1j - TDF+3TC+DTG,1j - TDF+3TC+DTG,180,2025-01-21,Alive,2025-02-19,2024-09-04,Suppressed,,2024-09-04,Annual viral load test ,No,21d3f0f6da234df19d72e8b892211d91,SNNPR,Gedeo,DillaHealthCenter,7050740093
F,70,38,2014-11-06,2014-11-06,2024-08-10,No,No,1j - TDF+3TC+DTG,1j - TDF+3TC+DTG,90,2024-11-09,Alive,2024-12-07,2024-03-12,Suppressed,,2024-03-12,Annual viral load test ,No,21dd0ccbdb7c41f6921052a1b3b059f1,SNNPR,Gedeo,DillaHealthCenter,7050740093
F,62,26,2023-03-21,2023-03-21,2024-05-16,No,No,1j - TDF+3TC+DTG,1j - TDF+3TC+DTG,90,2024-08-14,Alive,2024-09-12,2024-06-14,Suppressed,,2024-06-14,First viral load test at 6 months or longer post ART ,No,22a3974ac9c8403aa9b9e69b74c32c17,SNNPR,Gedeo,DillaHealthCenter,7050740093
M,46,42,2022-10-20,2022-10-20,2024-07-14,,,1j - TDF+3TC+DTG,1j - TDF+3TC+DTG,90,2024-10-12,Alive,2024-11-10,2024-01-17,Suppressed,,2024-01-17,First viral load test at 6 months or longer post ART ,No,23948ec1b0c6461799c52d7d225472c1,SNNPR,Gedeo,DillaHealthCenter,7050740093
F,68,57,2023-06-15,2023-06-15,2024-06-09,No,No,1j - TDF+3TC+DTG,1j - TDF+3TC+DTG,90,2024-09-07,Alive,2024-10-06,2024-03-12,Suppressed,,2024-03-12,First viral load test at 6 months or longer post ART ,No,284c4b3da644461397ccb4f646aaba12,SNNPR,Gedeo,DillaHealthCenter,7050740093
M,63,35,2022-10-06,2022-10-06,2024-06-12,,,1j - TDF+3TC+DTG,1j - TDF+3TC+DTG,90,2024-09-04,Alive,2024-10-09,2023-12-30,Suppressed,,2023-12-30,First viral load test at 6 months or longer post ART ,No,29985c335823411ebcfc4a52a2647876,SNNPR,Gedeo,DillaHealthCenter,7050740093
M,12,4,2023-02-09,2023-02-09,2024-07-30,,,4j - ABC+3TC+DTG,4j - ABC+3TC+DTG,30,2024-08-29,Alive,2024-09-27,2023-10-10,Suppressed,44,2023-10-10,First viral load test at 6 months or longer post ART ,No,2ad8b91cfd3c45c7ba7dde008eb2b3b0,SNNPR,Gedeo,DillaHealthCenter,7050740093
M,63,26,2023-11-16,2023-11-30,2024-08-14,,,1j - TDF+3TC+DTG,1j - TDF+3TC+DTG,30,2024-09-13,Alive,2024-10-12,2024-06-14,Suppressed,,2024-06-14,First viral load test at 6 months or longer post ART ,No,2bb1fa2f818e4d758fb9440ac0ea1988,SNNPR,Gedeo,DillaHealthCenter,7050740093
M,54,33,2013-01-03,2017-12-13,2024-07-09,,,1j - TDF+3TC+DTG,1j - TDF+3TC+DTG,180,2025-01-05,Alive,2025-02-03,2024-04-25,Suppressed,,2024-04-25,Annual viral load test ,No,2d2c40b57b304d6f9de2b882c471d2e3,SNNPR,Gedeo,DillaHealthCenter,7050740093
M,73,35,2017-11-20,2019-05-22,2024-05-17,,,1j - TDF+3TC+DTG,1j - TDF+3TC+DTG,180,2024-11-13,Alive,2024-12-12,2024-06-14,Suppressed,,2024-06-14,Annual viral load test ,No,2db1bfac72634e68bc34058391aa6b2c,SNNPR,Gedeo,DillaHealthCenter,7050740093
F,51,58,2021-04-19,2021-04-19,2024-06-22,No,No,1j - TDF+3TC+DTG,1j - TDF+3TC+DTG,180,2024-12-19,Alive,2025-01-17,2024-08-26,Suppressed,,2024-08-26,Second viral load test at 12 months post ART ,No,2dd518d51cc24e2790ea3d7464f2f394,SNNPR,Gedeo,DillaHealthCenter,7050740093
M,55,69,2005-10-07,2006-10-26,2024-07-15,,,1j - TDF+3TC+DTG,1j - TDF+3TC+DTG,90,2024-10-13,Alive,2024-11-11,2024-03-26,Suppressed,,2024-03-26,Annual viral load test ,No,2ee861791cc742999193be98c18b121e,SNNPR,Gedeo,DillaHealthCenter,7050740093
F,48,32,2015-08-11,2015-08-11,2024-07-29,No,Yes,1j - TDF+3TC+DTG,1j - TDF+3TC+DTG,30,2024-08-26,Alive,2024-09-26,2024-03-12,Suppressed,,2024-03-12,Annual viral load test ,Yes,2f0b49982660486db2861b05a6510f14,SNNPR,Gedeo,DillaHealthCenter,7050740093
F,82,34,2015-05-03,2015-05-03,2024-07-04,No,Yes,1j - TDF+3TC+DTG,1j - TDF+3TC+DTG,30,2024-08-01,Alive,2024-09-01,2024-03-12,Suppressed,,2024-03-12,Three months after delivery ,Yes,3135a5ddfe4b45ec83c363dffa9c8ff0,SNNPR,Gedeo,DillaHealthCenter,7050740093
F,45,28,2018-03-13,2018-03-13,2024-08-16,No,No,1j - TDF+3TC+DTG,1j - TDF+3TC+DTG,180,2025-02-12,Alive,2025-03-13,2024-06-14,Suppressed,,2024-06-14,Annual viral load test ,No,31647f9f3bcd41898da1bab80944967d,SNNPR,Gedeo,DillaHealthCenter,7050740093
M,62,50,2010-11-17,2011-02-19,2024-04-19,,,1j - TDF+3TC+DTG,1j - TDF+3TC+DTG,180,2024-10-16,Alive,2024-11-14,2024-06-14,Suppressed,,2024-06-14,Annual viral load test ,No,34192dcc3c734417a178fea97cd90d43,SNNPR,Gedeo,DillaHealthCenter,7050740093
F,43,27,2023-05-03,2023-05-09,2024-08-01,No,Yes,1j - TDF+3TC+DTG,1j - TDF+3TC+DTG,30,2024-08-29,Alive,2024-09-29,2024-05-15,Suppressed,,2024-05-15,Annual viral load test ,Yes,3464c9f84caf4d799f348c0c3a4ec10b,SNNPR,Gedeo,DillaHealthCenter,7050740093
F,40,38,2016-11-18,2016-11-25,2024-07-15,No,No,1j - TDF+3TC+DTG,1j - TDF+3TC+DTG,180,2025-01-11,Alive,2025-02-09,2024-07-11,Suppressed,,2024-07-11,Annual viral load test ,No,347c084a96084534b7bf86fbe445c665,SNNPR,Gedeo,DillaHealthCenter,7050740093
F,56,47,2011-11-24,2012-04-04,2024-09-24,No,No,1j - TDF+3TC+DTG,1j - TDF+3TC+DTG,180,2025-03-23,Alive,2025-04-21,2023-11-27,Suppressed,,2023-11-27,Annual viral load test ,No,3540fb2562c4456ea967bde4db68adaf,SNNPR,Gedeo,DillaHealthCenter,7050740093
F,51,29,2019-09-23,2020-01-21,2024-08-12,No,No,1j - TDF+3TC+DTG,1j - TDF+3TC+DTG,90,2024-11-10,Alive,2024-12-09,2024-06-14,Suppressed,,2024-06-14,Annual viral load test ,No,3622885f84a94187b713548eabf2293a,SNNPR,Gedeo,DillaHealthCenter,7050740093
F,22,8,2023-08-04,2023-08-22,2024-06-28,,,4j - ABC+3TC+DTG,4j - ABC+3TC+DTG,30,2024-07-28,Alive,2024-08-26,2024-04-25,Suppressed,,2024-04-25,First viral load test at 6 months or longer post ART ,No,3673f3d29b494caebdadcf62b30c0f68,SNNPR,Gedeo,DillaHealthCenter,7050740093
M,41,64,2020-11-16,2020-11-16,2024-08-06,,,1j - TDF+3TC+DTG,1j - TDF+3TC+DTG,90,2024-11-04,Alive,2024-12-03,2024-05-15,Suppressed,,2024-05-15,Annual viral load test ,No,36ad5929c7a24e278d1b1d90edd08589,SNNPR,Gedeo,DillaHealthCenter,7050740093
M,46,46,2010-06-17,2010-08-31,2024-08-20,,,1j - TDF+3TC+DTG,1j - TDF+3TC+DTG,180,2025-02-17,Alive,2025-03-17,2024-07-11,Suppressed,,2024-07-11,Annual viral load test ,No,3a2c4dc0a48c4cb8a1bd4d9a1963312c,SNNPR,Gedeo,DillaHealthCenter,7050740093
F,46,34,2015-03-17,2015-03-17,2024-07-12,No,No,1j - TDF+3TC+DTG,1j - TDF+3TC+DTG,180,2025-01-09,Alive,2025-02-06,2024-03-12,Suppressed,,2024-03-12,Annual viral load test ,No,3ba20628838943c099f1976ceaeb730a,SNNPR,Gedeo,DillaHealthCenter,7050740093
F,59,53,2011-08-08,2011-08-24,2024-02-26,No,No,1j - TDF+3TC+DTG,1j - TDF+3TC+DTG,180,2024-08-24,Alive,2024-09-22,2024-04-18,Suppressed,,2024-04-18,Second viral load test at 12 months post ART ,No,3d4c4f7b0e494fa88049ad126689b266,SNNPR,Gedeo,DillaHealthCenter,7050740093
F,68,33,2021-08-26,2021-08-26,2024-07-05,No,No,1j - TDF+3TC+DTG,1j - TDF+3TC+DTG,30,2024-08-04,Alive,2024-09-02,2024-02-19,Suppressed,,2024-02-19,Second viral load test at 12 months post ART ,No,3dc14df2ffa34072a7ad0a6316302c34,SNNPR,Gedeo,DillaHealthCenter,7050740093
M,66,48,2018-09-02,2019-09-16,2024-05-11,,,1j - TDF+3TC+DTG,1j - TDF+3TC+DTG,180,2024-11-12,Alive,2024-12-06,2024-06-14,Suppressed,,2024-06-14,Annual viral load test ,No,3e1ad5a0b301447aaea384f45080dc15,SNNPR,Gedeo,DillaHealthCenter,7050740093
M,60,25,2019-03-18,2019-03-18,2024-04-19,,,1j - TDF+3TC+DTG,1j - TDF+3TC+DTG,180,2024-10-15,Alive,2024-11-14,2024-03-26,Suppressed,,2024-03-26,Annual viral load test ,No,3e4a15758d3b426985b3b4b35006a3b7,SNNPR,Gedeo,DillaHealthCenter,7050740093
M,,37,2018-02-09,2017-11-16,2024-06-24,,,,,,,Dead,2024-07-23,2023-11-16,Low-level viremia,452,2023-11-16,Viral load after EAC: confirmatory viral load where initial viral load greater than 1000 copies per ml ,No,3e50575d0acc466bbfcd3b9ff0920423,SNNPR,Gedeo,DillaHealthCenter,7050740093
F,42,20,2020-10-07,2020-10-07,2024-08-06,No,No,1j - TDF+3TC+DTG,1j - TDF+3TC+DTG,90,2024-11-04,Alive,2024-12-03,2024-03-26,Suppressed,,2024-03-26,Annual viral load test ,No,3e628f2573194f37a2773e69baec0d49,SNNPR,Gedeo,DillaHealthCenter,7050740093
F,46,32,2023-02-28,2023-02-28,2024-07-17,No,No,1j - TDF+3TC+DTG,1j - TDF+3TC+DTG,90,2024-10-15,Alive,2024-11-13,2024-01-17,Suppressed,,2024-01-17,First viral load test at 6 months or longer post ART ,No,3e98ac26ed8042f6a005aae2789675c3,SNNPR,Gedeo,DillaHealthCenter,7050740093
M,64,37,2023-11-07,2023-11-07,2024-06-18,,,1j - TDF+3TC+DTG,1j - TDF+3TC+DTG,90,2024-09-16,Alive,2024-10-15,2024-07-11,Suppressed,,2024-07-11,First viral load test at 6 months or longer post ART ,No,3f399302ff97476aa42e493397dc7955,SNNPR,Gedeo,DillaHealthCenter,7050740093
M,70,35,2019-07-08,2019-07-08,2024-09-02,,,1j - TDF+3TC+DTG,1j - TDF+3TC+DTG,180,2025-03-01,Alive,2025-03-30,2023-12-04,Suppressed,,2023-12-04,Annual viral load test ,No,4104549dd02e46cc9822ef42f9348ec9,SNNPR,Gedeo,DillaHealthCenter,7050740093
M,53,43,2021-08-19,2021-09-03,2024-06-29,,,1j - TDF+3TC+DTG,1j - TDF+3TC+DTG,90,2024-09-28,Alive,2024-10-26,2024-06-14,Suppressed,,2024-06-14,Annual viral load test ,No,419046c22e4d40018f8d0015863b15dd,SNNPR,Gedeo,DillaHealthCenter,7050740093
F,42,21,2023-10-10,2023-10-10,2024-08-06,No,No,1j - TDF+3TC+DTG,1j - TDF+3TC+DTG,90,2024-11-04,Alive,2024-12-03,2024-03-26,Suppressed,,2024-03-26,First viral load test at 6 months or longer post ART ,No,434275ea5e9d448d92b654cf8d787bae,SNNPR,Gedeo,DillaHealthCenter,7050740093
F,43,37,2015-11-24,2015-11-24,2024-08-24,No,No,1j - TDF+3TC+DTG,1j - TDF+3TC+DTG,180,2025-02-20,Alive,2025-03-21,2024-07-11,Suppressed,,2024-07-11,Annual viral load test ,No,4415992087c54d048811d4cf5e4a7ac2,SNNPR,Gedeo,DillaHealthCenter,7050740093
F,66,20,2022-07-13,2022-07-13,2024-05-23,No,No,1j - TDF+3TC+DTG,1j - TDF+3TC+DTG,90,2024-08-21,Alive,2024-09-19,2024-08-26,Suppressed,,2024-08-26,Annual viral load test ,No,45a1bf33c2b04c668f65efc938230867,SNNPR,Gedeo,DillaHealthCenter,7050740093
F,68,35,2016-02-17,2016-02-17,2024-08-27,No,No,1j - TDF+3TC+DTG,1j - TDF+3TC+DTG,90,2024-11-24,Alive,2024-12-24,2024-04-18,Suppressed,20,2024-04-18,Annual viral load test ,No,45b5dabb56384b47a67ea4874937afd6,SNNPR,Gedeo,DillaHealthCenter,7050740093
M,62,31,2023-09-18,2023-09-18,2024-08-23,,,1j - TDF+3TC+DTG,1j - TDF+3TC+DTG,90,2024-11-20,Alive,2024-12-20,2024-03-26,Suppressed,20,2024-03-26,First viral load test at 6 months or longer post ART ,No,4634e008fd4d4afc9d107ac03e70a803,SNNPR,Gedeo,DillaHealthCenter,7050740093
F,42,19,2023-09-25,2023-09-25,2024-08-07,No,No,1j - TDF+3TC+DTG,1j - TDF+3TC+DTG,90,2024-11-05,Alive,2024-12-04,2024-03-12,Suppressed,,2024-03-12,First viral load test at 6 months or longer post ART ,No,476f3536c7c7493e9a8b8f1ebcd2f77a,SNNPR,Gedeo,DillaHealthCenter,7050740093
F,71,36,2013-05-13,2014-09-02,2024-09-05,No,No,1j - TDF+3TC+DTG,1j - TDF+3TC+DTG,90,2024-12-04,Alive,2025-01-02,2024-07-11,Low-level viremia,780,2024-07-11,First viral load test at 6 months or longer post ART ,No,48d92e22dd8247f78aa54ab99f83616e,SNNPR,Gedeo,DillaHealthCenter,7050740093
F,54,44,2015-03-06,2015-03-10,2024-05-01,No,No,1j - TDF+3TC+DTG,1j - TDF+3TC+DTG,180,2024-10-28,Alive,2024-11-26,2024-06-14,Low-level viremia,150,2024-06-14,Annual viral load test ,No,49ae9c5f550643c09377b232d91b9a73,SNNPR,Gedeo,DillaHealthCenter,7050740093
F,67,33,2013-03-03,2013-03-03,2024-05-01,No,No,1j - TDF+3TC+DTG,1j - TDF+3TC+DTG,180,2024-10-28,Alive,2024-11-26,2023-11-27,Suppressed,,2023-11-27,Annual viral load test ,No,49b8ccd72831453ca5f03d9b6edec06d,SNNPR,Gedeo,DillaHealthCenter,7050740093
F,68,47,2012-11-28,2013-06-25,2024-05-09,No,No,1j - TDF+3TC+DTG,1j - TDF+3TC+DTG,180,2024-11-05,Alive,2024-12-04,2024-06-14,Suppressed,,2024-06-14,Annual viral load test ,No,4cf8d885e7b84d3886e278d1426c9f8e,SNNPR,Gedeo,DillaHealthCenter,7050740093
M,56,49,2010-12-01,2010-12-21,2024-04-26,,,1j - TDF+3TC+DTG,1j - TDF+3TC+DTG,180,2024-10-23,Alive,2024-11-21,2024-06-14,Suppressed,,2024-06-14,Annual viral load test ,No,4e468b044c6e4d2399a099aae021c5c7,SNNPR,Gedeo,DillaHealthCenter,7050740093
F,52,23,2023-10-11,2023-10-11,2024-08-19,No,No,1j - TDF+3TC+DTG,1j - TDF+3TC+DTG,30,2024-09-16,Alive,2024-10-17,2024-03-26,Suppressed,20,2024-03-26,At the first antenatal care visit ,No,4f8b380a49a2447680ebd9a178cc72c4,SNNPR,Gedeo,DillaHealthCenter,7050740093
F,44,37,2012-07-10,2013-06-17,2024-09-24,No,No,1j - TDF+3TC+DTG,1j - TDF+3TC+DTG,90,2024-12-23,Alive,2025-01-21,2024-03-12,Suppressed,,2024-03-12,Annual viral load test ,No,5086bae02a5c48e78b746fec08851f93,SNNPR,Gedeo,DillaHealthCenter,7050740093
F,56,41,2010-12-09,2011-01-12,2024-08-27,No,No,1j - TDF+3TC+DTG,1j - TDF+3TC+DTG,90,2024-11-25,Alive,2024-12-24,2024-04-09,Suppressed,,2024-04-09,Annual viral load test ,No,51b806b6d6634886adf8bfeb591309aa,SNNPR,Gedeo,DillaHealthCenter,7050740093
M,59,28,2021-08-03,2021-08-03,2024-05-10,,,1j - TDF+3TC+DTG,1j - TDF+3TC+DTG,180,2024-11-06,Alive,2024-12-05,2024-06-14,Suppressed,,2024-06-14,Annual viral load test ,No,54bb8decb9314666ba1c000946028039,SNNPR,Gedeo,DillaHealthCenter,7050740093
M,62,29,2022-03-14,2022-03-14,2024-06-17,,,1j - TDF+3TC+DTG,1j - TDF+3TC+DTG,90,2024-09-15,Alive,2024-10-14,2023-11-27,Suppressed,,2023-11-27,Second viral load test at 12 months post ART ,No,55a1b77485024b7382461a26f9aed924,SNNPR,Gedeo,DillaHealthCenter,7050740093
F,53,26,2019-10-11,2018-08-27,2024-06-17,No,No,1j - TDF+3TC+DTG,1j - TDF+3TC+DTG,90,2024-09-13,Alive,2024-10-14,2024-03-26,Low-level viremia,325,2024-03-26,Annual viral load test ,No,563c135f315b4814a920bf0defb24c44,SNNPR,Gedeo,DillaHealthCenter,7050740093
F,54,28,2021-10-04,2021-10-04,2024-07-21,No,Yes,1j - TDF+3TC+DTG,1j - TDF+3TC+DTG,30,2024-08-18,Alive,2024-09-18,2023-11-27,Suppressed,,2023-11-27,Viral load after EAC: repeat viral load where initial viral load greater than 50 and less than 1000 copies per ml ,Yes,56914198ad004883a6dc233c7a66910f,SNNPR,Gedeo,DillaHealthCenter,7050740093
F,46,36,2010-07-12,2013-06-17,2024-05-12,No,No,1j - TDF+3TC+DTG,1j - TDF+3TC+DTG,90,2024-08-10,Alive,2024-09-08,2024-06-14,Suppressed,,2024-06-14,Annual viral load test ,No,56cdb0ceb65c4b56b23105b36b067ac1,SNNPR,Gedeo,DillaHealthCenter,7050740093
F,79,41,2014-10-31,2014-11-07,2024-03-31,No,No,1j - TDF+3TC+DTG,1j - TDF+3TC+DTG,180,2024-09-26,Alive,2024-10-26,2024-06-14,Suppressed,,2024-06-14,Annual viral load test ,No,58bfdac0702442688fe0fbb017943c0a,SNNPR,Gedeo,DillaHealthCenter,7050740093
F,89,53,2008-11-26,2008-11-26,2024-02-04,No,No,1j - TDF+3TC+DTG,1j - TDF+3TC+DTG,180,2024-08-02,Alive,2024-08-31,2024-06-14,Suppressed,,2024-06-14,Annual viral load test ,No,5c5d42016b8f48af8e16a2539fb784ee,SNNPR,Gedeo,DillaHealthCenter,7050740093
F,62,26,2020-11-04,2020-11-04,2024-01-31,No,No,1j - TDF+3TC+DTG,1j - TDF+3TC+DTG,180,2024-07-27,Alive,2024-08-27,2023-10-31,Suppressed,,2023-10-31,Second viral load test at 12 months post ART ,No,5ca74eeb33d949f285dc62a76238504e,SNNPR,Gedeo,DillaHealthCenter,7050740093
M,69,41,2008-06-02,2008-11-10,2024-08-28,,,1j - TDF+3TC+DTG,1j - TDF+3TC+DTG,90,2024-11-26,Alive,2024-12-25,2023-12-04,Suppressed,,2023-12-04,Annual viral load test ,No,5d259acd78944ca3bcab4cb18ad9be90,SNNPR,Gedeo,DillaHealthCenter,7050740093
F,52,32,2015-05-21,2016-11-30,2024-08-10,No,No,1j - TDF+3TC+DTG,1j - TDF+3TC+DTG,90,2024-11-09,Alive,2024-12-07,2024-07-11,Suppressed,,2024-07-11,Annual viral load test ,No,5ec2019c79074bb19d51cef4df27dd29,SNNPR,Gedeo,DillaHealthCenter,7050740093
F,57,27,2022-03-14,2022-03-14,2024-06-24,No,No,1j - TDF+3TC+DTG,1j - TDF+3TC+DTG,180,2024-12-21,Alive,2025-01-19,2024-01-17,Suppressed,,2024-01-17,Three months after delivery ,No,6060ebf1717d44d693bad803123c64ea,SNNPR,Gedeo,DillaHealthCenter,7050740093
F,45,38,2021-04-23,2021-04-23,2024-07-27,No,No,1j - TDF+3TC+DTG,1j - TDF+3TC+DTG,180,2025-01-20,Alive,2025-02-21,2024-03-12,Suppressed,,2024-03-12,Annual viral load test ,No,6080dcf228154f779453ff939e0b85be,SNNPR,Gedeo,DillaHealthCenter,7050740093
F,50,31,2022-11-10,2022-11-10,2024-06-24,No,No,1j - TDF+3TC+DTG,1j - TDF+3TC+DTG,90,2024-09-22,Alive,2024-10-21,2024-07-11,Suppressed,,2024-07-11,Annual viral load test ,No,613120c0bb404912af6a7fd22f13f803,SNNPR,Gedeo,DillaHealthCenter,7050740093
M,53,43,2021-08-05,2021-10-04,2024-09-02,,,1j - TDF+3TC+DTG,1j - TDF+3TC+DTG,30,2024-10-02,Alive,2024-10-31,2024-06-14,Low-level viremia,164,2024-06-14,Annual viral load test ,No,62572a9ab1074d7a8bcaa9921edd7489,SNNPR,Gedeo,DillaHealthCenter,7050740093
F,44,31,2023-08-01,2023-08-01,2024-08-02,No,No,1j - TDF+3TC+DTG,1j - TDF+3TC+DTG,90,2024-10-30,Alive,2024-11-29,2024-08-26,Suppressed,20,2024-08-26,Second viral load test at 12 months post ART ,No,640ebb8d8b654e3094b8dc591d30e7bf,SNNPR,Gedeo,DillaHealthCenter,7050740093
M,55,40,2011-12-15,2019-07-26,2024-06-01,,,1j - TDF+3TC+DTG,1j - TDF+3TC+DTG,180,2024-11-29,Alive,2024-12-27,2024-09-04,HIV infection with high viral load,120150,2024-09-04,Annual viral load test ,No,6421ef62b21a4ac58a9e32b5acef134e,SNNPR,Gedeo,DillaHealthCenter,7050740093
F,48,28,2022-07-11,2022-07-11,2024-05-27,No,No,1j - TDF+3TC+DTG,1j - TDF+3TC+DTG,90,2024-08-25,Alive,2024-09-23,2024-02-19,Suppressed,,2024-02-19,First viral load test at 6 months or longer post ART ,No,64e437b7b4854dadaff0aafc9ebef002,SNNPR,Gedeo,DillaHealthCenter,7050740093
F,47,32,2012-02-21,2012-03-09,2024-04-15,No,No,1j - TDF+3TC+DTG,1j - TDF+3TC+DTG,180,2024-10-12,Alive,2024-11-10,2024-07-26,Suppressed,,2024-07-26,Annual viral load test ,No,64eed57c860c4b448835c590b126b21d,SNNPR,Gedeo,DillaHealthCenter,7050740093
F,43,36,2012-04-03,2013-07-01,2024-06-26,No,No,1j - TDF+3TC+DTG,1j - TDF+3TC+DTG,90,2024-09-24,Alive,2024-10-23,2024-02-19,Suppressed,,2024-02-19,Viral load after EAC: confirmatory viral load where initial viral load greater than 1000 copies per ml ,No,65493d7514804839be885c31ed196719,SNNPR,Gedeo,DillaHealthCenter,7050740093
M,59,22,2022-05-10,2022-05-10,2024-08-12,,,1j - TDF+3TC+DTG,1j - TDF+3TC+DTG,180,2025-02-08,Alive,2025-03-09,2024-06-14,Suppressed,,2024-06-14,First viral load test at 6 months or longer post ART ,No,654c676555834fd79fd4155f5aa36b1f,SNNPR,Gedeo,DillaHealthCenter,7050740093
F,46,49,2021-01-01,2021-01-01,2024-07-11,No,No,1j - TDF+3TC+DTG,1j - TDF+3TC+DTG,90,2024-10-09,Alive,2024-11-07,2024-07-26,Suppressed,,2024-07-26,Annual viral load test ,No,6572d5da4e544dcea3538ca8de51e654,SNNPR,Gedeo,DillaHealthCenter,7050740093
M,45,32,2023-01-17,2023-03-24,2024-06-28,,,1j - TDF+3TC+DTG,1j - TDF+3TC+DTG,30,2024-07-26,Alive,2024-08-26,2024-02-13,Suppressed,,2024-02-13,First viral load test at 6 months or longer post ART ,No,668a068f3af041e4b0c7fd08628f9f81,SNNPR,Gedeo,DillaHealthCenter,7050740093
F,57,23,2023-08-22,2023-08-22,2024-06-24,No,No,1j - TDF+3TC+DTG,1j - TDF+3TC+DTG,90,2024-09-22,Alive,2024-10-21,2024-03-26,HIV infection with high viral load,71300,2024-03-26,First viral load test at 6 months or longer post ART ,No,66c6e0d0a06d447fa04886f43c410fa9,SNNPR,Gedeo,DillaHealthCenter,7050740093
F,89,41,2013-09-25,2013-09-25,2024-07-22,No,No,1j - TDF+3TC+DTG,1j - TDF+3TC+DTG,180,2025-01-18,Alive,2025-02-16,2024-03-12,Suppressed,,2024-03-12,Annual viral load test ,No,670088357aca4a41931a4b2e3ec45220,SNNPR,Gedeo,DillaHealthCenter,7050740093
F,55,27,2022-10-03,2022-10-03,2024-06-26,No,No,1j - TDF+3TC+DTG,1j - TDF+3TC+DTG,90,2024-09-24,Alive,2024-10-23,2024-04-18,Suppressed,,2024-04-18,Annual viral load test ,No,675281fc73ba42729cd8beb508c681a3,SNNPR,Gedeo,DillaHealthCenter,7050740093
M,65,51,2013-02-26,2013-03-15,2024-08-24,,,1j - TDF+3TC+DTG,1j - TDF+3TC+DTG,90,2024-11-21,Alive,2024-12-21,2023-12-04,Suppressed,,2023-12-04,Annual viral load test ,No,67c5752112474d3c8e6c4b0d69f3e8f5,SNNPR,Gedeo,DillaHealthCenter,7050740093
M,65,42,2012-06-13,2013-06-27,2024-08-15,,,1j - TDF+3TC+DTG,1j - TDF+3TC+DTG,90,2024-11-13,Alive,2024-12-12,2024-06-27,Suppressed,,2024-06-27,Annual viral load test ,No,67f3f430ecff4f45b5fc5699aa92db3e,SNNPR,Gedeo,DillaHealthCenter,7050740093
M,67,49,2023-08-01,2023-08-01,2024-08-13,,,1j - TDF+3TC+DTG,1j - TDF+3TC+DTG,30,2024-09-13,Alive,2024-10-11,2024-07-26,HIV infection with high viral load,18558,2024-07-26,First viral load test at 6 months or longer post ART ,No,68f15748311644a7b55f58739da9cc51,SNNPR,Gedeo,DillaHealthCenter,7050740093
F,60,27,2018-10-06,2017-10-06,2024-04-26,No,No,1j - TDF+3TC+DTG,1j - TDF+3TC+DTG,180,2024-10-23,Alive,2024-11-21,2024-03-26,Suppressed,,2024-03-26,Annual viral load test ,No,6a6c7ea87eb94c698749abd0e029a51e,SNNPR,Gedeo,DillaHealthCenter,7050740093
M,57,50,2021-02-15,2021-02-15,2024-07-25,,,1j - TDF+3TC+DTG,1j - TDF+3TC+DTG,90,2024-10-23,Alive,2024-11-21,2024-06-27,Suppressed,,2024-06-27,Viral load after EAC: repeat viral load where initial viral load greater than 50 and less than 1000 copies per ml ,No,6b0cbeb56d584c96844be0916ef8e865,SNNPR,Gedeo,DillaHealthCenter,7050740093
F,68,28,2016-11-29,2016-11-29,2024-08-01,No,No,1j - TDF+3TC+DTG,1j - TDF+3TC+DTG,30,2024-08-29,Alive,2024-09-29,2023-12-30,Suppressed,,2023-12-30,Three months after delivery ,No,6b5b8022949b40d8a9221e4502fd7f39,SNNPR,Gedeo,DillaHealthCenter,7050740093
M,55,64,2009-05-13,2009-05-25,2024-06-02,,,1j - TDF+3TC+DTG,1j - TDF+3TC+DTG,180,2024-11-27,Alive,2024-12-28,2024-06-27,Suppressed,,2024-06-27,Annual viral load test ,No,6cb1da7b53594851a5158355e32a09ef,SNNPR,Gedeo,DillaHealthCenter,7050740093
M,69,36,2017-10-12,2017-10-19,2024-05-26,,,1j - TDF+3TC+DTG,1j - TDF+3TC+DTG,180,2024-11-22,Alive,2024-12-21,2024-07-11,Suppressed,,2024-07-11,Annual viral load test ,No,70b6ec81d7bf49619d27ffc47378d257,SNNPR,Gedeo,DillaHealthCenter,7050740093
F,57,26,2021-12-02,2021-12-02,2024-08-19,No,No,1j - TDF+3TC+DTG,1j - TDF+3TC+DTG,90,2024-11-17,Alive,2024-12-16,2024-06-14,Suppressed,,2024-06-14,Second viral load test at 12 months post ART ,No,724c91930ce84e5e9aae7cbe12c70e00,SNNPR,Gedeo,DillaHealthCenter,7050740093
F,66,45,2011-09-15,2011-09-23,2024-08-10,No,No,1j - TDF+3TC+DTG,1j - TDF+3TC+DTG,90,2024-11-09,Alive,2024-12-07,2024-03-12,Suppressed,,2024-03-12,Annual viral load test ,No,72909d509d5c4d30ae315f6339ba0134,SNNPR,Gedeo,DillaHealthCenter,7050740093
F,61,31,2024-02-06,2024-02-06,2024-07-09,No,No,1j - TDF+3TC+DTG,1j - TDF+3TC+DTG,90,2024-10-12,Alive,2024-11-05,2024-08-26,Suppressed,20,2024-08-26,First viral load test at 6 months or longer post ART ,No,746f17991749451fbe614a0bfe3d7c20,SNNPR,Gedeo,DillaHealthCenter,7050740093
F,52,22,2022-01-14,2022-01-14,2024-05-14,No,No,1j - TDF+3TC+DTG,1j - TDF+3TC+DTG,90,2024-08-12,Alive,2024-09-10,2023-12-04,Suppressed,,2023-12-04,Annual viral load test ,No,75f6c23b499147e487cb78b6147a7d36,SNNPR,Gedeo,DillaHealthCenter,7050740093
F,53,24,2020-06-27,2020-06-27,2024-07-04,No,No,1j - TDF+3TC+DTG,1j - TDF+3TC+DTG,90,2024-09-30,Alive,2024-10-31,2024-08-26,Suppressed,,2024-08-26,Annual viral load test ,No,78720d77604a4fdfa76366f45d716b40,SNNPR,Gedeo,DillaHealthCenter,7050740093
F,53,36,2018-03-22,2018-04-20,2024-07-15,No,No,1j - TDF+3TC+DTG,1j - TDF+3TC+DTG,90,2024-10-12,Alive,2024-11-11,2024-08-26,Suppressed,20,2024-08-26,Annual viral load test ,No,7994d647de974dfb9d6d104227f95d55,SNNPR,Gedeo,DillaHealthCenter,7050740093
F,69,39,2013-06-13,2013-06-21,2024-06-26,No,No,1j - TDF+3TC+DTG,1j - TDF+3TC+DTG,180,2024-12-28,Alive,2025-01-21,2024-08-26,Suppressed,,2024-08-26,Annual viral load test ,No,7ca57778fdd94fe8a41d8972434e2a6a,SNNPR,Gedeo,DillaHealthCenter,7050740093
M,56,36,2018-09-04,2018-09-04,2024-09-03,,,1j - TDF+3TC+DTG,1j - TDF+3TC+DTG,90,2024-12-02,Alive,2024-12-31,2024-03-12,Suppressed,,2024-03-12,Annual viral load test ,No,7e459b101fb74169999eee6e8201fcfa,SNNPR,Gedeo,DillaHealthCenter,7050740093
M,49,31,2023-09-21,2023-09-21,2024-08-14,,,1j - TDF+3TC+DTG,1j - TDF+3TC+DTG,30,2024-09-14,Alive,2024-10-12,2024-06-14,Suppressed,,2024-06-14,Second viral load test at 12 months post ART ,No,7eb5cd0b22c14edfbefe02f09a8bc77a,SNNPR,Gedeo,DillaHealthCenter,7050740093
F,35,72,2007-02-11,2007-04-13,2024-09-20,No,No,1j - TDF+3TC+DTG,1j - TDF+3TC+DTG,90,2024-12-19,Alive,2025-01-17,2024-03-12,Suppressed,,2024-03-12,Annual viral load test ,No,81ecc98e0b9a48beb78a78306ebe8e66,SNNPR,Gedeo,DillaHealthCenter,7050740093
F,45,46,2023-10-31,2023-10-31,2024-07-24,No,No,1j - TDF+3TC+DTG,1j - TDF+3TC+DTG,90,2024-10-20,Alive,2024-11-20,2024-06-14,Suppressed,,2024-06-14,First viral load test at 6 months or longer post ART ,No,84926c3557db45b88d7ff68dc43c6c86,SNNPR,Gedeo,DillaHealthCenter,7050740093
M,53,44,2017-10-02,2018-01-03,2024-07-01,,,1j - TDF+3TC+DTG,1j - TDF+3TC+DTG,90,2024-09-29,Alive,2024-10-28,2024-06-14,Suppressed,,2024-06-14,Annual viral load test ,No,84c8bc7df3e04035b4246fbeaff0ac44,SNNPR,Gedeo,DillaHealthCenter,7050740093
F,39,42,2013-04-08,2013-08-06,2024-08-07,No,No,1j - TDF+3TC+DTG,1j - TDF+3TC+DTG,90,2024-11-05,Alive,2024-12-04,2024-04-25,Suppressed,,2024-04-25,Annual viral load test ,No,874ec071b85f429889bf5eed25e3726e,SNNPR,Gedeo,DillaHealthCenter,7050740093
F,48,28,2021-07-14,2021-07-14,2024-06-26,No,No,1j - TDF+3TC+DTG,1j - TDF+3TC+DTG,90,2024-09-24,Alive,2024-10-23,2024-05-15,Suppressed,,2024-05-15,Annual viral load test ,No,87872da2c5fd4295ae9bbb0ceaa9beb8,SNNPR,Gedeo,DillaHealthCenter,7050740093
F,43,48,2017-12-25,2017-12-28,2024-05-15,No,No,1j - TDF+3TC+DTG,1j - TDF+3TC+DTG,180,2024-11-11,Alive,2024-12-10,2024-06-14,Suppressed,,2024-06-14,Annual viral load test ,No,8c92344f43354dfe908e1086d8900d47,SNNPR,Gedeo,DillaHealthCenter,7050740093
F,61,24,2020-04-06,2020-04-06,2024-04-29,No,No,1j - TDF+3TC+DTG,1j - TDF+3TC+DTG,90,2024-07-26,Alive,2024-08-26,2024-06-14,Suppressed,,2024-06-14,Annual viral load test ,No,8c988900c79d46b9bd4b8a97ca0d8c82,SNNPR,Gedeo,DillaHealthCenter,7050740093
F,46,39,2010-10-18,2011-08-05,2024-08-13,No,No,1j - TDF+3TC+DTG,1j - TDF+3TC+DTG,90,2024-11-11,Alive,2024-12-10,2024-06-14,Suppressed,,2024-06-14,Annual viral load test ,No,8d5db0b37d864432aab3e5f1c6ed6da4,SNNPR,Gedeo,DillaHealthCenter,7050740093
F,41,26,2023-03-12,2023-03-12,2024-09-23,No,No,1j - TDF+3TC+DTG,1j - TDF+3TC+DTG,90,2024-12-20,Alive,2025-01-20,2024-04-25,Suppressed,,2024-04-25,First viral load test at 6 months or longer post ART ,No,8de4f7edbe9c4018907a16541b8d50d2,SNNPR,Gedeo,DillaHealthCenter,7050740093
F,51,45,2014-07-31,2014-07-31,2024-03-18,No,No,1j - TDF+3TC+DTG,1j - TDF+3TC+DTG,180,2024-09-12,Alive,2024-10-13,2023-11-16,Suppressed,,2023-11-16,Annual viral load test ,No,8e84656982644d86960bdd4266e2433e,SNNPR,Gedeo,DillaHealthCenter,7050740093
F,48,37,2011-12-15,2013-06-17,2024-08-12,No,No,1j - TDF+3TC+DTG,1j - TDF+3TC+DTG,90,2024-11-10,Alive,2024-12-09,2023-12-30,Suppressed,,2023-12-30,Annual viral load test ,No,90b55a9809ec40238ff54472ffb27bbf,SNNPR,Gedeo,DillaHealthCenter,7050740093
F,57,36,2018-02-28,2018-03-15,2024-03-28,No,,1j - TDF+3TC+DTG,1j - TDF+3TC+DTG,180,2024-09-26,Alive,2024-10-23,2024-05-15,Suppressed,,2024-05-15,Annual viral load test ,No,91edd08801454524a69cc5b039ff8852,SNNPR,Gedeo,DillaHealthCenter,7050740093
F,42,42,2023-01-17,2023-01-17,2024-08-26,No,No,1j - TDF+3TC+DTG,1j - TDF+3TC+DTG,30,2024-09-25,Alive,2024-10-24,2024-03-26,Low-level viremia,181,2024-03-26,First viral load test at 6 months or longer post ART ,No,93dda6e048b04a9a9d9c3d8a3b1eb640,SNNPR,Gedeo,DillaHealthCenter,7050740093
F,52,36,2010-04-06,2010-05-17,2024-04-20,No,No,1j - TDF+3TC+DTG,1j - TDF+3TC+DTG,180,2024-10-17,Alive,2024-11-15,2024-01-17,Suppressed,,2024-01-17,Annual viral load test ,No,942508e53cb94c60addad0f758886066,SNNPR,Gedeo,DillaHealthCenter,7050740093
F,70,42,2019-08-02,2019-08-02,2024-05-02,No,No,1j - TDF+3TC+DTG,1j - TDF+3TC+DTG,180,2024-10-29,Alive,2024-11-27,2023-12-04,Suppressed,,2023-12-04,Annual viral load test ,No,94ab73b49254417b826d5e6236507cda,SNNPR,Gedeo,DillaHealthCenter,7050740093
F,46,31,2023-07-21,2023-07-21,2024-07-12,No,Yes,1j - TDF+3TC+DTG,1j - TDF+3TC+DTG,30,2024-08-09,Alive,2024-09-09,2024-02-13,Suppressed,,2024-02-13,Three months after delivery ,Yes,94b987e946a041d79619ba558d5cf626,SNNPR,Gedeo,DillaHealthCenter,7050740093
F,52,36,2012-08-22,2012-10-09,2024-07-13,No,No,1j - TDF+3TC+DTG,1j - TDF+3TC+DTG,90,2024-10-11,Alive,2024-11-09,2024-02-19,Suppressed,,2024-02-19,Viral load after EAC: confirmatory viral load where initial viral load greater than 1000 copies per ml ,No,94f95fbba9fa4d5eb4daaf192cdeb32e,SNNPR,Gedeo,DillaHealthCenter,7050740093
F,57,32,2022-07-05,2022-07-05,2024-08-27,No,No,1j - TDF+3TC+DTG,1j - TDF+3TC+DTG,90,2024-11-24,Alive,2024-12-24,2024-06-14,Suppressed,,2024-06-14,Annual viral load test ,No,95198c3b6e334a96ab9cf741320a7216,SNNPR,Gedeo,DillaHealthCenter,7050740093
F,44,33,2019-02-20,2019-04-05,2024-08-16,No,No,1j - TDF+3TC+DTG,1j - TDF+3TC+DTG,90,2024-11-14,Alive,2024-12-13,2024-02-19,Suppressed,,2024-02-19,Annual viral load test ,No,98b1f74d3ab54cfa8e0313835e07ce59,SNNPR,Gedeo,DillaHealthCenter,7050740093
F,52,20,2023-02-10,2023-02-10,2024-06-27,No,No,1j - TDF+3TC+DTG,1j - TDF+3TC+DTG,90,2024-09-25,Alive,2024-10-24,2024-02-19,Suppressed,,2024-02-19,First viral load test at 6 months or longer post ART ,No,9a073557f4c541a6a4275d277cd74900,SNNPR,Gedeo,DillaHealthCenter,7050740093
M,74,43,2019-02-08,2019-02-08,2024-08-06,,,1j - TDF+3TC+DTG,1j - TDF+3TC+DTG,180,2025-02-02,Alive,2025-03-03,2024-08-26,Suppressed,,2024-08-26,Annual viral load test ,No,9a5d4fd04954449a9408afb9f481c173,SNNPR,Gedeo,DillaHealthCenter,7050740093
F,58,33,2021-01-12,2021-01-12,2024-06-25,No,No,1j - TDF+3TC+DTG,1j - TDF+3TC+DTG,90,2024-09-23,Alive,2024-10-22,2023-10-31,HIV infection with high viral load,1075668,2023-10-31,Annual viral load test ,No,9b637726ea2f4fb99f2956abf5d0a1b2,SNNPR,Gedeo,DillaHealthCenter,7050740093
F,55,26,2019-05-11,2019-05-11,2024-07-12,No,Yes,1j - TDF+3TC+DTG,1j - TDF+3TC+DTG,30,2024-08-11,Alive,2024-09-09,2024-04-25,Suppressed,,2024-04-25,Every six months until MTCT ends ,Yes,9b9c19bb820046ef8d0ec214490b74e5,SNNPR,Gedeo,DillaHealthCenter,7050740093
M,58,44,2016-01-14,2016-01-28,2024-02-08,,,1j - TDF+3TC+DTG,1j - TDF+3TC+DTG,180,2024-08-06,Alive,2024-09-04,2024-03-26,Suppressed,,2024-03-26,Annual viral load test ,No,9bbdfafbf8e74c42bf535656bd674f19,SNNPR,Gedeo,DillaHealthCenter,7050740093
F,55,43,2009-02-04,2009-10-19,2024-04-09,No,No,1j - TDF+3TC+DTG,1j - TDF+3TC+DTG,180,2024-10-11,Alive,2024-11-04,2024-04-09,Suppressed,,2024-04-09,Annual viral load test ,No,9c768074e8184f3d8445c60edba9248a,SNNPR,Gedeo,DillaHealthCenter,7050740093
F,52,72,2012-11-28,2013-05-08,2024-07-26,No,No,1j - TDF+3TC+DTG,1j - TDF+3TC+DTG,180,2025-01-22,Alive,2025-02-20,2024-03-12,Suppressed,,2024-03-12,Second viral load test at 12 months post ART ,No,9de7c75222024422bc7df003cdb79a0b,SNNPR,Gedeo,DillaHealthCenter,7050740093
F,56,31,2023-06-13,2023-06-13,2024-05-10,No,No,1j - TDF+3TC+DTG,1j - TDF+3TC+DTG,90,2024-08-08,Alive,2024-09-06,2024-06-14,Low-level viremia,748,2024-06-14,First viral load test at 6 months or longer post ART ,No,9ded8171d1684c1d95b0b2839b7c16d2,SNNPR,Gedeo,DillaHealthCenter,7050740093
F,80,38,2015-09-13,2015-09-16,2024-08-10,No,No,1j - TDF+3TC+DTG,1j - TDF+3TC+DTG,90,2024-11-09,Alive,2024-12-07,2024-04-09,Suppressed,20,2024-04-09,Annual viral load test ,No,9e514c39811a48a799d34cf63bf56524,SNNPR,Gedeo,DillaHealthCenter,7050740093
F,44,29,2020-08-31,2020-04-13,2024-09-23,No,No,1j - TDF+3TC+DTG,1j - TDF+3TC+DTG,90,2024-12-20,Alive,2025-01-20,2024-08-26,Low-level viremia,170,2024-08-26,Viral load after EAC: repeat viral load where initial viral load greater than 50 and less than 1000 copies per ml ,No,9e62fcf50af446a99472c58667bbb7a9,SNNPR,Gedeo,DillaHealthCenter,7050740093
F,65,28,2023-02-01,2023-02-01,2024-08-04,No,No,1j - TDF+3TC+DTG,1j - TDF+3TC+DTG,90,2024-11-02,Alive,2024-12-01,2024-02-28,Suppressed,,2024-02-28,First viral load test at 6 months or longer post ART ,No,9f1b6d6165b241c3be86e6a238111167,SNNPR,Gedeo,DillaHealthCenter,7050740093
F,50,31,2024-01-10,2024-01-10,2024-07-31,No,Yes,1j - TDF+3TC+DTG,1j - TDF+3TC+DTG,30,2024-08-28,Alive,2024-09-28,2024-05-15,Suppressed,,2024-05-15,Three months after delivery ,Yes,a0f7d06881b743fa931f8f4bbc360d71,SNNPR,Gedeo,DillaHealthCenter,7050740093
M,67,32,2023-01-11,2023-01-11,2024-03-03,,,1j - TDF+3TC+DTG,1j - TDF+3TC+DTG,180,2024-08-28,Alive,2024-09-28,2023-10-31,Suppressed,,2023-10-31,First viral load test at 6 months or longer post ART ,No,a1a5f185c7aa49788d57168942db90a8,SNNPR,Gedeo,DillaHealthCenter,7050740093
M,50,39,2023-08-01,2023-08-01,2024-07-26,,,1j - TDF+3TC+DTG,1j - TDF+3TC+DTG,30,2024-08-23,Alive,2024-09-23,2024-03-26,Suppressed,,2024-03-26,Annual viral load test ,No,a2268f363708496ba36f6e0e55f325ab,SNNPR,Gedeo,DillaHealthCenter,7050740093
F,39,30,2022-02-08,2022-02-08,2024-08-15,No,No,1j - TDF+3TC+DTG,1j - TDF+3TC+DTG,90,2024-11-13,Alive,2024-12-12,2024-09-04,Suppressed,20,2024-09-04,Annual viral load test ,No,a2c94b54c45844b5b92f4298e6966812,SNNPR,Gedeo,DillaHealthCenter,7050740093
M,59,48,2023-01-03,2023-01-03,2024-08-01,,,1j - TDF+3TC+DTG,1j - TDF+3TC+DTG,90,2024-10-30,Alive,2024-11-28,2024-01-17,Suppressed,,2024-01-17,First viral load test at 6 months or longer post ART ,No,a30638e10cff44d6a1f011ed5ce0d912,SNNPR,Gedeo,DillaHealthCenter,7050740093
F,65,27,2020-04-16,2019-04-16,2024-07-27,No,No,1j - TDF+3TC+DTG,1j - TDF+3TC+DTG,180,2025-01-23,Alive,2025-02-21,2023-12-30,Suppressed,,2023-12-30,Annual viral load test ,No,a4b1305a37794b6cb1a613cd9b533b56,SNNPR,Gedeo,DillaHealthCenter,7050740093
M,,40,2018-08-07,2018-12-28,2024-06-17,,,,,,,Dead,2024-07-16,2024-03-26,Suppressed,,2024-03-26,Viral load after EAC: repeat viral load where initial viral load greater than 50 and less than 1000 copies per ml ,No,a6e410b213c740f383490a3cf44c3e7c,SNNPR,Gedeo,DillaHealthCenter,7050740093
F,60,37,2017-03-06,2021-03-06,2024-08-09,No,No,1j - TDF+3TC+DTG,1j - TDF+3TC+DTG,90,2024-11-07,Alive,2024-12-06,2024-03-26,Suppressed,,2024-03-26,Every six months until MTCT ends ,No,a7db09a624304b448847d73a11439c50,SNNPR,Gedeo,DillaHealthCenter,7050740093
F,54,36,2017-08-23,2017-08-23,2024-07-08,No,No,1j - TDF+3TC+DTG,1j - TDF+3TC+DTG,90,2024-10-06,Alive,2024-11-04,2024-06-27,Suppressed,,2024-06-27,Annual viral load test ,No,a7f9706219dd4213920750c6f76cef16,SNNPR,Gedeo,DillaHealthCenter,7050740093
F,55,27,2021-11-15,2021-11-15,2024-05-29,No,No,1j - TDF+3TC+DTG,1j - TDF+3TC+DTG,90,2024-08-25,Alive,2024-09-25,2024-06-27,Suppressed,,2024-06-27,Annual viral load test ,No,a8bfff54eef0410191ca0028d47175e6,SNNPR,Gedeo,DillaHealthCenter,7050740093
F,43,42,2012-11-30,2012-12-31,2024-06-07,No,No,1j - TDF+3TC+DTG,1j - TDF+3TC+DTG,180,2024-12-04,Alive,2025-01-02,2024-06-27,Suppressed,,2024-06-27,Annual viral load test ,No,a8e2f682e0a24aa0abcc9ea9ca015d75,SNNPR,Gedeo,DillaHealthCenter,7050740093
F,40,57,2018-07-24,2018-08-18,2024-08-16,No,No,1j - TDF+3TC+DTG,1j - TDF+3TC+DTG,90,2024-11-14,Alive,2024-12-13,2024-02-19,Suppressed,,2024-02-19,Annual viral load test ,No,a93c77c87cfe42c28a4c799b979c6340,SNNPR,Gedeo,DillaHealthCenter,7050740093
F,57,46,2008-03-10,2020-02-26,2024-06-25,No,No,1j - TDF+3TC+DTG,1j - TDF+3TC+DTG,90,2024-09-23,Alive,2024-10-22,2023-11-16,Suppressed,,2023-11-16,Second viral load test at 12 months post ART ,No,a9f333806fb24bfd8d514c25a2c8c4d6,SNNPR,Gedeo,DillaHealthCenter,7050740093
F,50,19,2023-06-08,2023-06-08,2024-05-18,No,,1j - TDF+3TC+DTG,1j - TDF+3TC+DTG,90,2024-08-14,Alive,2024-09-14,2024-07-11,Suppressed,,2024-07-11,First viral load test at 6 months or longer post ART ,No,ab746a1859494bb0a679139dfb55821b,SNNPR,Gedeo,DillaHealthCenter,7050740093
F,70,23,2018-05-10,2018-05-10,2024-08-09,No,No,1j - TDF+3TC+DTG,1j - TDF+3TC+DTG,30,2024-09-08,Alive,2024-10-07,2024-04-09,Suppressed,,2024-04-09,At the first antenatal care visit ,No,abcc3e82c4094c83ac518b6a7242c8eb,SNNPR,Gedeo,DillaHealthCenter,7050740093
F,48,38,2021-12-13,2022-01-31,2024-06-27,No,No,1j - TDF+3TC+DTG,1j - TDF+3TC+DTG,90,2024-09-25,Alive,2024-10-24,2023-10-10,Suppressed,,2023-10-10,Second viral load test at 12 months post ART ,No,ac1679dcca8c4c33905c590a3f5cc6ab,SNNPR,Gedeo,DillaHealthCenter,7050740093
F,52,35,2019-11-18,2019-11-18,2024-03-15,No,No,1j - TDF+3TC+DTG,1j - TDF+3TC+DTG,180,2024-09-11,Alive,2024-10-10,2024-04-18,Suppressed,,2024-04-18,Annual viral load test ,No,ae8553b015044d87a1b148e9bb0df3cc,SNNPR,Gedeo,DillaHealthCenter,7050740093
F,59,24,2021-01-22,2021-01-25,2024-08-27,No,Yes,1j - TDF+3TC+DTG,1j - TDF+3TC+DTG,30,2024-09-24,Alive,2024-10-25,2024-04-25,Suppressed,,2024-04-25,At the first antenatal care visit ,Yes,b03dfb37494a417ca7dcf9979957ed25,SNNPR,Gedeo,DillaHealthCenter,7050740093
M,53,31,2023-03-24,2023-03-24,2024-06-25,,,1j - TDF+3TC+DTG,1j - TDF+3TC+DTG,90,2024-09-23,Alive,2024-10-22,2024-06-14,Low-level viremia,263,2024-06-14,First viral load test at 6 months or longer post ART ,No,b1079f1d9b944ed6bcbec495bdd5f3f7,SNNPR,Gedeo,DillaHealthCenter,7050740093
F,70,30,2019-07-08,2019-07-08,2024-09-03,No,No,1j - TDF+3TC+DTG,1j - TDF+3TC+DTG,180,2025-03-01,Alive,2025-03-31,2024-04-09,Suppressed,,2024-04-09,Annual viral load test ,No,b344766d0182458f9dbb547c7201a921,SNNPR,Gedeo,DillaHealthCenter,7050740093
M,42,28,2022-08-09,2022-08-09,2024-06-22,,,1j - TDF+3TC+DTG,1j - TDF+3TC+DTG,90,2024-09-20,Alive,2024-10-19,2024-06-14,Low-level viremia,150,2024-06-14,Viral load after EAC: repeat viral load where initial viral load greater than 50 and less than 1000 copies per ml ,No,b3abfb9aa203486b9e2cefc5e3aa4015,SNNPR,Gedeo,DillaHealthCenter,7050740093
M,66,36,2024-01-10,2024-01-10,2024-07-06,,,1j - TDF+3TC+DTG,1j - TDF+3TC+DTG,90,2024-10-04,Alive,2024-11-02,2024-07-11,Low-level viremia,150,2024-07-11,First viral load test at 6 months or longer post ART ,No,b6049e9735854b0daf7748534d859a8b,SNNPR,Gedeo,DillaHealthCenter,7050740093
M,51,59,2010-11-18,2010-12-06,2024-08-12,,,1j - TDF+3TC+DTG,1j - TDF+3TC+DTG,90,2024-11-12,Alive,2024-12-09,2024-02-13,Suppressed,,2024-02-13,Viral load after EAC: repeat viral load where initial viral load greater than 50 and less than 1000 copies per ml ,No,b62116558eab4b64a91b149d75e4a8e4,SNNPR,Gedeo,DillaHealthCenter,7050740093
M,56,25,2021-07-28,2021-07-28,2024-08-08,,,1j - TDF+3TC+DTG,1j - TDF+3TC+DTG,90,2024-11-11,Alive,2024-12-05,2024-06-14,Suppressed,,2024-06-14,Second viral load test at 12 months post ART ,No,b631651a2db344a1a505ae949ae06316,SNNPR,Gedeo,DillaHealthCenter,7050740093
F,50,23,2021-11-24,2021-11-24,2024-06-26,No,No,1j - TDF+3TC+DTG,1j - TDF+3TC+DTG,90,2024-09-24,Alive,2024-10-23,2024-08-26,HIV infection with high viral load,47242,2024-08-26,Annual viral load test ,No,b631ddd860c4453e858029e09b02b46d,SNNPR,Gedeo,DillaHealthCenter,7050740093
F,54,49,2014-07-07,2014-07-08,2024-09-22,No,No,1j - TDF+3TC+DTG,1j - TDF+3TC+DTG,90,2024-12-19,Alive,2025-01-19,2023-12-04,Suppressed,,2023-12-04,Annual viral load test ,No,b6be6ff923eb4e0b9e8410205a6ef06e,SNNPR,Gedeo,DillaHealthCenter,7050740093
M,65,42,2022-12-30,2022-12-30,2024-05-13,,,1j - TDF+3TC+DTG,1j - TDF+3TC+DTG,90,2024-08-09,Alive,2024-09-09,2024-08-26,Suppressed,,2024-08-26,Second viral load test at 12 months post ART ,No,b92757912c82464b818037235b5683ee,SNNPR,Gedeo,DillaHealthCenter,7050740093
M,40,27,2019-02-11,2019-03-25,2024-08-08,,,1j - TDF+3TC+DTG,1j - TDF+3TC+DTG,60,2024-10-07,Alive,2024-11-05,2024-06-14,HIV infection with high viral load,107115,2024-06-14,Annual viral load test ,No,bcadafad9d364246bdc57e778f418565,SNNPR,Gedeo,DillaHealthCenter,7050740093
M,54,48,2006-01-25,2006-08-09,2024-06-17,,,1j - TDF+3TC+DTG,1j - TDF+3TC+DTG,90,2024-09-15,Alive,2024-10-14,2024-06-14,Suppressed,,2024-06-14,Annual viral load test ,No,bfa567ec0e064295b2796f7a78ce7c5c,SNNPR,Gedeo,DillaHealthCenter,7050740093
M,56,37,2022-10-12,2022-10-12,2024-07-12,,,1j - TDF+3TC+DTG,1j - TDF+3TC+DTG,90,2024-10-11,Alive,2024-11-08,2023-12-04,Suppressed,,2023-12-04,Second viral load test at 12 months post ART ,No,bfb792aa9f034b679c5881658004d532,SNNPR,Gedeo,DillaHealthCenter,7050740093
M,29,10,2023-09-18,2023-10-01,2024-09-16,,,4j - ABC+3TC+DTG,4j - ABC+3TC+DTG,30,2024-10-14,Alive,2024-11-14,2024-03-26,Low-level viremia,69,2024-03-26,First viral load test at 6 months or longer post ART ,No,c0d1f438946f4ef980f65c15aeb24170,SNNPR,Gedeo,DillaHealthCenter,7050740093
M,68,48,2013-12-20,2014-01-06,2024-09-23,,,1j - TDF+3TC+DTG,1j - TDF+3TC+DTG,180,2025-03-19,Alive,2025-04-20,2024-04-18,Suppressed,,2024-04-18,Annual viral load test ,No,c0fc21da1b6844368a41f9942c898873,SNNPR,Gedeo,DillaHealthCenter,7050740093
M,68,46,2010-04-02,2012-01-08,2024-03-07,,,1j - TDF+3TC+DTG,1j - TDF+3TC+DTG,180,2024-09-03,Alive,2024-10-02,2023-12-30,Suppressed,,2023-12-30,Viral load after EAC: repeat viral load where initial viral load greater than 50 and less than 1000 copies per ml ,No,c2b9f136cf9241ad98fb9d4c53b996a9,SNNPR,Gedeo,DillaHealthCenter,7050740093
M,67,51,2018-04-16,2018-04-16,2024-03-30,,,1j - TDF+3TC+DTG,1j - TDF+3TC+DTG,180,2024-09-26,Alive,2024-10-25,2024-06-14,Suppressed,,2024-06-14,Annual viral load test ,No,c2c27fb68fa348f3b5e351f9461523fb,SNNPR,Gedeo,DillaHealthCenter,7050740093
F,60,48,2012-05-06,2012-06-11,2024-08-10,No,No,1j - TDF+3TC+DTG,1j - TDF+3TC+DTG,90,2024-11-09,Alive,2024-12-07,2024-04-25,Suppressed,,2024-04-25,Annual viral load test ,No,c2c3330375eb4394ba759160619aac83,SNNPR,Gedeo,DillaHealthCenter,7050740093
F,48,46,2018-06-25,2018-06-25,2024-08-16,No,No,1j - TDF+3TC+DTG,1j - TDF+3TC+DTG,90,2024-11-14,Alive,2024-12-13,2024-06-14,Suppressed,,2024-06-14,Annual viral load test ,No,c2fb3dae7f144d098358568c6fcc9592,SNNPR,Gedeo,DillaHealthCenter,7050740093
F,69,24,2023-09-18,2023-09-18,2024-07-06,Yes,No,1j - TDF+3TC+DTG,1j - TDF+3TC+DTG,30,2024-08-03,Alive,2024-09-03,2024-03-26,Suppressed,,2024-03-26,At 34-36 weeks of gestation ,Yes,c37798c9b2814cd896dc14832570bf76,SNNPR,Gedeo,DillaHealthCenter,7050740093
F,62,23,2022-12-16,2022-12-16,2024-08-10,No,No,1j - TDF+3TC+DTG,1j - TDF+3TC+DTG,30,2024-09-12,Alive,2024-10-08,2024-03-26,Suppressed,,2024-03-26,At the first antenatal care visit ,No,c3e3811c215e419fa3fb0512ee90f360,SNNPR,Gedeo,DillaHealthCenter,7050740093
M,36,14,2023-03-29,2023-03-29,2024-06-25,,,4j - ABC+3TC+DTG,4j - ABC+3TC+DTG,90,2024-09-22,Alive,2024-10-22,2024-03-26,Suppressed,,2024-03-26,First viral load test at 6 months or longer post ART ,No,c45a0735ded640528c514b9a4fdb86b1,SNNPR,Gedeo,DillaHealthCenter,7050740093
M,69,38,2021-05-24,2021-05-24,2024-02-13,,,1j - TDF+3TC+DTG,1j - TDF+3TC+DTG,180,2024-08-11,Alive,2024-09-09,2024-05-15,Suppressed,,2024-05-15,Annual viral load test ,No,c668f3035d284be98f0049d9bf07eea6,SNNPR,Gedeo,DillaHealthCenter,7050740093
M,54,27,2023-06-22,2023-06-22,2024-06-19,,,1j - TDF+3TC+DTG,1j - TDF+3TC+DTG,90,2024-09-17,Alive,2024-10-16,2024-03-26,Suppressed,,2024-03-26,First viral load test at 6 months or longer post ART ,No,c67503b3c2784e269ffcf74f7eb16c8d,SNNPR,Gedeo,DillaHealthCenter,7050740093
F,56,22,2020-09-17,2020-09-17,2024-07-30,No,No,1j - TDF+3TC+DTG,1j - TDF+3TC+DTG,90,2024-10-28,Alive,2024-11-26,2024-07-11,Suppressed,,2024-07-11,Annual viral load test ,No,c6df42a7bf1f4b718a05d40d186d1352,SNNPR,Gedeo,DillaHealthCenter,7050740093
M,63,31,2022-10-24,2022-10-24,2024-07-01,,,1j - TDF+3TC+DTG,1j - TDF+3TC+DTG,90,2024-09-30,Alive,2024-10-28,2024-08-26,Suppressed,,2024-08-26,First viral load test at 6 months or longer post ART ,No,c779d19e225941a5882169a2c99bd545,SNNPR,Gedeo,DillaHealthCenter,7050740093
F,55,24,2020-08-19,2020-08-19,2024-07-25,No,Yes,1j - TDF+3TC+DTG,1j - TDF+3TC+DTG,30,2024-08-22,Alive,2024-09-22,2024-04-26,Suppressed,,2024-04-26,Viral load after EAC: confirmatory viral load where initial viral load greater than 1000 copies per ml ,Yes,c87cc5619a69464b8a83e9146996d9a8,SNNPR,Gedeo,DillaHealthCenter,7050740093
F,50,50,2007-02-02,2007-02-05,2024-08-16,No,No,1j - TDF+3TC+DTG,1j - TDF+3TC+DTG,90,2024-11-14,Alive,2024-12-13,2024-02-19,Suppressed,,2024-02-19,Annual viral load test ,No,c8b6d9351ff041f59f846908d495dcb8,SNNPR,Gedeo,DillaHealthCenter,7050740093
F,63,21,2024-01-17,2024-01-17,2024-08-04,Yes,No,1j - TDF+3TC+DTG,1j - TDF+3TC+DTG,30,2024-09-01,Alive,2024-10-02,2024-07-11,Suppressed,,2024-07-11,Three months after delivery ,Yes,c8f83354c4ae4fb897af3ec61c86c013,SNNPR,Gedeo,DillaHealthCenter,7050740093
M,72,28,2022-11-10,2022-11-10,2024-05-30,,,1j - TDF+3TC+DTG,1j - TDF+3TC+DTG,90,2024-08-26,Alive,2024-09-26,2023-10-31,HIV infection with high viral load,1469,2023-10-31,First viral load test at 6 months or longer post ART ,No,cbbc5aaa32124510b8cec2b0ebc02d40,SNNPR,Gedeo,DillaHealthCenter,7050740093
F,42,22,2023-01-25,2023-01-25,2024-06-17,No,No,1j - TDF+3TC+DTG,1j - TDF+3TC+DTG,90,2024-09-15,Alive,2024-10-14,2023-10-10,Suppressed,26,2023-10-10,First viral load test at 6 months or longer post ART ,No,cd059ca5fb4e4cbe9a98504393ce299c,SNNPR,Gedeo,DillaHealthCenter,7050740093
F,37,20,2014-02-03,2014-03-04,2024-07-12,No,No,1j - TDF+3TC+DTG,1j - TDF+3TC+DTG,90,2024-10-13,Alive,2024-11-08,2024-04-18,Suppressed,,2024-04-18,Annual viral load test ,No,d02f23d895c54ec9a471cf13641d2f35,SNNPR,Gedeo,DillaHealthCenter,7050740093
F,31,10,2023-07-24,2023-07-24,2024-06-28,,,4j - ABC+3TC+DTG,4j - ABC+3TC+DTG,30,2024-07-28,Alive,2024-08-26,2024-03-12,Suppressed,,2024-03-12,First viral load test at 6 months or longer post ART ,No,d17f7654d9b34c328ac58199e1635c34,SNNPR,Gedeo,DillaHealthCenter,7050740093
M,58,36,2023-03-14,2023-03-14,2024-05-18,,,1j - TDF+3TC+DTG,1j - TDF+3TC+DTG,90,2024-08-16,Alive,2024-09-14,2024-07-11,Suppressed,,2024-07-11,First viral load test at 6 months or longer post ART ,No,d402e1c77aba4f3ba0e85160ecbec4ed,SNNPR,Gedeo,DillaHealthCenter,7050740093
F,54,29,2020-09-02,2020-09-02,2024-06-25,No,No,1j - TDF+3TC+DTG,1j - TDF+3TC+DTG,90,2024-09-23,Alive,2024-10-22,2023-10-31,Suppressed,,2023-10-31,Annual viral load test ,No,d57f9556b14040d3b8d0046d73ab055d,SNNPR,Gedeo,DillaHealthCenter,7050740093
F,46,42,2012-10-22,2015-11-17,2024-05-01,No,No,1j - TDF+3TC+DTG,1j - TDF+3TC+DTG,180,2024-10-31,Alive,2024-11-26,2023-12-30,Suppressed,,2023-12-30,Second viral load test at 12 months post ART ,No,d79a16639925488baa9434f4cfd75b0c,SNNPR,Gedeo,DillaHealthCenter,7050740093
M,53,26,2018-03-21,2018-03-26,2024-09-17,,,1j - TDF+3TC+DTG,1j - TDF+3TC+DTG,30,2024-10-15,Alive,2024-11-15,2024-05-15,HIV infection with high viral load,3622,2024-05-15,Viral load after EAC: repeat viral load where initial viral load greater than 50 and less than 1000 copies per ml ,No,d7ba5e53f22c4ddca6fbe7e4a40ab77d,SNNPR,Gedeo,DillaHealthCenter,7050740093
F,59,32,2017-08-24,2017-08-24,2024-07-18,No,No,1j - TDF+3TC+DTG,1j - TDF+3TC+DTG,180,2025-01-14,Alive,2025-02-12,2024-03-26,Suppressed,,2024-03-26,Six months after the first viral load test at postnatal period ,No,d7ef10bb79da4d71816eb1251b534ef4,SNNPR,Gedeo,DillaHealthCenter,7050740093
M,52,19,2023-12-04,2023-12-04,2024-05-05,,,1j - TDF+3TC+DTG,1j - TDF+3TC+DTG,90,2024-08-03,Alive,2024-09-01,2024-06-14,Low-level viremia,150,2024-06-14,First viral load test at 6 months or longer post ART ,No,db833cc1be3a4e0791ff68c3ddd32f58,SNNPR,Gedeo,DillaHealthCenter,7050740093
F,49,50,2014-11-17,2016-03-04,2024-05-07,No,No,1j - TDF+3TC+DTG,1j - TDF+3TC+DTG,180,2024-11-03,Alive,2024-12-02,2024-06-27,Suppressed,,2024-06-27,Annual viral load test ,No,dc01817a1a30412fa42ef307d04fc1f1,SNNPR,Gedeo,DillaHealthCenter,7050740093
M,55,29,2020-07-01,2020-07-01,2024-07-18,,,1j - TDF+3TC+DTG,1j - TDF+3TC+DTG,90,2024-10-16,Alive,2024-11-14,2024-05-15,Suppressed,,2024-05-15,Annual viral load test ,No,dc9515d36ac14ef9a1a5b47c182b030d,SNNPR,Gedeo,DillaHealthCenter,7050740093
F,49,27,2022-07-13,2022-07-13,2024-08-24,No,No,1j - TDF+3TC+DTG,1j - TDF+3TC+DTG,90,2024-11-19,Alive,2024-12-21,2024-02-19,Suppressed,,2024-02-19,Second viral load test at 12 months post ART ,No,dd028f37e9ee46549a291b6384980032,SNNPR,Gedeo,DillaHealthCenter,7050740093
F,54,26,2023-11-27,2023-11-27,2024-07-23,No,No,1j - TDF+3TC+DTG,1j - TDF+3TC+DTG,90,2024-10-21,Alive,2024-11-19,2024-06-27,Suppressed,,2024-06-27,First viral load test at 6 months or longer post ART ,No,ddd64d501c81428785d709956c28a60f,SNNPR,Gedeo,DillaHealthCenter,7050740093
F,62,27,2015-11-18,2023-11-01,2024-04-23,No,No,1j - TDF+3TC+DTG,1j - TDF+3TC+DTG,180,2024-10-20,Alive,2024-11-18,2023-12-04,Suppressed,,2023-12-04,Annual viral load test ,No,de05b20bd5984e76b9c3cd60959b5668,SNNPR,Gedeo,DillaHealthCenter,7050740093
F,49,28,2021-10-26,2021-10-26,2024-05-28,No,No,1j - TDF+3TC+DTG,1j - TDF+3TC+DTG,90,2024-08-24,Alive,2024-09-24,2024-07-11,Low-level viremia,150,2024-07-11,First viral load test at 6 months or longer post ART ,No,de405f4df9e94e9b9d972fdadd3cf6d3,SNNPR,Gedeo,DillaHealthCenter,7050740093
M,55,21,2023-03-07,2023-03-07,2024-07-01,,,1j - TDF+3TC+DTG,1j - TDF+3TC+DTG,30,2024-07-27,Alive,2024-08-29,2024-03-26,HIV infection with high viral load,11123,2024-03-26,First viral load test at 6 months or longer post ART ,No,def24c057de9494f80d95a84c4a10100,SNNPR,Gedeo,DillaHealthCenter,7050740093
M,48,48,2022-02-21,2022-02-21,2024-07-19,,,1j - TDF+3TC+DTG,1j - TDF+3TC+DTG,90,2024-10-17,Alive,2024-11-15,2024-07-11,Suppressed,,2024-07-11,Annual viral load test ,No,defc18eff4b84f0bbe06dab314d04c7b,SNNPR,Gedeo,DillaHealthCenter,7050740093
F,42,29,2016-07-29,2016-07-29,2024-05-14,No,No,1j - TDF+3TC+DTG,1j - TDF+3TC+DTG,180,2024-11-10,Alive,2024-12-09,2024-06-14,Suppressed,,2024-06-14,Annual viral load test ,No,e3326c52d85d494e9ec7c506131c5054,SNNPR,Gedeo,DillaHealthCenter,7050740093
F,57,42,2017-06-20,2017-06-20,2024-05-16,No,No,1j - TDF+3TC+DTG,1j - TDF+3TC+DTG,90,2024-08-12,Alive,2024-09-12,2024-05-15,Suppressed,,2024-05-15,Annual viral load test ,No,e43187eb2637447d8d24220c5eaab689,SNNPR,Gedeo,DillaHealthCenter,7050740093
F,46,25,2021-08-10,2021-08-10,2024-07-11,No,No,1j - TDF+3TC+DTG,1j - TDF+3TC+DTG,30,2024-08-10,Alive,2024-09-08,2024-02-19,Suppressed,,2024-02-19,Six months after the first viral load test at postnatal period ,No,e48e69af6cdc4b919845e6d19b9fc180,SNNPR,Gedeo,DillaHealthCenter,7050740093
F,61,22,2023-02-13,2023-02-13,2024-07-15,No,No,1j - TDF+3TC+DTG,1j - TDF+3TC+DTG,30,2024-08-12,Alive,2024-09-12,2023-10-31,Suppressed,,2023-10-31,Three months after delivery ,No,e4abf38ef91a4e63a690a460fdd3a2df,SNNPR,Gedeo,DillaHealthCenter,7050740093
F,61,21,2023-09-01,2023-09-01,2024-07-06,No,Yes,1j - TDF+3TC+DTG,1j - TDF+3TC+DTG,30,2024-08-03,Alive,2024-09-03,2024-02-13,Suppressed,,2024-02-13,Three months after delivery ,Yes,e501ccd0a7bb4595af2bd38eca33cac4,SNNPR,Gedeo,DillaHealthCenter,7050740093
F,59,34,2020-10-21,2020-10-21,2024-09-24,No,No,1j - TDF+3TC+DTG,1j - TDF+3TC+DTG,90,2024-12-21,Alive,2025-01-21,2024-02-28,Low-level viremia,170,2024-02-28,Annual viral load test ,No,e5025f996f0d46e2b9254aae8ae9f434,SNNPR,Gedeo,DillaHealthCenter,7050740093
F,43,32,2017-02-23,2017-03-06,2024-07-22,No,No,1j - TDF+3TC+DTG,1j - TDF+3TC+DTG,180,2025-01-18,Alive,2025-02-16,2024-09-04,Suppressed,20,2024-09-04,Annual viral load test ,No,e57e30dffd974bbc999a6431f50de244,SNNPR,Gedeo,DillaHealthCenter,7050740093
M,51,24,2023-09-08,2023-09-15,2024-08-30,,,1j - TDF+3TC+DTG,1j - TDF+3TC+DTG,30,2024-10-07,Alive,2024-10-28,2024-04-09,Low-level viremia,52,2024-04-09,First viral load test at 6 months or longer post ART ,No,e745736042ec474187adf9942cfe0868,SNNPR,Gedeo,DillaHealthCenter,7050740093
F,42,20,2022-06-09,2022-06-09,2024-05-28,No,No,1j - TDF+3TC+DTG,1j - TDF+3TC+DTG,90,2024-08-24,Alive,2024-09-24,2024-03-26,Suppressed,,2024-03-26,Second viral load test at 12 months post ART ,No,e7931f1090434018a9ed737345e0cdf3,SNNPR,Gedeo,DillaHealthCenter,7050740093
M,66,34,2023-05-03,2023-05-03,2024-07-27,,,1j - TDF+3TC+DTG,1j - TDF+3TC+DTG,30,2024-08-24,Alive,2024-09-24,2024-02-19,HIV infection with high viral load,7735,2024-02-19,First viral load test at 6 months or longer post ART ,No,e909661cfb674e4c8e2bc413775868c4,SNNPR,Gedeo,DillaHealthCenter,7050740093
F,60,33,2021-04-07,2021-04-07,2024-08-12,No,No,1j - TDF+3TC+DTG,1j - TDF+3TC+DTG,180,2025-02-08,Alive,2025-03-09,2023-10-10,Suppressed,,2023-10-10,First viral load test at 6 months or longer post ART ,No,ea274debf7ae4749b6c56964196db186,SNNPR,Gedeo,DillaHealthCenter,7050740093
F,49,33,2016-11-24,2016-11-30,2024-04-08,No,No,1j - TDF+3TC+DTG,1j - TDF+3TC+DTG,180,2024-10-05,Alive,2024-11-03,2023-11-27,Suppressed,,2023-11-27,Annual viral load test ,No,ea2db2043c994b44830057721983f580,SNNPR,Gedeo,DillaHealthCenter,7050740093
M,61,33,2023-05-03,2023-05-03,2024-07-25,,,1j - TDF+3TC+DTG,1j - TDF+3TC+DTG,90,2024-10-23,Alive,2024-11-21,2024-09-04,Suppressed,,2024-09-04,Second viral load test at 12 months post ART ,No,ebba57886d0140f8b2195be0eecce4cd,SNNPR,Gedeo,DillaHealthCenter,7050740093
F,52,31,2013-06-13,2013-07-22,2024-08-15,No,No,1j - TDF+3TC+DTG,1j - TDF+3TC+DTG,90,2024-11-13,Alive,2024-12-12,2024-06-27,Suppressed,,2024-06-27,Annual viral load test ,No,edbb962afaf946db8f4abb0a120711ef,SNNPR,Gedeo,DillaHealthCenter,7050740093
F,64,34,2010-08-06,2014-03-27,2024-06-28,No,No,1j - TDF+3TC+DTG,1j - TDF+3TC+DTG,90,2024-09-26,Alive,2024-10-25,2024-09-04,Suppressed,,2024-09-04,Annual viral load test ,No,ee8cde468ca140108163086211007803,SNNPR,Gedeo,DillaHealthCenter,7050740093
M,60,70,2011-09-05,2011-09-14,2024-08-27,,,1j - TDF+3TC+DTG,1j - TDF+3TC+DTG,90,2024-11-22,Alive,2024-12-24,2024-04-25,Suppressed,,2024-04-25,Viral load after EAC: confirmatory viral load where initial viral load greater than 1000 copies per ml ,No,ef9a1d420ec84edcb2d4fa739054461e,SNNPR,Gedeo,DillaHealthCenter,7050740093
F,63,41,2013-01-12,2013-10-03,2024-08-01,No,No,1j - TDF+3TC+DTG,1j - TDF+3TC+DTG,90,2024-10-30,Alive,2024-11-28,2024-06-14,Suppressed,,2024-06-14,Annual viral load test ,No,f06c1b8dc8e943d794ca9a93b11c99b4,SNNPR,Gedeo,DillaHealthCenter,7050740093
M,56,33,2021-12-14,2021-12-16,2024-08-29,,,1j - TDF+3TC+DTG,1j - TDF+3TC+DTG,30,2024-09-26,Alive,2024-10-27,2024-04-18,HIV infection with high viral load,86600,2024-04-18,Second viral load test at 12 months post ART ,No,f1e473fa56c74665b16acc6097444a3e,SNNPR,Gedeo,DillaHealthCenter,7050740093
M,54,35,2019-01-31,2019-02-07,2024-08-15,,,1j - TDF+3TC+DTG,1j - TDF+3TC+DTG,90,2024-11-13,Alive,2024-12-12,2024-06-14,Suppressed,,2024-06-14,Annual viral load test ,No,f30051f61ef5486c9e5b6e1646d181ff,SNNPR,Gedeo,DillaHealthCenter,7050740093
F,64,27,2021-04-27,2021-04-27,2024-08-16,Yes,No,1j - TDF+3TC+DTG,1j - TDF+3TC+DTG,30,2024-09-12,Alive,2024-10-14,2024-04-18,Suppressed,,2024-04-18,Viral load after EAC: repeat viral load where initial viral load greater than 50 and less than 1000 copies per ml ,Yes,f32f4048ae1140bdaa868513d782133e,SNNPR,Gedeo,DillaHealthCenter,7050740093
F,49,40,2020-06-12,2020-06-22,2024-09-16,No,No,1j - TDF+3TC+DTG,1j - TDF+3TC+DTG,90,2024-12-15,Alive,2025-01-13,2024-08-26,Suppressed,,2024-08-26,Annual viral load test ,No,f3dcc72884ec4d4da51e193199f7aeb1,SNNPR,Gedeo,DillaHealthCenter,7050740093
F,87,40,2013-07-30,2013-07-30,2024-04-23,No,No,1j - TDF+3TC+DTG,1j - TDF+3TC+DTG,180,2024-10-20,Alive,2024-11-18,2023-10-31,Suppressed,,2023-10-31,Annual viral load test ,No,f5633042888e40739f645c7c6bc576f2,SNNPR,Gedeo,DillaHealthCenter,7050740093
F,50,41,2013-11-05,2013-11-05,2024-08-16,No,No,1j - TDF+3TC+DTG,1j - TDF+3TC+DTG,90,2024-11-14,Alive,2024-12-13,2024-02-19,Suppressed,,2024-02-19,Annual viral load test ,No,f8b071f5ec8c4bd2b016b957fb53d6d5,SNNPR,Gedeo,DillaHealthCenter,7050740093
F,34,13,2024-01-24,2024-02-08,2024-09-02,No,No,4j - ABC+3TC+DTG,4j - ABC+3TC+DTG,90,2024-12-01,Alive,2024-12-30,2024-08-26,Suppressed,,2024-08-26,First viral load test at 6 months or longer post ART ,No,f8da79586b6d4e9e890360bc1bbf5a76,SNNPR,Gedeo,DillaHealthCenter,7050740093
M,43,45,2004-11-16,2012-07-26,2024-08-10,,,1j - TDF+3TC+DTG,1j - TDF+3TC+DTG,90,2024-11-09,Alive,2024-12-07,2023-10-31,Suppressed,,2023-10-31,Annual viral load test ,No,f9d72e4464d64639acdaea8d2c2c6e4d,SNNPR,Gedeo,DillaHealthCenter,7050740093
F,45,38,2016-05-14,2016-06-09,2024-07-24,No,No,1j - TDF+3TC+DTG,1j - TDF+3TC+DTG,90,2024-10-22,Alive,2024-11-20,2024-06-14,Suppressed,,2024-06-14,Annual viral load test ,No,fbcb985b76a94bcc9936370899c7c218,SNNPR,Gedeo,DillaHealthCenter,7050740093
F,49,21,2022-07-26,2022-07-26,2024-05-28,No,No,1j - TDF+3TC+DTG,1j - TDF+3TC+DTG,90,2024-08-24,Alive,2024-09-24,2023-10-10,HIV infection with high viral load,40900,2023-10-10,Viral load after EAC: confirmatory viral load where initial viral load greater than 1000 copies per ml ,No,fc9b94c0a04f44679f263412cc89b38e,SNNPR,Gedeo,DillaHealthCenter,7050740093
M,70,26,2023-09-18,2023-10-18,2024-09-13,,,1j - TDF+3TC+DTG,1j - TDF+3TC+DTG,90,2024-12-10,Alive,2025-01-10,2024-04-18,Suppressed,,2024-04-18,First viral load test at 6 months or longer post ART ,No,fcbe77ea54c14bfcbd98669d8e99044c,SNNPR,Gedeo,DillaHealthCenter,7050740093
F,50,23,2021-08-03,2021-08-03,2024-08-14,No,No,1j - TDF+3TC+DTG,1j - TDF+3TC+DTG,180,2025-02-10,Alive,2025-03-11,2024-03-12,Suppressed,,2024-03-12,Annual viral load test ,No,fd7902b254b64e73a58a26b5ac0aade6,SNNPR,Gedeo,DillaHealthCenter,7050740093
M,55,39,2021-03-04,2021-03-04,2024-08-20,,,1j - TDF+3TC+DTG,1j - TDF+3TC+DTG,30,2024-09-19,Alive,2024-10-18,2024-09-04,Suppressed,,2024-09-04,Viral load after EAC: confirmatory viral load where initial viral load greater than 1000 copies per ml ,No,fe81da5c571246b3b4da99d94abfa751,SNNPR,Gedeo,DillaHealthCenter,7050740093
F,42,25,2016-10-25,2017-09-20,2024-08-05,No,No,1j - TDF+3TC+DTG,1j - TDF+3TC+DTG,30,2024-09-02,Alive,2024-10-03,2024-02-19,Suppressed,,2024-02-19,Six months after the first viral load test at postnatal period ,No,fec9f1642ffc40559db63239abe17a42,SNNPR,Gedeo,DillaHealthCenter,7050740093
